# Blender 3.4.1
# www.blender.org
mtllib AK47.mtl
g AK47_AK47
v -0.478911 -0.527587 0.024736
v -0.036941 0.195769 0.024736
v -0.478911 -0.527587 -0.024736
v -0.036941 0.195769 -0.024736
v -0.295010 -0.797994 0.024736
v 0.308670 0.174793 0.024736
v -0.295010 -0.797994 -0.024736
v 0.308670 0.174793 -0.024736
v -0.446875 -0.494584 0.032982
v -0.416110 -0.470709 0.032982
v -0.371075 -0.434473 0.032982
v -0.327317 -0.396107 0.032982
v -0.280323 -0.348625 0.032982
v -0.236395 -0.297054 0.032982
v -0.195960 -0.243012 0.032982
v -0.159871 -0.185903 0.032982
v -0.128123 -0.128920 0.032982
v -0.099455 -0.071361 0.032982
v -0.076952 -0.013264 0.032982
v -0.057114 0.055032 0.032982
v -0.046232 0.109098 0.032982
v -0.040748 0.158625 0.032982
v -0.040748 0.158625 -0.032982
v -0.046232 0.109098 -0.032982
v -0.057114 0.055032 -0.032982
v -0.076952 -0.013264 -0.032982
v -0.099455 -0.071361 -0.032982
v -0.128123 -0.128920 -0.032982
v -0.159871 -0.185903 -0.032982
v -0.195960 -0.243012 -0.032982
v -0.236395 -0.297054 -0.032982
v -0.280323 -0.348625 -0.032982
v -0.327317 -0.396107 -0.032982
v -0.371075 -0.434473 -0.032982
v -0.416110 -0.470709 -0.032982
v -0.446875 -0.494584 -0.032982
v 0.306423 0.123292 -0.032982
v 0.298363 0.054678 -0.032982
v 0.286038 -0.013959 -0.032982
v 0.268088 -0.082665 -0.032982
v 0.244968 -0.151322 -0.032982
v 0.214752 -0.223508 -0.032982
v 0.174065 -0.308197 -0.032982
v 0.126928 -0.392250 -0.032982
v 0.065216 -0.482506 -0.032982
v -0.000681 -0.566744 -0.032982
v -0.065463 -0.638457 -0.032982
v -0.131784 -0.701224 -0.032982
v -0.193518 -0.754655 -0.032982
v -0.234045 -0.785648 -0.032982
v 0.306423 0.123292 0.032982
v 0.298363 0.054678 0.032982
v 0.286038 -0.013959 0.032982
v 0.268088 -0.082665 0.032982
v 0.244968 -0.151322 0.032982
v 0.214752 -0.223508 0.032982
v 0.174065 -0.308197 0.032982
v 0.126928 -0.392250 0.032982
v 0.065216 -0.482505 0.032982
v -0.000681 -0.566744 0.032982
v -0.065463 -0.638457 0.032982
v -0.131784 -0.701224 0.032982
v -0.193518 -0.754655 0.032982
v -0.234045 -0.785648 0.032982
v -0.465092 -0.508040 -0.032982
v -0.477146 -0.518012 -0.032982
v -0.479639 -0.523297 -0.032982
v -0.255345 -0.797851 -0.032982
v -0.271746 -0.803463 -0.032982
v -0.285008 -0.802453 -0.032982
v -0.255345 -0.797851 0.032982
v -0.271746 -0.803463 0.032982
v -0.285008 -0.802453 0.032982
v -0.479639 -0.523297 0.032982
v -0.477146 -0.518012 0.032982
v -0.465092 -0.508040 0.032982
v -0.449013 -0.572019 -0.032982
v 0.019793 0.196738 -0.032982
v -0.449013 -0.572019 0.032982
v 0.019793 0.196738 0.032982
v -0.412271 -0.541908 0.049473
v -0.379919 -0.516875 0.049473
v -0.332169 -0.477843 0.049473
v -0.284743 -0.435510 0.049473
v -0.234856 -0.384088 0.049473
v -0.187357 -0.327206 0.049473
v -0.143463 -0.267276 0.049473
v -0.105577 -0.205786 0.049473
v -0.072375 -0.144299 0.049473
v -0.043456 -0.084362 0.049473
v -0.020853 -0.024548 0.049473
v -0.001322 0.043815 0.049473
v 0.009795 0.100250 0.049473
v 0.015698 0.152880 0.049473
v -0.412271 -0.541908 -0.049473
v -0.379919 -0.516875 -0.049473
v -0.332169 -0.477843 -0.049473
v -0.284743 -0.435510 -0.049473
v -0.234856 -0.384088 -0.049473
v -0.187357 -0.327206 -0.049473
v -0.143463 -0.267276 -0.049473
v -0.105577 -0.205786 -0.049473
v -0.072375 -0.144299 -0.049473
v -0.043456 -0.084362 -0.049473
v -0.020853 -0.024548 -0.049473
v -0.001322 0.043815 -0.049473
v 0.009795 0.100250 -0.049473
v 0.015698 0.152880 -0.049473
v -0.447994 -0.568684 -0.049473
v -0.443751 -0.564423 -0.049473
v -0.430989 -0.555160 -0.049473
v -0.447994 -0.568684 0.049473
v -0.443751 -0.564423 0.049473
v -0.430989 -0.555160 0.049473
v 0.246681 0.184010 -0.032982
v -0.329002 -0.748955 0.032982
v -0.272815 -0.732626 -0.049473
v -0.234067 -0.702929 -0.049473
v -0.175375 -0.652631 -0.049473
v -0.113165 -0.594309 -0.049473
v -0.051623 -0.527010 -0.049473
v 0.010273 -0.448722 -0.049473
v 0.068109 -0.365064 -0.049473
v 0.113233 -0.285919 -0.049473
v 0.152292 -0.206277 -0.049473
v 0.182225 -0.136756 -0.049473
v 0.205233 -0.070023 -0.049473
v 0.223527 -0.001391 -0.049473
v 0.235589 0.064591 -0.049473
v 0.243180 0.129729 -0.049473
v -0.320463 -0.751600 -0.049473
v -0.309163 -0.751463 -0.049473
v -0.293554 -0.745057 -0.049473
v -0.329002 -0.748955 -0.032982
v 0.246681 0.184010 0.032982
v -0.272816 -0.732626 0.049473
v -0.234067 -0.702929 0.049473
v -0.175375 -0.652631 0.049473
v -0.113165 -0.594309 0.049473
v -0.051623 -0.527010 0.049473
v 0.010273 -0.448722 0.049473
v 0.068109 -0.365064 0.049473
v 0.113233 -0.285919 0.049473
v 0.152292 -0.206277 0.049473
v 0.182225 -0.136756 0.049473
v 0.205233 -0.070023 0.049473
v 0.223527 -0.001391 0.049473
v 0.235589 0.064591 0.049473
v 0.243180 0.129729 0.049473
v -0.320463 -0.751600 0.049473
v -0.309163 -0.751463 0.049473
v -0.293554 -0.745057 0.049473
v -0.478833 -0.527934 -0.000000
v -0.038401 0.181821 0.031569
v -0.036654 0.198483 0.000000
v -0.479271 -0.525860 -0.031570
v -0.475090 -0.533513 -0.031570
v 0.299180 0.180081 -0.031569
v -0.291035 -0.800150 -0.031569
v -0.295414 -0.798101 -0.000000
v 0.309387 0.178515 0.000000
v -0.291035 -0.800150 0.031570
v -0.301026 -0.790016 0.031569
v -0.029542 0.198795 0.031569
v -0.456966 -0.502049 0.032982
v -0.433585 -0.484406 0.032982
v -0.394295 -0.453357 0.032982
v -0.349164 -0.415897 0.032982
v -0.303980 -0.373388 0.032982
v -0.257816 -0.323095 0.032982
v -0.215730 -0.270448 0.032982
v -0.177309 -0.214617 0.032982
v -0.143615 -0.157460 0.032982
v -0.113141 -0.099955 0.032982
v -0.087710 -0.043423 0.032982
v -0.066343 0.021114 0.032982
v -0.050569 0.083767 0.032982
v -0.043214 0.133861 0.032982
v -0.038401 0.181821 -0.031569
v -0.043214 0.133861 -0.032982
v -0.050569 0.083767 -0.032982
v -0.066343 0.021114 -0.032982
v -0.087710 -0.043423 -0.032982
v -0.113141 -0.099956 -0.032982
v -0.143615 -0.157460 -0.032982
v -0.177309 -0.214617 -0.032982
v -0.215730 -0.270448 -0.032982
v -0.257816 -0.323095 -0.032982
v -0.303980 -0.373388 -0.032982
v -0.349164 -0.415897 -0.032982
v -0.394295 -0.453357 -0.032982
v -0.433585 -0.484406 -0.032982
v 0.308440 0.155436 -0.031569
v 0.302951 0.088985 -0.032982
v 0.292816 0.020368 -0.032982
v 0.277755 -0.048311 -0.032982
v 0.257193 -0.116999 -0.032982
v 0.231108 -0.186089 -0.032982
v 0.195338 -0.265137 -0.032982
v 0.151877 -0.349959 -0.032982
v 0.097505 -0.437062 -0.032982
v 0.032191 -0.526083 -0.032982
v -0.033047 -0.604036 -0.032982
v -0.098491 -0.670691 -0.032982
v -0.164350 -0.729957 -0.032982
v -0.216791 -0.773147 -0.032982
v 0.308440 0.155436 0.031569
v 0.302951 0.088985 0.032982
v 0.292815 0.020368 0.032982
v 0.277755 -0.048311 0.032982
v 0.257193 -0.116999 0.032982
v 0.231108 -0.186089 0.032982
v 0.195338 -0.265137 0.032982
v 0.151877 -0.349959 0.032982
v 0.097505 -0.437062 0.032982
v 0.032191 -0.526083 0.032982
v -0.033047 -0.604036 0.032982
v -0.098491 -0.670691 0.032982
v -0.164350 -0.729957 0.032982
v -0.216791 -0.773147 0.032982
v -0.442549 -0.500500 0.047412
v -0.411586 -0.476479 0.047412
v -0.366211 -0.439894 0.047412
v -0.321996 -0.401032 0.047412
v -0.274639 -0.353058 0.047412
v -0.230265 -0.300823 0.047412
v -0.189398 -0.246045 0.047412
v -0.153084 -0.188388 0.047412
v -0.121154 -0.130842 0.047412
v -0.092455 -0.072986 0.047412
v -0.069940 -0.014675 0.047412
v -0.050140 0.053630 0.047412
v -0.039229 0.107992 0.047412
v -0.033692 0.157906 0.047412
v -0.233264 -0.786717 -0.000000
v -0.192701 -0.755697 -0.000000
v -0.130905 -0.702203 -0.000000
v -0.064502 -0.639347 -0.000000
v 0.000345 -0.567545 -0.000000
v 0.066323 -0.483186 -0.000000
v 0.128114 -0.392798 -0.000000
v 0.175291 -0.308646 -0.000000
v 0.216011 -0.223855 -0.000000
v 0.246232 -0.151615 -0.000000
v 0.269355 -0.082920 -0.000000
v 0.287298 -0.014212 -0.000000
v 0.299628 0.054478 0.000000
v 0.307698 0.123163 0.000000
v -0.240454 -0.776883 -0.047412
v -0.200221 -0.746104 -0.047412
v -0.138990 -0.693191 -0.047412
v -0.073349 -0.631159 -0.047412
v -0.009102 -0.560175 -0.047412
v 0.056134 -0.476921 -0.047412
v 0.117205 -0.387756 -0.047412
v 0.164009 -0.304514 -0.047412
v 0.204427 -0.220660 -0.047412
v 0.234596 -0.148914 -0.047412
v 0.257698 -0.080575 -0.047412
v 0.275705 -0.011882 -0.047412
v 0.287986 0.056316 -0.047412
v 0.295969 0.124356 -0.047412
v -0.446875 -0.494584 -0.000000
v -0.416110 -0.470709 -0.000000
v -0.371075 -0.434473 -0.000000
v -0.327317 -0.396107 -0.000000
v -0.280323 -0.348625 -0.000000
v -0.236395 -0.297054 -0.000000
v -0.195960 -0.243012 -0.000000
v -0.159871 -0.185903 -0.000000
v -0.128123 -0.128920 -0.000000
v -0.099455 -0.071361 -0.000000
v -0.076952 -0.013264 -0.000000
v -0.057114 0.055032 0.000000
v -0.046232 0.109098 0.000000
v -0.040748 0.158625 0.000000
v -0.456966 -0.502049 -0.032982
v -0.472109 -0.513532 -0.032982
v -0.479344 -0.520956 -0.032982
v -0.246122 -0.793211 -0.032982
v -0.263877 -0.801334 -0.032982
v -0.278642 -0.803744 -0.032982
v -0.246122 -0.793211 0.032982
v -0.263877 -0.801333 0.032982
v -0.278642 -0.803744 0.032982
v -0.479271 -0.525860 0.031569
v -0.479344 -0.520956 0.032982
v -0.472109 -0.513532 0.032982
v -0.479639 -0.523297 -0.000000
v -0.477146 -0.518012 -0.000000
v -0.465092 -0.508040 -0.000000
v -0.290869 -0.794046 -0.047412
v -0.277932 -0.794867 -0.047412
v -0.261661 -0.789124 -0.047412
v -0.284294 -0.803477 -0.000000
v -0.270992 -0.804511 -0.000000
v -0.254575 -0.798915 -0.000000
v -0.475683 -0.528971 0.047412
v -0.472972 -0.523813 0.047412
v -0.460829 -0.513930 0.047412
v -0.389344 -0.659991 -0.032982
v -0.029542 0.198795 -0.031569
v -0.475090 -0.533513 0.031569
v 0.132601 0.190410 0.032982
v -0.342934 -0.636733 0.049473
v -0.307402 -0.609381 0.049473
v -0.254211 -0.564747 0.049473
v -0.199435 -0.514464 0.049473
v -0.143753 -0.455149 0.049473
v -0.089096 -0.387624 0.049473
v -0.038270 -0.315896 0.049473
v 0.003215 -0.245628 0.049473
v 0.039329 -0.175114 0.049473
v 0.068752 -0.110412 0.049473
v 0.091557 -0.047158 0.049473
v 0.110473 0.021339 0.049473
v 0.122060 0.082521 0.049473
v 0.128802 0.141369 0.049473
v -0.442549 -0.500500 -0.047412
v -0.411586 -0.476479 -0.047412
v -0.366211 -0.439894 -0.047412
v -0.321996 -0.401032 -0.047412
v -0.274639 -0.353058 -0.047412
v -0.230265 -0.300823 -0.047412
v -0.189398 -0.246045 -0.047412
v -0.153084 -0.188388 -0.047412
v -0.121154 -0.130843 -0.047412
v -0.092455 -0.072987 -0.047412
v -0.069940 -0.014675 -0.047412
v -0.050140 0.053630 -0.047412
v -0.039229 0.107992 -0.047412
v -0.033692 0.157906 -0.047412
v -0.475683 -0.528971 -0.047412
v -0.472972 -0.523813 -0.047412
v -0.460829 -0.513930 -0.047412
v -0.384586 -0.659630 0.049473
v -0.376834 -0.657419 0.049473
v -0.362657 -0.649576 0.049473
v -0.438253 -0.560325 0.049473
v -0.446712 -0.566934 0.049473
v -0.448664 -0.570521 0.047412
v -0.438253 -0.560325 -0.049473
v -0.446712 -0.566934 -0.049473
v -0.448664 -0.570521 -0.047412
v 0.013068 0.126565 -0.049473
v 0.005261 0.073459 -0.049473
v -0.010397 0.009826 -0.049473
v -0.031633 -0.055386 -0.049473
v -0.057170 -0.113960 -0.049473
v -0.088505 -0.174967 -0.049473
v -0.123787 -0.236622 -0.049473
v -0.164802 -0.297537 -0.049473
v -0.210664 -0.356098 -0.049473
v -0.259929 -0.410889 -0.049473
v -0.308408 -0.457323 -0.049473
v -0.356909 -0.498329 -0.049473
v -0.398337 -0.531352 -0.049473
v -0.422686 -0.549388 -0.049473
v 0.013068 0.126565 0.049473
v 0.005261 0.073459 0.049473
v -0.010397 0.009826 0.049473
v -0.031633 -0.055386 0.049473
v -0.057170 -0.113960 0.049473
v -0.088505 -0.174967 0.049473
v -0.123787 -0.236622 0.049473
v -0.164802 -0.297537 0.049473
v -0.210664 -0.356098 0.049473
v -0.259929 -0.410889 0.049473
v -0.308408 -0.457323 0.049473
v -0.356909 -0.498329 0.049473
v -0.398337 -0.531352 0.049473
v -0.422686 -0.549388 0.049473
v 0.020401 0.203317 0.000000
v -0.449124 -0.572559 -0.000000
v 0.018067 0.178098 0.047412
v 0.018067 0.178098 -0.047412
v 0.132601 0.190410 -0.032982
v -0.389344 -0.659991 0.032982
v -0.342934 -0.636733 -0.049473
v -0.307402 -0.609381 -0.049473
v -0.254211 -0.564747 -0.049473
v -0.199435 -0.514464 -0.049473
v -0.143753 -0.455149 -0.049473
v -0.089096 -0.387624 -0.049473
v -0.038270 -0.315896 -0.049473
v 0.003215 -0.245628 -0.049473
v 0.039329 -0.175114 -0.049473
v 0.068752 -0.110412 -0.049473
v 0.091557 -0.047158 -0.049473
v 0.110473 0.021339 -0.049473
v 0.122060 0.082520 -0.049473
v 0.128802 0.141369 -0.049473
v -0.384586 -0.659630 -0.049473
v -0.376834 -0.657419 -0.049473
v -0.362657 -0.649576 -0.049473
v -0.301026 -0.790016 -0.031569
v 0.299180 0.180081 0.031570
v -0.240454 -0.776883 0.047412
v -0.200221 -0.746105 0.047412
v -0.138990 -0.693191 0.047412
v -0.073349 -0.631159 0.047412
v -0.009102 -0.560176 0.047412
v 0.056134 -0.476921 0.047412
v 0.117205 -0.387756 0.047412
v 0.164009 -0.304514 0.047412
v 0.204427 -0.220660 0.047412
v 0.234596 -0.148914 0.047412
v 0.257698 -0.080575 0.047412
v 0.275705 -0.011882 0.047412
v 0.287986 0.056316 0.047412
v 0.295969 0.124356 0.047412
v -0.290869 -0.794046 0.047412
v -0.277932 -0.794867 0.047412
v -0.261661 -0.789124 0.047412
v 0.245411 0.160940 0.047412
v 0.247097 0.192152 0.000000
v -0.284531 -0.740171 0.049473
v -0.256284 -0.720548 0.049473
v -0.206239 -0.679570 0.049473
v -0.144155 -0.624276 0.049473
v -0.082402 -0.562020 0.049473
v -0.020639 -0.489105 0.049473
v 0.040444 -0.406710 0.049473
v 0.091911 -0.325304 0.049473
v 0.133592 -0.245522 0.049473
v 0.168397 -0.170399 0.049473
v 0.194363 -0.103596 0.049473
v 0.215072 -0.035664 0.049473
v 0.230262 0.031917 0.049473
v 0.239891 0.097160 0.049473
v -0.325375 -0.750234 0.047412
v -0.315203 -0.752229 0.049473
v -0.301810 -0.748906 0.049473
v -0.301810 -0.748906 -0.049473
v -0.315203 -0.752229 -0.049473
v -0.325375 -0.750234 -0.047412
v 0.239891 0.097160 -0.049473
v 0.230262 0.031917 -0.049473
v 0.215072 -0.035664 -0.049473
v 0.194363 -0.103596 -0.049473
v 0.168397 -0.170399 -0.049473
v 0.133592 -0.245522 -0.049473
v 0.091911 -0.325304 -0.049473
v 0.040444 -0.406710 -0.049473
v -0.020639 -0.489105 -0.049473
v -0.082402 -0.562020 -0.049473
v -0.144155 -0.624276 -0.049473
v -0.206239 -0.679570 -0.049473
v -0.256284 -0.720548 -0.049473
v -0.284531 -0.740171 -0.049473
v -0.330282 -0.748481 -0.000000
v 0.245411 0.160940 -0.047412
v -0.038373 0.182088 0.000000
v 0.298133 0.156775 -0.045426
v 0.309679 0.155713 0.000000
v -0.031308 0.181690 0.045426
v -0.302484 -0.789380 -0.000000
v -0.028920 0.204786 0.000000
v -0.452681 -0.507967 0.047412
v -0.429179 -0.490274 0.047412
v -0.389622 -0.458979 0.047412
v -0.344069 -0.421075 0.047412
v -0.298474 -0.378076 0.047412
v -0.251922 -0.327220 0.047412
v -0.209364 -0.273834 0.047412
v -0.170618 -0.217368 0.047412
v -0.136726 -0.159648 0.047412
v -0.106145 -0.101706 0.047412
v -0.080701 -0.044919 0.047412
v -0.059350 0.019703 0.047412
v -0.043590 0.082479 0.047412
v -0.036179 0.132949 0.047412
v -0.245348 -0.794280 -0.000000
v -0.215995 -0.774207 -0.000000
v -0.163506 -0.730972 -0.000000
v -0.097571 -0.671627 -0.000000
v -0.032052 -0.604883 -0.000000
v 0.033255 -0.526828 -0.000000
v 0.098655 -0.437673 -0.000000
v 0.153086 -0.350456 -0.000000
v 0.196582 -0.265533 -0.000000
v 0.232372 -0.186405 -0.000000
v 0.258459 -0.117269 -0.000000
v 0.279019 -0.048566 -0.000000
v 0.294076 0.020135 0.000000
v 0.304222 0.088820 0.000000
v -0.252471 -0.784443 -0.047412
v -0.223319 -0.764452 -0.047412
v -0.171274 -0.721628 -0.047412
v -0.106040 -0.663019 -0.047412
v -0.041205 -0.597091 -0.047412
v 0.023458 -0.519970 -0.047412
v 0.088073 -0.432045 -0.047412
v 0.141965 -0.345884 -0.047412
v 0.185131 -0.261895 -0.047412
v 0.220742 -0.183496 -0.047412
v 0.246806 -0.114783 -0.047412
v 0.267393 -0.046220 -0.047412
v 0.282475 0.022277 -0.047412
v 0.292527 0.090336 -0.047412
v -0.456966 -0.502049 -0.000000
v -0.433585 -0.484406 -0.000000
v -0.394295 -0.453357 -0.000000
v -0.349164 -0.415897 -0.000000
v -0.303980 -0.373388 -0.000000
v -0.257816 -0.323095 -0.000000
v -0.215730 -0.270448 -0.000000
v -0.177309 -0.214617 -0.000000
v -0.143615 -0.157460 -0.000000
v -0.113141 -0.099955 -0.000000
v -0.087710 -0.043423 -0.000000
v -0.066343 0.021114 0.000000
v -0.050569 0.083767 0.000000
v -0.043214 0.133861 0.000000
v -0.479264 -0.525894 -0.000000
v -0.479344 -0.520956 -0.000000
v -0.472109 -0.513532 -0.000000
v -0.296744 -0.791933 -0.045426
v -0.284685 -0.795228 -0.047412
v -0.270147 -0.792667 -0.047412
v -0.290441 -0.801085 -0.000000
v -0.277905 -0.804782 -0.000000
v -0.263112 -0.802390 -0.000000
v -0.475436 -0.531485 0.045426
v -0.475265 -0.526703 0.047412
v -0.467877 -0.519382 0.047412
v -0.370414 -0.654087 0.049473
v -0.381326 -0.659062 0.049473
v -0.387365 -0.659874 0.047412
v -0.467877 -0.519382 -0.047412
v -0.475265 -0.526703 -0.047412
v -0.475436 -0.531485 -0.045426
v -0.036179 0.132949 -0.047412
v -0.043590 0.082479 -0.047412
v -0.059350 0.019703 -0.047412
v -0.080701 -0.044919 -0.047412
v -0.106145 -0.101706 -0.047412
v -0.136726 -0.159648 -0.047412
v -0.170618 -0.217368 -0.047412
v -0.209364 -0.273834 -0.047412
v -0.251922 -0.327220 -0.047412
v -0.298474 -0.378076 -0.047412
v -0.344070 -0.421075 -0.047412
v -0.389622 -0.458979 -0.047412
v -0.429179 -0.490275 -0.047412
v -0.452681 -0.507967 -0.047412
v 0.125844 0.111945 0.049473
v 0.117131 0.052805 0.049473
v 0.101706 -0.012791 0.049473
v 0.080732 -0.079356 0.049473
v 0.054982 -0.142021 0.049473
v 0.021921 -0.210047 0.049473
v -0.016542 -0.280715 0.049473
v -0.062754 -0.351818 0.049473
v -0.116184 -0.422229 0.049473
v -0.171663 -0.486031 0.049473
v -0.226742 -0.540332 0.049473
v -0.281996 -0.588441 0.049473
v -0.327708 -0.625420 0.049473
v -0.353995 -0.644245 0.049473
v 0.133114 0.197766 0.000000
v -0.474954 -0.534242 -0.000000
v 0.131102 0.169568 0.047412
v -0.031308 0.181690 -0.045426
v 0.298133 0.156775 0.045426
v 0.299592 0.188239 0.000000
v -0.252471 -0.784443 0.047412
v -0.223319 -0.764452 0.047412
v -0.171274 -0.721627 0.047412
v -0.106040 -0.663019 0.047412
v -0.041205 -0.597091 0.047412
v 0.023458 -0.519970 0.047412
v 0.088073 -0.432045 0.047412
v 0.141965 -0.345884 0.047412
v 0.185131 -0.261895 0.047412
v 0.220742 -0.183496 0.047412
v 0.246806 -0.114783 0.047412
v 0.267393 -0.046220 0.047412
v 0.282475 0.022277 0.047412
v 0.292527 0.090336 0.047412
v -0.296744 -0.791933 0.045426
v -0.284685 -0.795228 0.047412
v -0.270147 -0.792667 0.047412
v -0.370414 -0.654087 -0.049473
v -0.381326 -0.659062 -0.049473
v -0.387365 -0.659874 -0.047412
v 0.125844 0.111945 -0.049473
v 0.117131 0.052805 -0.049473
v 0.101706 -0.012791 -0.049473
v 0.080732 -0.079356 -0.049473
v 0.054982 -0.142021 -0.049473
v 0.021921 -0.210047 -0.049473
v -0.016542 -0.280715 -0.049473
v -0.062754 -0.351818 -0.049473
v -0.116184 -0.422229 -0.049473
v -0.171663 -0.486031 -0.049473
v -0.226742 -0.540332 -0.049473
v -0.281996 -0.588442 -0.049473
v -0.327708 -0.625420 -0.049473
v -0.353995 -0.644245 -0.049473
v -0.390036 -0.660027 -0.000000
v 0.131102 0.169568 -0.047412
v 0.573437 0.004451 0.012180
v 0.577628 0.171923 0.012180
v 0.573437 0.004451 -0.012180
v 0.577628 0.171923 -0.012180
v 0.584120 0.004698 0.012180
v 0.655054 0.171923 0.012180
v 0.584120 0.004698 -0.012180
v 0.655054 0.171923 -0.012180
v 0.591433 0.015446 0.012180
v 0.603512 0.026739 0.012180
v 0.616577 0.045156 0.012180
v 0.621507 0.066283 0.012180
v 0.621261 0.087411 0.012180
v 0.613836 0.108539 0.012180
v 0.595732 0.129667 0.012180
v 0.577628 0.150795 0.012180
v 0.577628 0.150795 -0.012180
v 0.595732 0.129667 -0.012180
v 0.613836 0.108539 -0.012180
v 0.621261 0.087411 -0.012180
v 0.621507 0.066283 -0.012180
v 0.616577 0.045156 -0.012180
v 0.603512 0.026739 -0.012180
v 0.591433 0.015446 -0.012180
v 0.655054 0.150795 -0.012180
v 0.654055 0.129667 -0.012180
v 0.642072 0.108539 -0.012180
v 0.642357 0.087411 -0.012180
v 0.640502 0.066283 -0.012180
v 0.631658 0.045156 -0.012180
v 0.616250 0.026310 -0.012180
v 0.603415 0.015472 -0.012180
v 0.655054 0.150795 0.012180
v 0.654055 0.129667 0.012180
v 0.642072 0.108539 0.012180
v 0.642357 0.087411 0.012180
v 0.640502 0.066283 0.012180
v 0.631658 0.045156 0.012180
v 0.616250 0.026310 0.012180
v 0.603415 0.015472 0.012180
v -1.191016 0.281522 0.012736
v -2.313099 0.281522 0.012736
v -1.191016 0.282770 0.012674
v -2.313099 0.282770 0.012674
v -1.191016 0.284006 0.012491
v -2.313099 0.284006 0.012491
v -1.191016 0.285219 0.012187
v -2.313099 0.285219 0.012187
v -1.191016 0.286395 0.011766
v -2.313099 0.286395 0.011766
v -1.191016 0.287525 0.011232
v -2.313099 0.287525 0.011232
v -1.191016 0.288597 0.010589
v -2.313099 0.288597 0.010589
v -1.191016 0.289601 0.009845
v -2.313099 0.289601 0.009845
v -1.191016 0.290527 0.009006
v -2.313099 0.290527 0.009006
v -1.191016 0.291366 0.008079
v -2.313099 0.291366 0.008079
v -1.191016 0.292111 0.007076
v -2.313099 0.292111 0.007076
v -1.191016 0.292753 0.006004
v -2.313099 0.292753 0.006004
v -1.191016 0.293288 0.004874
v -2.313099 0.293288 0.004874
v -1.191016 0.293709 0.003697
v -2.313099 0.293709 0.003697
v -1.191016 0.294013 0.002485
v -2.313099 0.294013 0.002485
v -1.191016 0.294196 0.001248
v -2.313099 0.294196 0.001248
v -1.191016 0.294257 0.000000
v -2.313099 0.294257 0.000000
v -1.191016 0.294196 -0.001248
v -2.313099 0.294196 -0.001248
v -1.191016 0.294013 -0.002485
v -2.313099 0.294013 -0.002485
v -1.191016 0.293709 -0.003697
v -2.313099 0.293709 -0.003697
v -1.191016 0.293288 -0.004874
v -2.313099 0.293288 -0.004874
v -1.191016 0.292753 -0.006004
v -2.313099 0.292753 -0.006004
v -1.191016 0.292111 -0.007076
v -2.313099 0.292111 -0.007076
v -1.191016 0.291366 -0.008079
v -2.313099 0.291366 -0.008079
v -1.191016 0.290527 -0.009006
v -2.313099 0.290527 -0.009006
v -1.191016 0.289601 -0.009845
v -2.313099 0.289601 -0.009845
v -1.191016 0.288597 -0.010589
v -2.313099 0.288597 -0.010589
v -1.191016 0.287525 -0.011232
v -2.313099 0.287525 -0.011232
v -1.191016 0.286395 -0.011766
v -2.313099 0.286395 -0.011766
v -1.191016 0.285219 -0.012187
v -2.313099 0.285219 -0.012187
v -1.191016 0.284006 -0.012491
v -2.313099 0.284006 -0.012491
v -1.191016 0.282770 -0.012674
v -2.313099 0.282770 -0.012674
v -1.191016 0.281522 -0.012736
v -2.313099 0.281522 -0.012736
v -1.191016 0.280273 -0.012674
v -2.313099 0.280273 -0.012674
v -1.191016 0.279037 -0.012491
v -2.313099 0.279037 -0.012491
v -1.191016 0.277825 -0.012187
v -2.313099 0.277825 -0.012187
v -1.191016 0.276648 -0.011766
v -2.313099 0.276648 -0.011766
v -1.191016 0.275518 -0.011232
v -2.313099 0.275518 -0.011232
v -1.191016 0.274446 -0.010589
v -2.313099 0.274446 -0.010589
v -1.191016 0.273442 -0.009845
v -2.313099 0.273442 -0.009845
v -1.191016 0.272516 -0.009006
v -2.313099 0.272516 -0.009006
v -1.191016 0.271677 -0.008079
v -2.313099 0.271677 -0.008079
v -1.191016 0.270932 -0.007076
v -2.313099 0.270932 -0.007076
v -1.191016 0.270290 -0.006004
v -2.313099 0.270290 -0.006004
v -1.191016 0.269755 -0.004874
v -2.313099 0.269755 -0.004874
v -1.191016 0.269334 -0.003697
v -2.313099 0.269334 -0.003697
v -1.191016 0.269031 -0.002485
v -2.313099 0.269031 -0.002485
v -1.191016 0.268847 -0.001248
v -2.313099 0.268847 -0.001248
v -1.191016 0.268786 0.000000
v -2.313099 0.268786 0.000000
v -1.191016 0.268847 0.001248
v -2.313099 0.268847 0.001248
v -1.191016 0.269031 0.002485
v -2.313099 0.269031 0.002485
v -1.191016 0.269334 0.003697
v -2.313099 0.269334 0.003697
v -1.191016 0.269755 0.004874
v -2.313099 0.269755 0.004874
v -1.191016 0.270290 0.006004
v -2.313099 0.270290 0.006004
v -1.191016 0.270932 0.007076
v -2.313099 0.270932 0.007076
v -1.191016 0.271677 0.008079
v -2.313099 0.271677 0.008079
v -1.191016 0.272516 0.009006
v -2.313099 0.272516 0.009006
v -1.191016 0.273442 0.009845
v -2.313099 0.273442 0.009845
v -1.191016 0.274446 0.010589
v -2.313099 0.274446 0.010589
v -1.191016 0.275518 0.011232
v -2.313099 0.275518 0.011232
v -1.191016 0.276648 0.011766
v -2.313099 0.276648 0.011766
v -1.191016 0.277825 0.012187
v -2.313099 0.277825 0.012187
v -1.191016 0.279037 0.012491
v -2.313099 0.279037 0.012491
v -1.191016 0.280273 0.012674
v -2.313099 0.280273 0.012674
v 1.057032 0.424348 -0.022964
v 1.090642 0.455650 -0.022964
v 1.060085 0.421070 -0.022523
v 1.093695 0.452371 -0.022523
v 1.063021 0.417917 -0.021216
v 1.096631 0.449219 -0.021216
v 1.065727 0.415012 -0.019094
v 1.099337 0.446314 -0.019094
v 1.068099 0.412465 -0.016238
v 1.101708 0.443767 -0.016238
v 1.070045 0.410376 -0.012758
v 1.103655 0.441677 -0.012758
v 1.071491 0.408823 -0.008788
v 1.105101 0.440124 -0.008788
v 1.072382 0.407866 -0.004480
v 1.105992 0.439168 -0.004480
v 1.072683 0.407543 0.000000
v 1.106292 0.438845 0.000000
v 1.072382 0.407866 0.004480
v 1.105992 0.439168 0.004480
v 1.071491 0.408823 0.008788
v 1.105101 0.440124 0.008788
v 1.070045 0.410376 0.012758
v 1.103655 0.441677 0.012758
v 1.068099 0.412465 0.016238
v 1.101708 0.443767 0.016238
v 1.065727 0.415012 0.019094
v 1.099337 0.446314 0.019094
v 1.063021 0.417917 0.021216
v 1.096631 0.449219 0.021216
v 1.060085 0.421070 0.022523
v 1.093695 0.452371 0.022523
v 1.057032 0.424348 0.022964
v 1.090642 0.455650 0.022964
v 1.053979 0.427627 0.022523
v 1.087589 0.458928 0.022523
v 1.051043 0.430779 0.021216
v 1.084652 0.462081 0.021216
v 1.048337 0.433685 0.019094
v 1.081947 0.464986 0.019094
v 1.045965 0.436231 0.016238
v 1.079575 0.467533 0.016238
v 1.044019 0.438321 0.012758
v 1.077629 0.469623 0.012758
v 1.042572 0.439874 0.008788
v 1.076182 0.471176 0.008788
v 1.041682 0.440830 0.004480
v 1.075292 0.472132 0.004480
v 1.041381 0.441153 0.000000
v 1.074991 0.472455 0.000000
v 1.041682 0.440830 -0.004480
v 1.075292 0.472132 -0.004480
v 1.042572 0.439874 -0.008788
v 1.076182 0.471176 -0.008788
v 1.044019 0.438321 -0.012758
v 1.077629 0.469623 -0.012758
v 1.045965 0.436231 -0.016238
v 1.079575 0.467533 -0.016238
v 1.048337 0.433685 -0.019094
v 1.081947 0.464986 -0.019094
v 1.051043 0.430779 -0.021216
v 1.084652 0.462081 -0.021216
v 1.053979 0.427627 -0.022523
v 1.087589 0.458928 -0.022523
v 1.089142 0.454253 -0.030498
v 1.096428 0.461038 -0.030498
v 1.093197 0.449899 -0.029912
v 1.100483 0.456684 -0.029912
v 1.097096 0.445712 -0.028177
v 1.104382 0.452498 -0.028177
v 1.100690 0.441854 -0.025358
v 1.107975 0.448639 -0.025358
v 1.103840 0.438472 -0.021566
v 1.111125 0.445257 -0.021566
v 1.106425 0.435696 -0.016944
v 1.113710 0.442481 -0.016944
v 1.108346 0.433634 -0.011671
v 1.115631 0.440419 -0.011671
v 1.109528 0.432364 -0.005950
v 1.116814 0.439149 -0.005950
v 1.109928 0.431935 0.000000
v 1.117213 0.438720 0.000000
v 1.109528 0.432364 0.005950
v 1.116814 0.439149 0.005950
v 1.108346 0.433634 0.011671
v 1.115631 0.440419 0.011671
v 1.106425 0.435696 0.016944
v 1.113710 0.442481 0.016944
v 1.103840 0.438472 0.021566
v 1.111125 0.445257 0.021566
v 1.100690 0.441854 0.025358
v 1.107975 0.448639 0.025358
v 1.097096 0.445712 0.028177
v 1.104382 0.452498 0.028177
v 1.093197 0.449899 0.029912
v 1.100483 0.456684 0.029912
v 1.089142 0.454253 0.030498
v 1.096428 0.461038 0.030498
v 1.085087 0.458607 0.029912
v 1.092373 0.465393 0.029912
v 1.081188 0.462794 0.028177
v 1.088474 0.469579 0.028177
v 1.077594 0.466653 0.025358
v 1.084880 0.473438 0.025358
v 1.074444 0.470035 0.021566
v 1.081730 0.476820 0.021566
v 1.071860 0.472810 0.016944
v 1.079145 0.479596 0.016944
v 1.069939 0.474873 0.011671
v 1.077224 0.481658 0.011671
v 1.068756 0.476143 0.005950
v 1.076041 0.482928 0.005950
v 1.068357 0.476572 0.000000
v 1.075642 0.483357 0.000000
v 1.068756 0.476143 -0.005950
v 1.076041 0.482928 -0.005950
v 1.069939 0.474873 -0.011671
v 1.077224 0.481658 -0.011671
v 1.071860 0.472810 -0.016944
v 1.079145 0.479596 -0.016944
v 1.074444 0.470035 -0.021566
v 1.081730 0.476820 -0.021566
v 1.077594 0.466653 -0.025358
v 1.084880 0.473438 -0.025358
v 1.081188 0.462794 -0.028177
v 1.088474 0.469579 -0.028177
v 1.085087 0.458607 -0.029912
v 1.092373 0.465393 -0.029912
v -0.223204 0.340629 0.063734
v -0.223204 0.550971 0.027878
v -0.223204 0.340629 -0.063734
v -0.223204 0.550971 -0.027878
v 1.123507 0.335541 0.063734
v 0.960696 0.540795 0.027878
v 1.123507 0.335541 -0.063734
v 0.960696 0.540795 -0.027878
v -0.223204 0.445800 0.063734
v -0.223204 0.445800 -0.063734
v 1.070798 0.438168 -0.063734
v 1.070798 0.438168 0.063734
v -0.223204 0.424765 -0.063734
v -0.223204 0.403731 -0.063734
v -0.223204 0.382697 -0.063734
v -0.223204 0.361663 -0.063734
v 1.090799 0.417642 -0.063734
v 1.106597 0.397117 -0.063734
v 1.115410 0.376592 -0.063734
v 1.118471 0.356066 -0.063734
v 1.090799 0.417642 0.063734
v 1.106597 0.397117 0.063734
v 1.115410 0.376592 0.063734
v 1.118471 0.356066 0.063734
v -0.223204 0.361663 0.063734
v -0.223204 0.382697 0.063734
v -0.223204 0.403731 0.063734
v -0.223204 0.424765 0.063734
v -0.223204 0.463328 0.057758
v -0.223204 0.480857 0.051782
v -0.223204 0.498385 0.045806
v -0.223204 0.515914 0.039830
v -0.223204 0.533442 0.033854
v -0.223204 0.533442 -0.033854
v -0.223204 0.515914 -0.039830
v -0.223204 0.498385 -0.045806
v -0.223204 0.480857 -0.051782
v -0.223204 0.463328 -0.057758
v 0.982760 0.523691 -0.033854
v 1.002844 0.506586 -0.039830
v 1.019854 0.489481 -0.045806
v 1.037184 0.472377 -0.051782
v 1.054009 0.455272 -0.057758
v 0.982760 0.523691 0.033854
v 1.002844 0.506586 0.039830
v 1.019854 0.489481 0.045806
v 1.037184 0.472377 0.051782
v 1.054009 0.455272 0.057758
v -0.321245 0.197030 0.072611
v -0.321245 0.349630 0.072611
v -0.321245 0.197030 -0.072611
v -0.321245 0.349630 -0.072611
v 1.123015 0.113081 0.079640
v 1.152016 0.346958 0.079640
v 1.123015 0.113081 -0.079640
v 1.152016 0.346958 -0.079640
v 0.935712 0.123810 -0.072611
v 0.961006 0.341158 -0.072611
v 0.935712 0.123810 0.072611
v 0.961006 0.341158 0.072611
v 2.423469 0.188339 -0.064394
v 2.330295 -0.297979 -0.064394
v 2.423469 0.188339 0.064394
v 2.330295 -0.297979 0.064394
v 1.590526 -0.057706 -0.064394
v 1.660713 0.324321 0.064394
v 1.590526 -0.057706 0.064394
v 1.660713 0.324321 -0.064394
v 1.499186 -0.024512 -0.064394
v 1.563063 0.287173 0.064394
v 1.499186 -0.024512 0.064394
v 1.563063 0.287173 -0.064394
v 1.456807 -0.009112 -0.064394
v 1.378766 0.019249 -0.064394
v 1.300724 0.047610 -0.064394
v 1.222682 0.075970 -0.064394
v 1.517757 0.283705 0.064394
v 1.434325 0.300222 0.064394
v 1.350893 0.318068 0.064394
v 1.267461 0.337245 0.064394
v 1.222682 0.075970 0.064394
v 1.300724 0.047610 0.064394
v 1.378766 0.019249 0.064394
v 1.456807 -0.009112 0.064394
v 1.267461 0.337245 -0.064394
v 1.350893 0.318068 -0.064394
v 1.434325 0.300222 -0.064394
v 1.517757 0.283705 -0.064394
v 1.517454 -0.031151 0.064394
v 1.535722 -0.037790 0.064394
v 1.553990 -0.044428 0.064394
v 1.572258 -0.051067 0.064394
v 1.582593 0.293371 -0.064394
v 1.602123 0.303417 -0.064394
v 1.621653 0.313464 -0.064394
v 1.641183 0.320432 -0.064394
v 1.572258 -0.051067 -0.064394
v 1.553990 -0.044428 -0.064394
v 1.535722 -0.037790 -0.064394
v 1.517454 -0.031151 -0.064394
v 1.641182 0.320432 0.064394
v 1.621653 0.313464 0.064394
v 1.602123 0.303417 0.064394
v 1.582593 0.293371 0.064394
v 1.467402 -0.012962 0.064394
v 1.477996 -0.016812 0.064394
v 1.488591 -0.020662 0.064394
v 1.529084 0.283335 -0.064394
v 1.540410 0.284286 -0.064394
v 1.551737 0.285237 -0.064394
v 1.488591 -0.020662 -0.064394
v 1.477996 -0.016812 -0.064394
v 1.467402 -0.012962 -0.064394
v 1.551737 0.285237 0.064394
v 1.540410 0.284286 0.064394
v 1.529084 0.283335 0.064394
v 2.270640 -0.304862 0.064394
v 2.368420 0.229280 -0.064394
v 2.270640 -0.304862 -0.064394
v 2.368420 0.229280 0.064394
v 2.280685 -0.306150 0.064394
v 2.290730 -0.307008 0.064394
v 2.300776 -0.307436 0.064394
v 2.310821 -0.308294 0.064394
v 2.320866 -0.306788 0.064394
v 2.378873 0.226985 -0.064394
v 2.389326 0.224245 -0.064394
v 2.399778 0.220614 -0.064394
v 2.410232 0.214310 -0.064394
v 2.420684 0.206670 -0.064394
v 2.320866 -0.306788 -0.064394
v 2.310821 -0.308294 -0.064394
v 2.300776 -0.307436 -0.064394
v 2.290730 -0.307008 -0.064394
v 2.280685 -0.306150 -0.064394
v 2.420684 0.206670 0.064394
v 2.410232 0.214310 0.064394
v 2.399778 0.220614 0.064394
v 2.389326 0.224245 0.064394
v 2.378873 0.226985 0.064394
v 0.025318 0.176842 -0.072611
v 0.032292 0.347294 0.072611
v 0.032292 0.347294 -0.072611
v 0.025318 0.176842 0.072611
v -0.320808 0.415797 0.072611
v -0.320808 0.415797 -0.072611
v 0.032729 0.413462 0.072611
v 0.032729 0.413462 -0.072611
v -0.214560 0.190815 -0.072611
v -0.212413 0.348911 0.079640
v -0.212413 0.348911 -0.079640
v -0.214560 0.190815 0.072611
v -0.211976 0.415078 0.072611
v -0.211976 0.415078 -0.072611
v -0.320503 0.461941 0.072611
v -0.320503 0.461941 -0.072611
v -0.211671 0.461222 0.072611
v -0.211671 0.461222 -0.072611
v 2.420132 0.170921 -0.064394
v 2.420132 0.170921 0.064394
v 1.658199 0.300218 -0.071603
v 1.658199 0.300218 0.071603
v 1.560775 0.267104 -0.071603
v 1.560775 0.267104 0.071603
v 1.265857 0.316713 -0.071603
v 1.349097 0.298060 -0.071603
v 1.432335 0.280634 -0.071603
v 1.515574 0.264434 -0.071603
v 1.515574 0.264434 0.071603
v 1.432335 0.280634 0.071603
v 1.349096 0.298060 0.071603
v 1.265857 0.316713 0.071603
v 1.638714 0.296860 0.071603
v 1.619229 0.290663 0.071603
v 1.599745 0.281627 0.071603
v 1.580260 0.272591 0.071603
v 1.580260 0.272591 -0.071603
v 1.599745 0.281627 -0.071603
v 1.619229 0.290663 -0.071603
v 1.638714 0.296860 -0.071603
v 1.549475 0.265451 0.071603
v 1.538175 0.264706 0.071603
v 1.526875 0.263961 0.071603
v 1.526875 0.263961 -0.071603
v 1.538175 0.264705 -0.071603
v 1.549475 0.265451 -0.071603
v 2.364918 0.204122 0.071603
v 2.364918 0.204122 -0.071603
v 2.417109 0.183210 0.071603
v 2.406671 0.190203 0.071603
v 2.396233 0.196044 0.071603
v 2.385794 0.199407 0.071603
v 2.375356 0.201963 0.071603
v 2.375356 0.201963 -0.071603
v 2.385795 0.199407 -0.071603
v 2.396233 0.196044 -0.071603
v 2.406671 0.190203 -0.071603
v 2.417109 0.183210 -0.071603
v 2.334637 -0.275316 -0.064394
v 2.334637 -0.275316 0.064394
v 1.593797 -0.034995 -0.071603
v 1.593797 -0.034995 0.071603
v 1.502163 -0.006387 -0.071603
v 1.502163 -0.006387 0.071603
v 1.224769 0.087455 -0.071603
v 1.303062 0.060744 -0.071603
v 1.381355 0.034092 -0.071603
v 1.459647 0.007499 -0.071603
v 1.459647 0.007499 0.071603
v 1.381355 0.034092 0.071603
v 1.303062 0.060744 0.071603
v 1.224769 0.090519 0.071603
v 1.575470 -0.029115 0.071603
v 1.557143 -0.023373 0.071603
v 1.538816 -0.017769 0.071603
v 1.520490 -0.012164 0.071603
v 1.520490 -0.012164 -0.071603
v 1.538816 -0.017769 -0.071603
v 1.557143 -0.023373 -0.071603
v 1.575470 -0.029115 -0.071603
v 1.491534 -0.002963 0.071603
v 1.480905 0.000504 0.071603
v 1.470276 0.003972 0.071603
v 1.470276 0.003972 -0.071603
v 1.480905 0.000505 -0.071603
v 1.491534 -0.002963 -0.071603
v 2.275197 -0.264566 0.071603
v 2.275197 -0.264566 -0.071603
v 2.325518 -0.267329 0.071603
v 2.315454 -0.268361 0.071603
v 2.305389 -0.267298 0.071603
v 2.295325 -0.266746 0.071603
v 2.285261 -0.265841 0.071603
v 2.285261 -0.265841 -0.071603
v 2.295325 -0.266746 -0.071603
v 2.305389 -0.267298 -0.071603
v 2.315454 -0.268361 -0.071603
v 2.325518 -0.267329 -0.071603
v -0.321245 0.334956 0.072611
v -0.321245 0.334956 -0.072611
v 0.958574 0.320259 0.079640
v 0.958574 0.320259 -0.079640
v 0.031621 0.330904 -0.079640
v 0.031621 0.330904 0.079640
v -0.212619 0.333709 -0.079640
v -0.212619 0.333709 0.079640
v -0.321245 0.212525 -0.072611
v 0.938281 0.145881 0.079640
v 0.938281 0.145881 -0.079640
v 0.026026 0.194150 -0.079640
v 0.026026 0.194150 0.079640
v -0.214342 0.206869 -0.079640
v -0.214342 0.206869 0.079640
v -0.321245 0.212525 0.072611
v -0.302009 0.195909 -0.072611
v -0.301622 0.349500 0.079640
v -0.301185 0.415668 0.079640
v -0.301622 0.349500 -0.079640
v -0.302009 0.195909 0.072611
v -0.301185 0.415668 -0.079640
v -0.300880 0.461811 0.072611
v -0.300880 0.461811 -0.072611
v -0.301659 0.334732 -0.079640
v -0.301659 0.334732 0.079640
v -0.301970 0.211506 0.079640
v -0.301970 0.211506 -0.079640
v -0.227946 0.349013 -0.079640
v -0.229786 0.191702 0.072611
v -0.227509 0.415181 -0.079640
v -0.227204 0.461325 -0.072611
v -0.228123 0.333887 -0.079640
v -0.229599 0.207676 -0.079640
v -0.229786 0.191702 -0.072611
v -0.227946 0.349013 0.079640
v -0.227509 0.415181 0.079640
v -0.227204 0.461325 0.072611
v -0.228123 0.333887 0.079640
v -0.229599 0.207676 0.079640
v -0.320917 0.399255 0.072611
v -0.320917 0.399255 -0.072611
v 0.032620 0.396920 0.072611
v 0.032620 0.396920 -0.072611
v -0.212085 0.398536 -0.079640
v -0.212085 0.398536 0.079640
v -0.301294 0.399126 0.079640
v -0.301294 0.399126 -0.079640
v -0.227618 0.398639 -0.079640
v -0.227618 0.398639 0.079640
v 0.014596 0.347411 -0.079640
v 0.007971 0.177852 0.072611
v 0.015033 0.413578 -0.072611
v 0.007971 0.177852 -0.072611
v 0.014596 0.347411 0.079640
v 0.015033 0.413578 0.072611
v 0.013959 0.331107 0.079640
v 0.013959 0.331107 -0.079640
v 0.008643 0.195070 -0.079640
v 0.008643 0.195070 0.079640
v 0.014923 0.397037 -0.079640
v 0.014923 0.397037 0.079640
v 1.148646 0.319784 0.079640
v 1.148681 0.320067 -0.079640
v 1.125670 0.128372 0.079640
v 1.124245 0.127097 -0.079640
v 0.911018 -0.438261 0.059246
v 0.697322 0.149681 0.059246
v 0.911018 -0.438261 -0.059246
v 0.697322 0.149681 -0.059246
v 1.088111 -0.393886 0.059246
v 1.054875 0.126362 0.059246
v 1.088111 -0.393886 -0.059246
v 1.054875 0.126362 -0.059246
v 0.773191 -0.038522 0.059246
v 0.773191 -0.038522 -0.059246
v 1.015316 -0.054439 -0.059246
v 1.015316 -0.054439 0.059246
v 0.755955 -0.021412 0.059246
v 0.730436 -0.004303 0.059246
v 0.703733 0.012807 0.059246
v 0.696851 0.029916 0.059246
v 0.696771 0.047025 0.059246
v 0.696692 0.064135 0.059246
v 0.696799 0.081244 0.059246
v 0.696872 0.098353 0.059246
v 0.697219 0.115463 0.059246
v 0.697271 0.132572 0.059246
v 0.697271 0.132572 -0.059246
v 0.697219 0.115463 -0.059246
v 0.696872 0.098353 -0.059246
v 0.696799 0.081244 -0.059246
v 0.696692 0.064135 -0.059246
v 0.696771 0.047025 -0.059246
v 0.696851 0.029916 -0.059246
v 0.703733 0.012807 -0.059246
v 0.730436 -0.004303 -0.059246
v 0.755955 -0.021412 -0.059246
v 1.055787 0.109926 -0.059246
v 1.055676 0.093489 -0.059246
v 1.054542 0.077053 -0.059246
v 1.047786 0.060616 -0.059246
v 1.039496 0.044180 -0.059246
v 1.029162 0.027743 -0.059246
v 1.021895 0.011307 -0.059246
v 1.014627 -0.005130 -0.059246
v 1.010427 -0.021566 -0.059246
v 1.011338 -0.038003 -0.059246
v 1.055787 0.109926 0.059246
v 1.055676 0.093489 0.059246
v 1.054542 0.077053 0.059246
v 1.047786 0.060616 0.059246
v 1.039496 0.044180 0.059246
v 1.029162 0.027743 0.059246
v 1.021895 0.011307 0.059246
v 1.014627 -0.005130 0.059246
v 1.010427 -0.021566 0.059246
v 1.011338 -0.038003 0.059246
v 0.787421 -0.083496 -0.059246
v 0.805740 -0.128470 -0.059246
v 0.823036 -0.173445 -0.059246
v 0.839822 -0.218419 -0.059246
v 0.856096 -0.263393 -0.059246
v 0.873290 -0.308367 -0.059246
v 0.888644 -0.353342 -0.059246
v 0.890222 -0.398316 -0.059246
v 1.027388 -0.089671 -0.059246
v 1.039460 -0.124902 -0.059246
v 1.051532 -0.160134 -0.059246
v 1.063604 -0.195365 -0.059246
v 1.080113 -0.230596 -0.059246
v 1.095143 -0.265828 -0.059246
v 1.106229 -0.301059 -0.059246
v 1.111892 -0.336291 -0.059246
v 1.027388 -0.089671 0.059246
v 1.039460 -0.124902 0.059246
v 1.051532 -0.160134 0.059246
v 1.063604 -0.195365 0.059246
v 1.080113 -0.230596 0.059246
v 1.095143 -0.265828 0.059246
v 1.106229 -0.301059 0.059246
v 1.111892 -0.336291 0.059246
v 0.890222 -0.398316 0.059246
v 0.888644 -0.353342 0.059246
v 0.873290 -0.308367 0.059246
v 0.856096 -0.263393 0.059246
v 0.839822 -0.218419 0.059246
v 0.823036 -0.173445 0.059246
v 0.805740 -0.128470 0.059246
v 0.787421 -0.083496 0.059246
v 0.890614 -0.409560 -0.059246
v 0.892485 -0.420803 -0.059246
v 0.898498 -0.432047 -0.059246
v 1.113134 -0.348293 -0.059246
v 1.111183 -0.359941 -0.059246
v 1.104617 -0.373009 -0.059246
v 1.113134 -0.348293 0.059246
v 1.111183 -0.359941 0.059246
v 1.104617 -0.373009 0.059246
v 0.898498 -0.432047 0.059246
v 0.892485 -0.420803 0.059246
v 0.890614 -0.409560 0.059246
v 1.070402 -0.406015 -0.059246
v 1.052692 -0.418143 -0.059246
v 1.034983 -0.427905 -0.059246
v 1.017274 -0.434710 -0.059246
v 0.999565 -0.439739 -0.059246
v 0.981855 -0.443881 -0.059246
v 0.964146 -0.445064 -0.059246
v 0.946437 -0.445065 -0.059246
v 0.928728 -0.443882 -0.059246
v 0.733078 0.147349 -0.059246
v 0.768833 0.145018 -0.059246
v 0.804588 0.142686 -0.059246
v 0.840343 0.140354 -0.059246
v 0.876099 0.138022 -0.059246
v 0.911854 0.135690 -0.059246
v 0.947609 0.133358 -0.059246
v 0.983365 0.131026 -0.059246
v 1.019120 0.128694 -0.059246
v 0.928728 -0.443882 0.059246
v 0.946437 -0.445065 0.059246
v 0.964146 -0.445064 0.059246
v 0.981855 -0.443881 0.059246
v 0.999565 -0.439739 0.059246
v 1.017274 -0.434710 0.059246
v 1.034983 -0.427905 0.059246
v 1.052692 -0.418143 0.059246
v 1.070401 -0.406015 0.059246
v 1.019120 0.128694 0.059246
v 0.983365 0.131026 0.059246
v 0.947609 0.133358 0.059246
v 0.911854 0.135690 0.059246
v 0.876099 0.138022 0.059246
v 0.840343 0.140354 0.059246
v 0.804588 0.142686 0.059246
v 0.768833 0.145018 0.059246
v 0.733078 0.147349 0.059246
v 0.991104 -0.052848 0.059246
v 0.966891 -0.051256 0.059246
v 0.942679 -0.049664 0.059246
v 0.918467 -0.048072 0.059246
v 0.894254 -0.046481 0.059246
v 0.870042 -0.044889 0.059246
v 0.845829 -0.043297 0.059246
v 0.821616 -0.041705 0.059246
v 0.797404 -0.040113 0.059246
v 0.797404 -0.040113 -0.059246
v 0.821616 -0.041705 -0.059246
v 0.845829 -0.043297 -0.059246
v 0.870042 -0.044889 -0.059246
v 0.894254 -0.046481 -0.059246
v 0.918467 -0.048072 -0.059246
v 0.942679 -0.049664 -0.059246
v 0.966891 -0.051256 -0.059246
v 0.991104 -0.052848 -0.059246
v 0.985800 -0.036344 0.059246
v 0.960262 -0.034685 0.059246
v 0.934723 -0.033026 0.059246
v 0.909185 -0.031367 0.059246
v 0.883646 -0.029708 0.059246
v 0.858108 -0.028049 0.059246
v 0.832570 -0.026389 0.059246
v 0.807032 -0.024730 0.059246
v 0.781493 -0.023071 0.059246
v 0.982428 -0.019840 0.059246
v 0.954429 -0.018114 0.059246
v 0.926430 -0.016387 0.059246
v 0.898431 -0.014661 0.059246
v 0.870431 -0.012935 0.059246
v 0.842432 -0.011208 0.059246
v 0.814433 -0.009482 0.059246
v 0.786434 -0.007756 0.059246
v 0.758435 -0.006029 0.059246
v 0.983538 -0.003336 0.059246
v 0.952449 -0.001543 0.059246
v 0.921359 0.000251 0.059246
v 0.890270 0.002045 0.059246
v 0.859180 0.003838 0.059246
v 0.828091 0.005632 0.059246
v 0.797001 0.007426 0.059246
v 0.765912 0.009219 0.059246
v 0.734823 0.011013 0.059246
v 0.989390 0.013168 0.059246
v 0.956886 0.015028 0.059246
v 0.924381 0.016889 0.059246
v 0.891877 0.018750 0.059246
v 0.859373 0.020611 0.059246
v 0.826868 0.022472 0.059246
v 0.794364 0.024333 0.059246
v 0.761859 0.026194 0.059246
v 0.729355 0.028055 0.059246
v 0.995923 0.029671 0.059246
v 0.962684 0.031600 0.059246
v 0.929445 0.033528 0.059246
v 0.896206 0.035456 0.059246
v 0.862967 0.037384 0.059246
v 0.829728 0.039312 0.059246
v 0.796489 0.041241 0.059246
v 0.763249 0.043169 0.059246
v 0.730011 0.045097 0.059246
v 1.005216 0.046175 0.059246
v 0.970936 0.048171 0.059246
v 0.936655 0.050166 0.059246
v 0.902375 0.052162 0.059246
v 0.868094 0.054157 0.059246
v 0.833814 0.056153 0.059246
v 0.799534 0.058148 0.059246
v 0.765253 0.060144 0.059246
v 0.730973 0.062139 0.059246
v 1.012687 0.062679 0.059246
v 0.977589 0.064742 0.059246
v 0.942490 0.066805 0.059246
v 0.907391 0.068867 0.059246
v 0.872293 0.070930 0.059246
v 0.837194 0.072993 0.059246
v 0.802095 0.075056 0.059246
v 0.766996 0.077118 0.059246
v 0.731898 0.079181 0.059246
v 1.018775 0.079183 0.059246
v 0.983008 0.081313 0.059246
v 0.947241 0.083443 0.059246
v 0.911474 0.085573 0.059246
v 0.875707 0.087703 0.059246
v 0.839940 0.089833 0.059246
v 0.804173 0.091963 0.059246
v 0.768406 0.094093 0.059246
v 0.732639 0.096223 0.059246
v 1.019830 0.095687 0.059246
v 0.983984 0.097884 0.059246
v 0.948139 0.100081 0.059246
v 0.912293 0.102279 0.059246
v 0.876447 0.104476 0.059246
v 0.840602 0.106673 0.059246
v 0.804756 0.108871 0.059246
v 0.768910 0.111068 0.059246
v 0.733065 0.113265 0.059246
v 1.019935 0.112190 0.059246
v 0.984084 0.114455 0.059246
v 0.948232 0.116720 0.059246
v 0.912380 0.118984 0.059246
v 0.876529 0.121249 0.059246
v 0.840677 0.123514 0.059246
v 0.804826 0.125778 0.059246
v 0.768974 0.128043 0.059246
v 0.733122 0.130307 0.059246
v 0.781493 -0.023071 -0.059246
v 0.807032 -0.024730 -0.059246
v 0.832570 -0.026389 -0.059246
v 0.858108 -0.028049 -0.059246
v 0.883646 -0.029708 -0.059246
v 0.909185 -0.031367 -0.059246
v 0.934723 -0.033026 -0.059246
v 0.960262 -0.034685 -0.059246
v 0.985800 -0.036344 -0.059246
v 0.758435 -0.006029 -0.059246
v 0.786434 -0.007756 -0.059246
v 0.814433 -0.009482 -0.059246
v 0.842432 -0.011208 -0.059246
v 0.870431 -0.012935 -0.059246
v 0.898431 -0.014661 -0.059246
v 0.926430 -0.016387 -0.059246
v 0.954429 -0.018114 -0.059246
v 0.982428 -0.019840 -0.059246
v 0.734823 0.011013 -0.059246
v 0.765912 0.009219 -0.059246
v 0.797001 0.007426 -0.059246
v 0.828091 0.005632 -0.059246
v 0.859180 0.003838 -0.059246
v 0.890270 0.002045 -0.059246
v 0.921359 0.000251 -0.059246
v 0.952449 -0.001543 -0.059246
v 0.983538 -0.003336 -0.059246
v 0.729355 0.028055 -0.059246
v 0.761859 0.026194 -0.059246
v 0.794364 0.024333 -0.059246
v 0.826868 0.022472 -0.059246
v 0.859373 0.020611 -0.059246
v 0.891877 0.018750 -0.059246
v 0.924381 0.016889 -0.059246
v 0.956886 0.015028 -0.059246
v 0.989390 0.013168 -0.059246
v 0.730011 0.045097 -0.059246
v 0.763249 0.043169 -0.059246
v 0.796489 0.041241 -0.059246
v 0.829728 0.039312 -0.059246
v 0.862967 0.037384 -0.059246
v 0.896206 0.035456 -0.059246
v 0.929445 0.033528 -0.059246
v 0.962684 0.031600 -0.059246
v 0.995923 0.029671 -0.059246
v 0.730973 0.062139 -0.059246
v 0.765253 0.060144 -0.059246
v 0.799534 0.058148 -0.059246
v 0.833814 0.056153 -0.059246
v 0.868094 0.054157 -0.059246
v 0.902375 0.052162 -0.059246
v 0.936655 0.050166 -0.059246
v 0.970936 0.048171 -0.059246
v 1.005216 0.046175 -0.059246
v 0.731898 0.079181 -0.059246
v 0.766996 0.077118 -0.059246
v 0.802095 0.075056 -0.059246
v 0.837194 0.072993 -0.059246
v 0.872293 0.070930 -0.059246
v 0.907391 0.068867 -0.059246
v 0.942490 0.066805 -0.059246
v 0.977589 0.064742 -0.059246
v 1.012687 0.062679 -0.059246
v 0.732639 0.096223 -0.059246
v 0.768406 0.094093 -0.059246
v 0.804173 0.091963 -0.059246
v 0.839940 0.089833 -0.059246
v 0.875707 0.087703 -0.059246
v 0.911474 0.085573 -0.059246
v 0.947241 0.083443 -0.059246
v 0.983008 0.081313 -0.059246
v 1.018775 0.079183 -0.059246
v 0.733065 0.113265 -0.059246
v 0.768910 0.111068 -0.059246
v 0.804756 0.108871 -0.059246
v 0.840602 0.106673 -0.059246
v 0.876447 0.104476 -0.059246
v 0.912293 0.102279 -0.059246
v 0.948139 0.100081 -0.059246
v 0.983984 0.097884 -0.059246
v 1.019830 0.095687 -0.059246
v 0.733122 0.130307 -0.059246
v 0.768974 0.128043 -0.059246
v 0.804826 0.125778 -0.059246
v 0.840677 0.123514 -0.059246
v 0.876529 0.121249 -0.059246
v 0.912380 0.118984 -0.059246
v 0.948232 0.116720 -0.059246
v 0.984084 0.114455 -0.059246
v 1.019935 0.112190 -0.059246
v 0.912389 -0.392113 -0.059246
v 0.934556 -0.385911 -0.059246
v 0.956723 -0.379708 -0.059246
v 0.978890 -0.373506 -0.059246
v 1.001057 -0.367303 -0.059246
v 1.023224 -0.361101 -0.059246
v 1.045391 -0.354898 -0.059246
v 1.067558 -0.348696 -0.059246
v 1.089725 -0.342493 -0.059246
v 0.909762 -0.348113 -0.059246
v 0.930879 -0.342885 -0.059246
v 0.951997 -0.337657 -0.059246
v 0.973114 -0.332429 -0.059246
v 0.994232 -0.327201 -0.059246
v 1.015349 -0.321972 -0.059246
v 1.036467 -0.316744 -0.059246
v 1.057585 -0.311516 -0.059246
v 1.078702 -0.306288 -0.059246
v 0.894736 -0.304113 -0.059246
v 0.916181 -0.299860 -0.059246
v 0.937627 -0.295606 -0.059246
v 0.959073 -0.291352 -0.059246
v 0.980519 -0.287098 -0.059246
v 1.001965 -0.282844 -0.059246
v 1.023410 -0.278590 -0.059246
v 1.044856 -0.274336 -0.059246
v 1.066302 -0.270082 -0.059246
v 0.878054 -0.260113 -0.059246
v 0.900012 -0.256834 -0.059246
v 0.921970 -0.253554 -0.059246
v 0.943928 -0.250274 -0.059246
v 0.965886 -0.246995 -0.059246
v 0.987844 -0.243715 -0.059246
v 1.009802 -0.240435 -0.059246
v 1.031760 -0.237156 -0.059246
v 1.053718 -0.233876 -0.059246
v 0.862200 -0.216113 -0.059246
v 0.884578 -0.213808 -0.059246
v 0.906956 -0.211503 -0.059246
v 0.929335 -0.209197 -0.059246
v 0.951713 -0.206892 -0.059246
v 0.974091 -0.204587 -0.059246
v 0.996469 -0.202281 -0.059246
v 1.018847 -0.199976 -0.059246
v 1.041226 -0.197671 -0.059246
v 0.845886 -0.172113 -0.059246
v 0.868736 -0.170782 -0.059246
v 0.891585 -0.169451 -0.059246
v 0.914435 -0.168120 -0.059246
v 0.937284 -0.166789 -0.059246
v 0.960134 -0.165458 -0.059246
v 0.982983 -0.164127 -0.059246
v 1.005833 -0.162796 -0.059246
v 1.028682 -0.161465 -0.059246
v 0.829112 -0.128113 -0.059246
v 0.852484 -0.127757 -0.059246
v 0.875856 -0.127400 -0.059246
v 0.899228 -0.127043 -0.059246
v 0.922600 -0.126686 -0.059246
v 0.945972 -0.126329 -0.059246
v 0.969344 -0.125973 -0.059246
v 0.992716 -0.125616 -0.059246
v 1.016088 -0.125259 -0.059246
v 0.811418 -0.084113 -0.059246
v 0.835414 -0.084731 -0.059246
v 0.859411 -0.085348 -0.059246
v 0.883408 -0.085966 -0.059246
v 0.907405 -0.086583 -0.059246
v 0.931401 -0.087201 -0.059246
v 0.955398 -0.087818 -0.059246
v 0.979395 -0.088436 -0.059246
v 1.003392 -0.089053 -0.059246
v 1.089725 -0.342493 0.059246
v 1.067558 -0.348696 0.059246
v 1.045391 -0.354898 0.059246
v 1.023224 -0.361101 0.059246
v 1.001057 -0.367303 0.059246
v 0.978890 -0.373506 0.059246
v 0.956723 -0.379708 0.059246
v 0.934556 -0.385911 0.059246
v 0.912389 -0.392114 0.059246
v 1.078702 -0.306288 0.059246
v 1.057585 -0.311516 0.059246
v 1.036467 -0.316744 0.059246
v 1.015349 -0.321972 0.059246
v 0.994232 -0.327201 0.059246
v 0.973114 -0.332429 0.059246
v 0.951997 -0.337657 0.059246
v 0.930879 -0.342885 0.059246
v 0.909762 -0.348113 0.059246
v 1.066302 -0.270082 0.059246
v 1.044856 -0.274336 0.059246
v 1.023410 -0.278590 0.059246
v 1.001965 -0.282844 0.059246
v 0.980519 -0.287098 0.059246
v 0.959073 -0.291352 0.059246
v 0.937627 -0.295606 0.059246
v 0.916181 -0.299860 0.059246
v 0.894736 -0.304113 0.059246
v 1.053718 -0.233876 0.059246
v 1.031760 -0.237156 0.059246
v 1.009802 -0.240435 0.059246
v 0.987844 -0.243715 0.059246
v 0.965886 -0.246995 0.059246
v 0.943928 -0.250274 0.059246
v 0.921970 -0.253554 0.059246
v 0.900012 -0.256834 0.059246
v 0.878054 -0.260113 0.059246
v 1.041226 -0.197671 0.059246
v 1.018847 -0.199976 0.059246
v 0.996469 -0.202281 0.059246
v 0.974091 -0.204587 0.059246
v 0.951713 -0.206892 0.059246
v 0.929335 -0.209197 0.059246
v 0.906956 -0.211503 0.059246
v 0.884578 -0.213808 0.059246
v 0.862200 -0.216113 0.059246
v 1.028682 -0.161465 0.059246
v 1.005833 -0.162796 0.059246
v 0.982983 -0.164127 0.059246
v 0.960134 -0.165458 0.059246
v 0.937284 -0.166789 0.059246
v 0.914435 -0.168120 0.059246
v 0.891585 -0.169451 0.059246
v 0.868736 -0.170782 0.059246
v 0.845886 -0.172113 0.059246
v 1.016088 -0.125259 0.059246
v 0.992716 -0.125616 0.059246
v 0.969344 -0.125973 0.059246
v 0.945972 -0.126329 0.059246
v 0.922600 -0.126686 0.059246
v 0.899228 -0.127043 0.059246
v 0.875856 -0.127400 0.059246
v 0.852484 -0.127757 0.059246
v 0.829112 -0.128113 0.059246
v 1.003392 -0.089053 0.059246
v 0.979395 -0.088436 0.059246
v 0.955398 -0.087818 0.059246
v 0.931401 -0.087201 0.059246
v 0.907405 -0.086583 0.059246
v 0.883408 -0.085966 0.059246
v 0.859411 -0.085348 0.059246
v 0.835414 -0.084731 0.059246
v 0.811418 -0.084113 0.059246
v 1.084005 -0.378913 0.059246
v 1.063393 -0.384816 0.059246
v 1.042781 -0.390720 0.059246
v 1.022169 -0.396624 0.059246
v 1.001557 -0.402528 0.059246
v 0.980945 -0.408431 0.059246
v 0.960334 -0.414335 0.059246
v 0.939722 -0.420239 0.059246
v 0.919110 -0.426143 0.059246
v 1.089313 -0.366027 0.059246
v 1.067443 -0.372114 0.059246
v 1.045573 -0.378200 0.059246
v 1.023704 -0.384286 0.059246
v 1.001834 -0.390372 0.059246
v 0.979964 -0.396458 0.059246
v 0.958095 -0.402545 0.059246
v 0.936225 -0.408631 0.059246
v 0.914355 -0.414717 0.059246
v 1.090883 -0.354420 0.059246
v 1.068630 -0.360547 0.059246
v 1.046379 -0.366673 0.059246
v 1.024126 -0.372800 0.059246
v 1.001874 -0.378926 0.059246
v 0.979622 -0.385053 0.059246
v 0.957370 -0.391180 0.059246
v 0.935118 -0.397306 0.059246
v 0.912866 -0.403433 0.059246
v 0.919110 -0.426143 -0.059246
v 0.939722 -0.420239 -0.059246
v 0.960334 -0.414335 -0.059246
v 0.980945 -0.408431 -0.059246
v 1.001557 -0.402528 -0.059246
v 1.022169 -0.396624 -0.059246
v 1.042781 -0.390720 -0.059246
v 1.063393 -0.384816 -0.059246
v 1.084005 -0.378913 -0.059246
v 0.914355 -0.414717 -0.059246
v 0.936225 -0.408631 -0.059246
v 0.958095 -0.402544 -0.059246
v 0.979964 -0.396458 -0.059246
v 1.001834 -0.390372 -0.059246
v 1.023704 -0.384286 -0.059246
v 1.045573 -0.378200 -0.059246
v 1.067443 -0.372114 -0.059246
v 1.089313 -0.366027 -0.059246
v 0.912866 -0.403433 -0.059246
v 0.935118 -0.397306 -0.059246
v 0.957370 -0.391180 -0.059246
v 0.979622 -0.385053 -0.059246
v 1.001874 -0.378926 -0.059246
v 1.024126 -0.372800 -0.059246
v 1.046379 -0.366673 -0.059246
v 1.068630 -0.360547 -0.059246
v 1.090883 -0.354420 -0.059246
v 0.406190 0.006419 0.024717
v 0.406190 0.169424 0.024717
v 0.406190 0.006419 -0.024717
v 0.406190 0.169424 -0.024717
v 0.416399 0.006419 0.024717
v 0.416399 0.169424 0.024717
v 0.416399 0.006419 -0.024717
v 0.416399 0.169424 -0.024717
v 0.406190 -0.012241 -0.024717
v 0.406190 -0.012241 0.024717
v 0.416399 -0.012241 -0.024717
v 0.416399 -0.012241 0.024717
v 0.406325 -0.018545 -0.024717
v 0.406325 -0.018545 0.024717
v 0.416263 -0.016208 -0.024717
v 0.416263 -0.016208 0.024717
v 0.407559 -0.023302 -0.024717
v 0.407559 -0.023302 0.024717
v 0.416794 -0.018951 -0.024717
v 0.416794 -0.018951 0.024717
v 0.410354 -0.028763 -0.024717
v 0.410354 -0.028763 0.024717
v 0.418016 -0.022017 -0.024717
v 0.418016 -0.022017 0.024717
v 0.413285 -0.032058 -0.024717
v 0.413285 -0.032058 0.024717
v 0.420284 -0.024625 -0.024717
v 0.420284 -0.024625 0.024717
v 0.418070 -0.036400 -0.024717
v 0.418070 -0.036400 0.024717
v 0.423315 -0.027642 -0.024717
v 0.423315 -0.027642 0.024717
v 0.423987 -0.039755 -0.024717
v 0.423987 -0.039755 0.024717
v 0.426871 -0.029961 -0.024717
v 0.426871 -0.029961 0.024717
v 0.430184 -0.041313 -0.024717
v 0.430184 -0.041313 0.024717
v 0.429867 -0.031109 -0.024717
v 0.429867 -0.031109 0.024717
v 0.663277 -0.049392 -0.024717
v 0.663277 -0.049392 0.024718
v 0.662960 -0.039188 -0.024717
v 0.662960 -0.039188 0.024718
v 0.669680 -0.049193 -0.024717
v 0.669680 -0.049193 0.024718
v 0.669363 -0.038989 -0.024717
v 0.669363 -0.038989 0.024718
v 0.677304 -0.048903 -0.024717
v 0.677304 -0.048903 0.024718
v 0.675531 -0.038849 -0.024717
v 0.675530 -0.038849 0.024718
v 0.683999 -0.047562 -0.024717
v 0.683999 -0.047562 0.024718
v 0.679804 -0.038255 -0.024717
v 0.679804 -0.038255 0.024718
v 0.690054 -0.044627 -0.024717
v 0.690054 -0.044627 0.024718
v 0.683509 -0.036792 -0.024717
v 0.683509 -0.036792 0.024718
v 0.694015 -0.041103 -0.024717
v 0.694015 -0.041103 0.024718
v 0.685708 -0.035169 -0.024717
v 0.685708 -0.035169 0.024718
v 0.697155 -0.036450 -0.024717
v 0.697155 -0.036450 0.024718
v 0.687665 -0.032687 -0.024717
v 0.687665 -0.032687 0.024718
v 0.699232 -0.030429 -0.024717
v 0.699232 -0.030429 0.024718
v 0.689031 -0.030025 -0.024717
v 0.689031 -0.030025 0.024718
v 0.700640 0.139593 -0.024716
v 0.700640 0.139593 0.024718
v 0.690439 0.139997 -0.024717
v 0.690439 0.139997 0.024718
v 0.407473 0.188639 -0.041322
v 0.408700 0.005018 -0.004672
v 0.407473 0.188639 0.041322
v 0.408700 0.005018 0.004672
v 0.313249 0.188639 -0.041322
v 0.321223 0.005018 -0.004672
v 0.313249 0.188639 0.041322
v 0.321223 0.005018 0.004672
v 0.345589 0.188639 0.041322
v 0.345351 0.005018 0.004672
v 0.345589 0.188639 -0.041322
v 0.345351 0.005018 -0.004672
v 0.408700 0.039294 -0.036955
v 0.408700 0.039294 0.036955
v 0.313249 0.039294 0.036955
v 0.313249 0.039294 -0.036955
v 0.345589 0.039294 -0.036955
v 0.345589 0.039294 0.036955
v 0.330868 -0.078900 0.000079
v 0.321223 -0.078900 0.000079
v 0.321223 -0.078900 -0.000079
v 0.330868 -0.078900 -0.000079
v 0.321223 -0.006002 -0.000365
v 0.330868 -0.006002 -0.000365
v 0.330868 -0.006002 0.000365
v 0.321223 -0.006002 0.000365
v 0.408700 0.027868 -0.032616
v 0.408700 0.016443 -0.017885
v 0.408700 0.016443 0.017885
v 0.408700 0.027868 0.032616
v 0.320695 0.016443 0.017885
v 0.316759 0.027868 0.032616
v 0.320695 0.016443 -0.017885
v 0.316759 0.027868 -0.032616
v 0.345430 0.016443 -0.017885
v 0.345510 0.027868 -0.032616
v 0.345430 0.016443 0.017885
v 0.345510 0.027868 0.032616
v -1.207889 0.245502 0.067655
v -1.207888 0.424555 0.067655
v -1.207889 0.245502 -0.067655
v -1.207888 0.424555 -0.067655
v -0.300065 0.232007 0.067655
v -0.300064 0.424555 0.067655
v -0.300065 0.232007 -0.067655
v -0.300064 0.424555 -0.067655
v -1.148202 0.232007 -0.067655
v -1.148202 0.424555 -0.067655
v -1.148202 0.232007 0.067655
v -1.148202 0.424555 0.067655
v -1.178045 0.245502 -0.067655
v -1.178046 0.424555 0.067655
v -1.178046 0.424555 -0.067655
v -1.178045 0.245502 0.067655
v -0.424033 0.424555 -0.067655
v -0.424032 0.160239 0.067655
v -0.424032 0.160239 -0.067655
v -0.424033 0.424555 0.067655
v -0.399239 0.424555 -0.067655
v -0.374445 0.424555 -0.067655
v -0.349652 0.424555 -0.067655
v -0.324858 0.424555 -0.067655
v -0.399239 0.164165 0.067655
v -0.374445 0.172282 0.067655
v -0.349652 0.185733 0.067655
v -0.324858 0.201041 0.067655
v -0.324858 0.201041 -0.067655
v -0.349652 0.185733 -0.067655
v -0.374445 0.172282 -0.067655
v -0.399239 0.164165 -0.067655
v -0.324858 0.424555 0.067655
v -0.349652 0.424555 0.067655
v -0.374445 0.424555 0.067655
v -0.399239 0.424555 0.067655
v -0.657853 0.228060 -0.067655
v -0.657853 0.424555 0.067655
v -0.657853 0.424555 -0.067655
v -0.657853 0.228060 0.067655
v -0.636597 0.424555 -0.067655
v -0.615341 0.424555 -0.067655
v -0.594084 0.424555 -0.067655
v -0.572828 0.424555 -0.067655
v -0.551571 0.424555 -0.067655
v -0.530315 0.424555 -0.067655
v -0.509058 0.424555 -0.067655
v -0.487802 0.424555 -0.067655
v -0.466545 0.424555 -0.067655
v -0.445289 0.424555 -0.067655
v -0.636597 0.226477 0.067655
v -0.615341 0.224184 0.067655
v -0.594084 0.219406 0.067655
v -0.572828 0.213563 0.067655
v -0.551571 0.207010 0.067655
v -0.530315 0.197617 0.067655
v -0.509058 0.187870 0.067655
v -0.487802 0.177767 0.067655
v -0.466545 0.167200 0.067655
v -0.445289 0.161562 0.067655
v -0.445289 0.161562 -0.067655
v -0.466545 0.167200 -0.067655
v -0.487802 0.177767 -0.067655
v -0.509058 0.187870 -0.067655
v -0.530315 0.197618 -0.067655
v -0.551571 0.207010 -0.067655
v -0.572828 0.213563 -0.067655
v -0.594084 0.219406 -0.067655
v -0.615341 0.224184 -0.067655
v -0.636597 0.226477 -0.067655
v -0.445289 0.424555 0.067655
v -0.466545 0.424555 0.067655
v -0.487802 0.424555 0.067655
v -0.509058 0.424555 0.067655
v -0.530315 0.424555 0.067655
v -0.551571 0.424555 0.067655
v -0.572828 0.424555 0.067655
v -0.594084 0.424555 0.067655
v -0.615341 0.424555 0.067655
v -0.636597 0.424555 0.067655
v -0.823368 0.229392 -0.067655
v -0.823368 0.424555 0.067655
v -0.823368 0.424555 -0.067655
v -0.823368 0.229392 0.067655
v -0.806817 0.416888 -0.067655
v -0.790265 0.412287 -0.067655
v -0.773714 0.412287 -0.067655
v -0.757162 0.412088 -0.067655
v -0.740611 0.412486 -0.067655
v -0.724059 0.412486 -0.067655
v -0.707508 0.412131 -0.067655
v -0.690956 0.412131 -0.067655
v -0.674405 0.415326 -0.067655
v -0.806817 0.229259 0.067655
v -0.790265 0.229126 0.067655
v -0.773714 0.228992 0.067655
v -0.757162 0.228859 0.067655
v -0.740611 0.228726 0.067655
v -0.724059 0.228593 0.067655
v -0.707508 0.228459 0.067655
v -0.690956 0.228326 0.067655
v -0.674405 0.228193 0.067655
v -0.674405 0.228193 -0.067655
v -0.690956 0.228326 -0.067655
v -0.707508 0.228459 -0.067655
v -0.724059 0.228593 -0.067655
v -0.740611 0.228726 -0.067655
v -0.757162 0.228859 -0.067655
v -0.773714 0.228992 -0.067655
v -0.790265 0.229126 -0.067655
v -0.806817 0.229259 -0.067655
v -0.674405 0.415326 0.067655
v -0.690956 0.412131 0.067655
v -0.707508 0.412131 0.067655
v -0.724059 0.412486 0.067655
v -0.740611 0.412486 0.067655
v -0.757162 0.412088 0.067655
v -0.773714 0.412287 0.067655
v -0.790265 0.412287 0.067655
v -0.806817 0.416888 0.067655
v -1.099600 0.231616 -0.067655
v -1.099600 0.424555 0.067655
v -1.099600 0.424555 -0.067655
v -1.099600 0.231616 0.067655
v -0.902555 0.424555 -0.067655
v -0.902555 0.230030 0.067655
v -0.902555 0.230030 -0.067655
v -0.902555 0.424555 0.067655
v -0.917712 0.230152 -0.067655
v -0.932869 0.230274 -0.067655
v -0.948026 0.230396 -0.067655
v -0.963184 0.230518 -0.067655
v -0.978341 0.230640 -0.067655
v -0.993499 0.230762 -0.067655
v -1.008656 0.230884 -0.067655
v -1.023813 0.231006 -0.067655
v -1.038971 0.231128 -0.067655
v -1.054128 0.231250 -0.067655
v -1.069285 0.231372 -0.067655
v -1.084443 0.231494 -0.067655
v -0.917712 0.415385 0.067655
v -0.932869 0.411835 0.067655
v -0.948027 0.410356 0.067655
v -0.963184 0.409173 0.067655
v -0.978341 0.408877 0.067655
v -0.993499 0.408877 0.067655
v -1.008656 0.408368 0.067655
v -1.023813 0.408368 0.067655
v -1.038971 0.408368 0.067655
v -1.054128 0.409220 0.067655
v -1.069285 0.410072 0.067655
v -1.084443 0.415184 0.067655
v -1.084443 0.415184 -0.067655
v -1.069285 0.410072 -0.067655
v -1.054128 0.409220 -0.067655
v -1.038971 0.408368 -0.067655
v -1.023813 0.408368 -0.067655
v -1.008656 0.408368 -0.067655
v -0.993499 0.408877 -0.067655
v -0.978341 0.408877 -0.067655
v -0.963184 0.409173 -0.067655
v -0.948027 0.410356 -0.067655
v -0.932869 0.411835 -0.067655
v -0.917712 0.415385 -0.067655
v -1.084443 0.231494 0.067655
v -1.069285 0.231372 0.067655
v -1.054128 0.231250 0.067655
v -1.038971 0.231128 0.067655
v -1.023813 0.231006 0.067655
v -1.008656 0.230884 0.067655
v -0.993499 0.230762 0.067655
v -0.978341 0.230640 0.067655
v -0.963184 0.230518 0.067655
v -0.948026 0.230396 0.067655
v -0.932869 0.230274 0.067655
v -0.917712 0.230152 0.067655
v -1.207888 0.411199 0.067655
v -1.207888 0.411199 -0.067655
v -0.300065 0.410192 -0.067655
v -0.300065 0.410192 0.067655
v -1.148202 0.410192 0.067655
v -1.148202 0.410192 -0.067655
v -1.178046 0.411199 -0.067655
v -1.178046 0.411199 0.067655
v -0.424033 0.404839 0.067655
v -0.424033 0.404839 -0.067655
v -0.324858 0.407882 0.067655
v -0.349652 0.406740 0.067655
v -0.374445 0.405737 0.067655
v -0.399239 0.405131 0.067655
v -0.399239 0.405131 -0.067655
v -0.374445 0.405737 -0.067655
v -0.349652 0.406740 -0.067655
v -0.324858 0.407882 -0.067655
v -0.657853 0.409898 -0.067655
v -0.657853 0.409898 0.067655
v -0.445289 0.404937 0.067655
v -0.466546 0.405358 0.067655
v -0.487802 0.406146 0.067655
v -0.509058 0.406900 0.067655
v -0.530315 0.407627 0.067655
v -0.551571 0.408327 0.067655
v -0.572828 0.408816 0.067655
v -0.594084 0.409252 0.067655
v -0.615340 0.409608 0.067655
v -0.636597 0.409779 0.067655
v -0.636597 0.409779 -0.067655
v -0.615341 0.409609 -0.067655
v -0.594084 0.409252 -0.067655
v -0.572828 0.408816 -0.067655
v -0.551571 0.408327 -0.067655
v -0.530315 0.407627 -0.067655
v -0.509058 0.406900 -0.067655
v -0.487802 0.406146 -0.067655
v -0.466546 0.405358 -0.067655
v -0.445289 0.404937 -0.067655
v -0.823368 0.409997 -0.067655
v -0.823368 0.409997 0.067655
v -0.674405 0.401366 0.067655
v -0.690956 0.398420 0.067655
v -0.707508 0.398430 0.067655
v -0.724059 0.398768 0.067655
v -0.740611 0.398778 0.067655
v -0.757162 0.398420 0.067655
v -0.773714 0.398614 0.067655
v -0.790265 0.398624 0.067655
v -0.806817 0.402891 0.067655
v -0.806817 0.402891 -0.067655
v -0.790265 0.398624 -0.067655
v -0.773714 0.398614 -0.067655
v -0.757162 0.398420 -0.067655
v -0.740611 0.398778 -0.067655
v -0.724059 0.398768 -0.067655
v -0.707508 0.398430 -0.067655
v -0.690956 0.398420 -0.067655
v -0.674405 0.401366 -0.067655
v -1.099600 0.410163 -0.067655
v -1.099600 0.410163 0.067655
v -0.902555 0.410045 0.067655
v -0.902555 0.410045 -0.067655
v -1.084443 0.401481 -0.067655
v -1.069285 0.396742 -0.067655
v -1.054128 0.395944 -0.067655
v -1.038971 0.395147 -0.067655
v -1.023813 0.395138 -0.067655
v -1.008656 0.395129 -0.067655
v -0.993499 0.395590 -0.067655
v -0.978341 0.395581 -0.067655
v -0.963184 0.395846 -0.067655
v -0.948027 0.396932 -0.067655
v -0.932869 0.398291 -0.067655
v -0.917712 0.401568 -0.067655
v -0.917712 0.401567 0.067655
v -0.932869 0.398291 0.067655
v -0.948027 0.396932 0.067655
v -0.963184 0.395846 0.067655
v -0.978341 0.395581 0.067655
v -0.993499 0.395590 0.067655
v -1.008656 0.395129 0.067655
v -1.023813 0.395138 0.067655
v -1.038971 0.395147 0.067655
v -1.054128 0.395944 0.067655
v -1.069285 0.396742 0.067655
v -1.084443 0.401481 0.067655
v -1.207888 0.258304 -0.067655
v -0.300064 0.245774 -0.067655
v -0.300064 0.245774 0.067655
v -1.148202 0.245774 0.067655
v -1.148202 0.245774 -0.067655
v -1.178045 0.258304 -0.067655
v -1.178045 0.258304 0.067655
v -0.424033 0.179137 0.067655
v -0.424033 0.179137 -0.067655
v -0.324858 0.217021 0.067655
v -0.349652 0.202808 0.067655
v -0.374445 0.190319 0.067655
v -0.399239 0.182782 0.067655
v -0.399239 0.182782 -0.067655
v -0.374445 0.190319 -0.067655
v -0.349652 0.202808 -0.067655
v -0.324858 0.217021 -0.067655
v -0.657853 0.242108 -0.067655
v -0.657853 0.242108 0.067655
v -0.445289 0.180365 0.067655
v -0.466545 0.185600 0.067655
v -0.487802 0.195412 0.067655
v -0.509058 0.204792 0.067655
v -0.530315 0.213843 0.067655
v -0.551571 0.222564 0.067655
v -0.572828 0.228648 0.067655
v -0.594084 0.234073 0.067655
v -0.615340 0.238509 0.067655
v -0.636597 0.240638 0.067655
v -0.636597 0.240638 -0.067655
v -0.615341 0.238509 -0.067655
v -0.594084 0.234073 -0.067655
v -0.572828 0.228648 -0.067655
v -0.551571 0.222564 -0.067655
v -0.530315 0.213843 -0.067655
v -0.509058 0.204792 -0.067655
v -0.487802 0.195412 -0.067655
v -0.466545 0.185600 -0.067655
v -0.445289 0.180365 -0.067655
v -0.823368 0.243346 -0.067655
v -0.823368 0.243346 0.067655
v -0.674405 0.241572 0.067655
v -0.690956 0.241468 0.067655
v -0.707508 0.241591 0.067655
v -0.724059 0.241740 0.067655
v -0.740611 0.241864 0.067655
v -0.757162 0.241959 0.067655
v -0.773714 0.242097 0.067655
v -0.790265 0.242221 0.067655
v -0.806817 0.242674 0.067655
v -0.806817 0.242674 -0.067655
v -0.790265 0.242221 -0.067655
v -0.773714 0.242097 -0.067655
v -0.757162 0.241959 -0.067655
v -0.740611 0.241864 -0.067655
v -0.724059 0.241740 -0.067655
v -0.707508 0.241591 -0.067655
v -0.690956 0.241468 -0.067655
v -0.674405 0.241572 -0.067655
v -1.099600 0.245411 -0.067655
v -1.099600 0.245411 0.067655
v -0.902555 0.243938 0.067655
v -0.902555 0.243938 -0.067655
v -1.084443 0.244627 -0.067655
v -1.069285 0.244148 -0.067655
v -1.054128 0.243974 -0.067655
v -1.038971 0.243800 -0.067655
v -1.023813 0.243687 -0.067655
v -1.008656 0.243573 -0.067655
v -0.993499 0.243497 -0.067655
v -0.978341 0.243383 -0.067655
v -0.963184 0.243291 -0.067655
v -0.948026 0.243262 -0.067655
v -0.932869 0.243255 -0.067655
v -0.917712 0.243395 -0.067655
v -0.917712 0.243395 0.067655
v -0.932869 0.243255 0.067655
v -0.948027 0.243262 0.067655
v -0.963184 0.243291 0.067655
v -0.978341 0.243383 0.067655
v -0.993499 0.243497 0.067655
v -1.008656 0.243573 0.067655
v -1.023813 0.243687 0.067655
v -1.038971 0.243800 0.067655
v -1.054128 0.243974 0.067655
v -1.069286 0.244148 0.067655
v -1.084443 0.244627 0.067655
v -1.207888 0.258304 0.067655
v -1.207889 0.245502 0.054945
v -1.207888 0.424555 0.054945
v -0.300065 0.232007 0.054945
v -0.300064 0.424555 0.054945
v -1.148202 0.424555 0.054945
v -1.148202 0.232007 0.054945
v -1.178045 0.245502 0.054945
v -1.178046 0.424555 0.054945
v -0.424033 0.424555 0.054945
v -0.424032 0.160239 0.054945
v -0.324858 0.424555 0.054945
v -0.349652 0.424555 0.054945
v -0.374445 0.424555 0.054945
v -0.399239 0.424555 0.054945
v -0.399239 0.164165 0.054945
v -0.374445 0.172282 0.054945
v -0.349652 0.185733 0.054945
v -0.324858 0.201041 0.054945
v -0.657853 0.228060 0.054945
v -0.657853 0.424555 0.054945
v -0.445289 0.424555 0.054945
v -0.466545 0.424555 0.054945
v -0.487802 0.424555 0.054945
v -0.509058 0.424555 0.054945
v -0.530315 0.424555 0.054945
v -0.551571 0.424555 0.054945
v -0.572828 0.424555 0.054945
v -0.594084 0.424555 0.054945
v -0.615341 0.424555 0.054945
v -0.636597 0.424555 0.054945
v -0.636597 0.226477 0.054945
v -0.615341 0.224184 0.054945
v -0.594084 0.219406 0.054945
v -0.572828 0.213563 0.054945
v -0.551571 0.207010 0.054945
v -0.530315 0.197617 0.054945
v -0.509058 0.187870 0.054945
v -0.487802 0.177767 0.054945
v -0.466545 0.167200 0.054945
v -0.445289 0.161562 0.054945
v -0.823368 0.229392 0.054945
v -0.823368 0.424555 0.054945
v -0.674405 0.415326 0.054945
v -0.690956 0.412131 0.054945
v -0.707508 0.412131 0.054945
v -0.724059 0.412486 0.054945
v -0.740611 0.412486 0.054945
v -0.757162 0.412088 0.054945
v -0.773714 0.412287 0.054945
v -0.790265 0.412287 0.054945
v -0.806817 0.416888 0.054945
v -0.806817 0.229259 0.054945
v -0.790265 0.229126 0.054945
v -0.773714 0.228992 0.054945
v -0.757162 0.228859 0.054945
v -0.740611 0.228726 0.054945
v -0.724059 0.228593 0.054945
v -0.707508 0.228459 0.054945
v -0.690956 0.228326 0.054945
v -0.674405 0.228193 0.054945
v -1.099600 0.231616 0.054945
v -1.099600 0.424555 0.054945
v -0.902555 0.424555 0.054945
v -0.902555 0.230030 0.054945
v -1.084443 0.231494 0.054945
v -1.069285 0.231372 0.054945
v -1.054128 0.231250 0.054945
v -1.038971 0.231128 0.054945
v -1.023813 0.231006 0.054945
v -1.008656 0.230884 0.054945
v -0.993499 0.230762 0.054945
v -0.978341 0.230640 0.054945
v -0.963184 0.230518 0.054945
v -0.948026 0.230396 0.054945
v -0.932869 0.230274 0.054945
v -0.917712 0.230152 0.054945
v -0.917712 0.415385 0.054945
v -0.932869 0.411835 0.054945
v -0.948027 0.410356 0.054945
v -0.963184 0.409173 0.054945
v -0.978341 0.408877 0.054945
v -0.993499 0.408877 0.054945
v -1.008656 0.408368 0.054945
v -1.023813 0.408368 0.054945
v -1.038971 0.408368 0.054945
v -1.054128 0.409220 0.054945
v -1.069285 0.410072 0.054945
v -1.084443 0.415184 0.054945
v -0.300065 0.410192 0.054945
v -1.207888 0.411199 0.054945
v -1.207888 0.258304 0.054945
v -0.300064 0.245774 0.054945
v -1.207888 0.424555 -0.056489
v -0.300065 0.232007 -0.056489
v -1.207888 0.411199 -0.056489
v -1.207888 0.258304 -0.056489
v -1.207889 0.245502 -0.056489
v -0.300064 0.424555 -0.056489
v -1.148202 0.424555 -0.056489
v -1.148202 0.232007 -0.056489
v -1.178045 0.245502 -0.056489
v -1.178046 0.424555 -0.056489
v -0.424033 0.424555 -0.056489
v -0.424032 0.160239 -0.056489
v -0.324858 0.424555 -0.056489
v -0.349652 0.424555 -0.056489
v -0.374445 0.424555 -0.056489
v -0.399239 0.424555 -0.056489
v -0.399239 0.164165 -0.056489
v -0.374445 0.172282 -0.056489
v -0.349652 0.185733 -0.056489
v -0.324858 0.201041 -0.056489
v -0.657853 0.228060 -0.056489
v -0.657853 0.424555 -0.056489
v -0.445289 0.424555 -0.056489
v -0.466545 0.424555 -0.056489
v -0.487802 0.424555 -0.056489
v -0.509058 0.424555 -0.056489
v -0.530315 0.424555 -0.056489
v -0.551571 0.424555 -0.056489
v -0.572828 0.424555 -0.056489
v -0.594084 0.424555 -0.056489
v -0.615341 0.424555 -0.056489
v -0.636597 0.424555 -0.056489
v -0.636597 0.226477 -0.056489
v -0.615341 0.224184 -0.056489
v -0.594084 0.219406 -0.056489
v -0.572828 0.213563 -0.056489
v -0.551571 0.207010 -0.056489
v -0.530315 0.197618 -0.056489
v -0.509058 0.187870 -0.056489
v -0.487802 0.177767 -0.056489
v -0.466545 0.167200 -0.056489
v -0.445289 0.161562 -0.056489
v -0.823368 0.229392 -0.056489
v -0.823368 0.424555 -0.056489
v -0.674405 0.415326 -0.056489
v -0.690956 0.412131 -0.056489
v -0.707508 0.412131 -0.056489
v -0.724059 0.412486 -0.056489
v -0.740611 0.412486 -0.056489
v -0.757162 0.412088 -0.056489
v -0.773714 0.412287 -0.056489
v -0.790265 0.412287 -0.056489
v -0.806817 0.416888 -0.056489
v -0.806817 0.229259 -0.056489
v -0.790265 0.229126 -0.056489
v -0.773714 0.228992 -0.056489
v -0.757162 0.228859 -0.056489
v -0.740611 0.228726 -0.056489
v -0.724059 0.228593 -0.056489
v -0.707508 0.228459 -0.056489
v -0.690956 0.228326 -0.056489
v -0.674405 0.228193 -0.056489
v -1.099600 0.231616 -0.056489
v -1.099600 0.424555 -0.056489
v -0.902555 0.424555 -0.056489
v -0.902555 0.230030 -0.056489
v -1.084443 0.231494 -0.056489
v -1.069285 0.231372 -0.056489
v -1.054128 0.231250 -0.056489
v -1.038971 0.231128 -0.056489
v -1.023813 0.231006 -0.056489
v -1.008656 0.230884 -0.056489
v -0.993499 0.230762 -0.056489
v -0.978341 0.230640 -0.056489
v -0.963184 0.230518 -0.056489
v -0.948026 0.230396 -0.056489
v -0.932869 0.230274 -0.056489
v -0.917712 0.230152 -0.056489
v -0.917712 0.415385 -0.056489
v -0.932869 0.411835 -0.056489
v -0.948027 0.410356 -0.056489
v -0.963184 0.409173 -0.056489
v -0.978341 0.408877 -0.056489
v -0.993499 0.408877 -0.056489
v -1.008656 0.408368 -0.056489
v -1.023813 0.408368 -0.056489
v -1.038971 0.408368 -0.056489
v -1.054128 0.409220 -0.056489
v -1.069285 0.410072 -0.056489
v -1.084443 0.415184 -0.056489
v -0.300065 0.410192 -0.056489
v -0.300064 0.245774 -0.056489
v -2.414418 0.365238 -0.044237
v -1.111461 0.365238 -0.044237
v -2.414418 0.360902 -0.044024
v -1.111461 0.360902 -0.044024
v -2.414418 0.356607 -0.043387
v -1.111461 0.356607 -0.043387
v -2.414418 0.352396 -0.042332
v -1.111461 0.352396 -0.042332
v -2.414418 0.348309 -0.040870
v -1.111461 0.348309 -0.040870
v -2.414418 0.344384 -0.039013
v -1.111461 0.344385 -0.039013
v -2.414418 0.340661 -0.036782
v -1.111461 0.340661 -0.036782
v -2.414418 0.337174 -0.034196
v -1.111461 0.337174 -0.034196
v -2.414418 0.333957 -0.031280
v -1.111461 0.333957 -0.031280
v -2.414418 0.331042 -0.028064
v -1.111461 0.331042 -0.028064
v -2.414418 0.328456 -0.024577
v -1.111461 0.328456 -0.024577
v -2.414418 0.326224 -0.020853
v -1.111461 0.326224 -0.020853
v -2.414418 0.324368 -0.016929
v -1.111461 0.324368 -0.016929
v -2.414418 0.322906 -0.012841
v -1.111461 0.322906 -0.012841
v -2.414418 0.321851 -0.008630
v -1.111461 0.321851 -0.008630
v -2.414418 0.321214 -0.004336
v -1.111461 0.321214 -0.004336
v -2.414418 0.321001 0.000000
v -1.111461 0.321001 0.000000
v -2.414418 0.321214 0.004336
v -1.111461 0.321214 0.004336
v -2.414418 0.321851 0.008630
v -1.111461 0.321851 0.008630
v -2.414418 0.322906 0.012841
v -1.111461 0.322906 0.012841
v -2.414418 0.324368 0.016929
v -1.111461 0.324368 0.016929
v -2.414418 0.326224 0.020853
v -1.111461 0.326224 0.020853
v -2.414418 0.328456 0.024577
v -1.111461 0.328456 0.024577
v -2.414418 0.331042 0.028064
v -1.111461 0.331042 0.028064
v -2.414418 0.333957 0.031280
v -1.111461 0.333957 0.031280
v -2.414418 0.337174 0.034196
v -1.111461 0.337174 0.034196
v -2.414418 0.340661 0.036782
v -1.111461 0.340661 0.036782
v -2.414418 0.344384 0.039013
v -1.111461 0.344385 0.039013
v -2.414418 0.348309 0.040870
v -1.111461 0.348309 0.040870
v -2.414418 0.352396 0.042332
v -1.111461 0.352396 0.042332
v -2.414418 0.356607 0.043387
v -1.111461 0.356607 0.043387
v -2.414418 0.360902 0.044024
v -1.111461 0.360902 0.044024
v -2.414418 0.365238 0.044237
v -1.111461 0.365238 0.044237
v -2.414418 0.369574 0.044024
v -1.111461 0.369574 0.044024
v -2.414418 0.373868 0.043387
v -1.111461 0.373868 0.043387
v -2.414418 0.378079 0.042332
v -1.111461 0.378079 0.042332
v -2.414418 0.382167 0.040870
v -1.111461 0.382166 0.040870
v -2.414418 0.386091 0.039013
v -1.111461 0.386091 0.039013
v -2.414418 0.389814 0.036782
v -1.111461 0.389814 0.036782
v -2.414418 0.393301 0.034196
v -1.111461 0.393301 0.034196
v -2.414418 0.396518 0.031280
v -1.111461 0.396518 0.031280
v -2.414418 0.399433 0.028064
v -1.111461 0.399433 0.028064
v -2.414418 0.402019 0.024577
v -1.111461 0.402019 0.024577
v -2.414418 0.404251 0.020853
v -1.111461 0.404251 0.020853
v -2.414418 0.406107 0.016929
v -1.111461 0.406107 0.016929
v -2.414418 0.407570 0.012841
v -1.111461 0.407570 0.012841
v -2.414418 0.408625 0.008630
v -1.111461 0.408625 0.008630
v -2.414418 0.409262 0.004336
v -1.111461 0.409262 0.004336
v -2.414418 0.409475 0.000000
v -1.111461 0.409475 0.000000
v -2.414418 0.409262 -0.004336
v -1.111461 0.409262 -0.004336
v -2.414418 0.408625 -0.008630
v -1.111461 0.408625 -0.008630
v -2.414418 0.407570 -0.012841
v -1.111461 0.407570 -0.012841
v -2.414418 0.406107 -0.016929
v -1.111461 0.406107 -0.016929
v -2.414418 0.404251 -0.020853
v -1.111461 0.404251 -0.020853
v -2.414418 0.402019 -0.024577
v -1.111461 0.402019 -0.024577
v -2.414418 0.399433 -0.028064
v -1.111461 0.399433 -0.028064
v -2.414418 0.396518 -0.031280
v -1.111461 0.396518 -0.031280
v -2.414418 0.393301 -0.034196
v -1.111461 0.393301 -0.034196
v -2.414418 0.389814 -0.036782
v -1.111461 0.389814 -0.036782
v -2.414418 0.386091 -0.039013
v -1.111461 0.386091 -0.039013
v -2.414418 0.382167 -0.040870
v -1.111461 0.382166 -0.040870
v -2.414418 0.378079 -0.042332
v -1.111461 0.378079 -0.042332
v -2.414418 0.373868 -0.043387
v -1.111461 0.373868 -0.043387
v -2.414418 0.369574 -0.044024
v -1.111461 0.369574 -0.044024
v -1.206909 0.422781 0.065728
v -1.206909 0.549263 0.052942
v -1.206909 0.422781 -0.065728
v -1.206909 0.549263 -0.052831
v -0.214373 0.422781 0.065728
v -0.214373 0.564456 0.052942
v -0.214373 0.422781 -0.065728
v -0.214373 0.564456 -0.052831
v -0.823825 0.422781 -0.065728
v -0.823825 0.585918 -0.052831
v -0.823825 0.422781 0.065728
v -0.823825 0.585918 0.052942
v -0.636014 0.585918 -0.052831
v -0.636014 0.422781 0.065728
v -0.636014 0.422781 -0.065728
v -0.636014 0.585918 0.052942
v -0.648535 0.422781 -0.065728
v -0.661056 0.422781 -0.065728
v -0.673576 0.435606 -0.065728
v -0.686097 0.440458 -0.065728
v -0.698618 0.440458 -0.065728
v -0.711138 0.440458 -0.065728
v -0.723659 0.440458 -0.065728
v -0.736180 0.440458 -0.065728
v -0.748701 0.440458 -0.065728
v -0.761221 0.440458 -0.065728
v -0.773742 0.440458 -0.065728
v -0.786263 0.440458 -0.065728
v -0.798783 0.440458 -0.065728
v -0.811304 0.434219 -0.065728
v -0.648535 0.585918 0.052942
v -0.661056 0.585918 0.052942
v -0.673576 0.585918 0.052942
v -0.686097 0.585918 0.052942
v -0.698618 0.585918 0.052942
v -0.711138 0.585918 0.052942
v -0.723659 0.585918 0.052942
v -0.736180 0.585918 0.052942
v -0.748701 0.585918 0.052942
v -0.761221 0.585918 0.052942
v -0.773742 0.585918 0.052942
v -0.786263 0.585918 0.052942
v -0.798783 0.585918 0.052942
v -0.811304 0.585918 0.052942
v -0.811304 0.585918 -0.052831
v -0.798783 0.585918 -0.052831
v -0.786263 0.585918 -0.052831
v -0.773742 0.585918 -0.052831
v -0.761221 0.585918 -0.052831
v -0.748701 0.585918 -0.052831
v -0.736180 0.585918 -0.052831
v -0.723659 0.585918 -0.052831
v -0.711138 0.585918 -0.052831
v -0.698618 0.585918 -0.052831
v -0.686097 0.585918 -0.052831
v -0.673576 0.585918 -0.052831
v -0.661056 0.585918 -0.052831
v -0.648535 0.585918 -0.052831
v -0.811304 0.434219 0.065728
v -0.798783 0.440458 0.065728
v -0.786263 0.440458 0.065728
v -0.773742 0.440458 0.065728
v -0.761221 0.440458 0.065728
v -0.748701 0.440458 0.065728
v -0.736180 0.440458 0.065728
v -0.723659 0.440458 0.065728
v -0.711138 0.440458 0.065728
v -0.698618 0.440458 0.065728
v -0.686097 0.440458 0.065728
v -0.673576 0.435606 0.065728
v -0.661056 0.422781 0.065728
v -0.648535 0.422781 0.065728
v -0.323418 0.585918 -0.052831
v -0.323418 0.422781 0.065728
v -0.323418 0.422781 -0.065728
v -0.323418 0.585918 0.052942
v -0.312513 0.576435 -0.052831
v -0.301609 0.569946 -0.052831
v -0.290705 0.565454 -0.052831
v -0.279800 0.564955 -0.052831
v -0.268896 0.564456 -0.052831
v -0.257991 0.564456 -0.052831
v -0.247086 0.564456 -0.052831
v -0.236182 0.564456 -0.052831
v -0.225277 0.564456 -0.052831
v -0.312513 0.422781 0.065728
v -0.301609 0.422781 0.065728
v -0.290705 0.422781 0.065728
v -0.279800 0.422781 0.065728
v -0.268896 0.422781 0.065728
v -0.257991 0.422781 0.065728
v -0.247086 0.422781 0.065728
v -0.236182 0.422781 0.065728
v -0.225277 0.422781 0.065728
v -0.225277 0.422781 -0.065728
v -0.236182 0.422781 -0.065728
v -0.247086 0.422781 -0.065728
v -0.257991 0.422781 -0.065728
v -0.268896 0.422781 -0.065728
v -0.279800 0.422781 -0.065728
v -0.290705 0.422781 -0.065728
v -0.301609 0.422781 -0.065728
v -0.312513 0.422781 -0.065728
v -0.225277 0.564456 0.052942
v -0.236182 0.564456 0.052942
v -0.247086 0.564456 0.052942
v -0.257991 0.564456 0.052942
v -0.268896 0.564456 0.052942
v -0.279800 0.564955 0.052942
v -0.290705 0.565454 0.052942
v -0.301609 0.569946 0.052942
v -0.312513 0.576435 0.052942
v -1.144720 0.422781 -0.065728
v -1.144720 0.582591 0.052942
v -1.144720 0.582591 -0.052831
v -1.144720 0.422781 0.065728
v -1.153604 0.422781 -0.065728
v -1.162488 0.422781 -0.065728
v -1.171373 0.422781 -0.065728
v -1.180257 0.422781 -0.065728
v -1.189141 0.422781 -0.065728
v -1.198025 0.422781 -0.065728
v -1.153604 0.582175 0.052942
v -1.162489 0.581343 0.052942
v -1.171373 0.580205 0.052942
v -1.180257 0.578352 0.052942
v -1.189141 0.573700 0.052942
v -1.198025 0.565794 0.052942
v -1.198025 0.565794 -0.052831
v -1.189141 0.573700 -0.052831
v -1.180257 0.578352 -0.052831
v -1.171373 0.580205 -0.052831
v -1.162489 0.581343 -0.052831
v -1.153604 0.582175 -0.052831
v -1.198025 0.422781 0.065728
v -1.189141 0.422781 0.065728
v -1.180257 0.422781 0.065728
v -1.171373 0.422781 0.065728
v -1.162488 0.422781 0.065728
v -1.153604 0.422781 0.065728
v -0.903741 0.585089 -0.052831
v -0.903741 0.422781 0.065728
v -0.903741 0.422781 -0.065728
v -0.903741 0.585089 0.052942
v -1.098542 0.422781 -0.065728
v -1.098542 0.583069 0.052942
v -1.098542 0.583069 -0.052831
v -1.098542 0.422781 0.065728
v -1.090750 0.583150 -0.052831
v -1.082958 0.583231 -0.052831
v -1.075166 0.583312 -0.052831
v -1.067374 0.583393 -0.052831
v -1.059582 0.583474 -0.052831
v -1.051790 0.583554 -0.052831
v -1.043998 0.583635 -0.052831
v -1.036205 0.583716 -0.052831
v -1.028413 0.583797 -0.052831
v -1.020621 0.583877 -0.052831
v -1.012829 0.583958 -0.052831
v -1.005037 0.584039 -0.052831
v -0.997245 0.584120 -0.052831
v -0.989453 0.584201 -0.052831
v -0.981661 0.584281 -0.052831
v -0.973869 0.584362 -0.052831
v -0.966077 0.584443 -0.052831
v -0.958285 0.584524 -0.052831
v -0.950493 0.584605 -0.052831
v -0.942701 0.584685 -0.052831
v -0.934909 0.584766 -0.052831
v -0.927117 0.584847 -0.052831
v -0.919325 0.584928 -0.052831
v -0.911533 0.585009 -0.052831
v -1.090750 0.432486 0.065728
v -1.082958 0.438725 0.065728
v -1.075166 0.443231 0.065728
v -1.067374 0.445657 0.065728
v -1.059582 0.447044 0.065728
v -1.051790 0.447044 0.065728
v -1.043997 0.447044 0.065728
v -1.036205 0.447044 0.065728
v -1.028413 0.447044 0.065728
v -1.020621 0.447044 0.065728
v -1.012829 0.447044 0.065728
v -1.005037 0.447044 0.065728
v -0.997245 0.447044 0.065728
v -0.989453 0.447044 0.065728
v -0.981661 0.447044 0.065728
v -0.973869 0.447044 0.065728
v -0.966077 0.447044 0.065728
v -0.958285 0.447044 0.065728
v -0.950493 0.447044 0.065728
v -0.942701 0.447044 0.065728
v -0.934909 0.445311 0.065728
v -0.927117 0.442191 0.065728
v -0.919325 0.438032 0.065728
v -0.911533 0.432140 0.065728
v -0.911533 0.432140 -0.065728
v -0.919325 0.438032 -0.065728
v -0.927117 0.442191 -0.065728
v -0.934909 0.445311 -0.065728
v -0.942701 0.447044 -0.065728
v -0.950493 0.447044 -0.065728
v -0.958285 0.447044 -0.065728
v -0.966077 0.447044 -0.065728
v -0.973869 0.447044 -0.065728
v -0.981661 0.447044 -0.065728
v -0.989453 0.447044 -0.065728
v -0.997245 0.447044 -0.065728
v -1.005037 0.447044 -0.065728
v -1.012830 0.447044 -0.065728
v -1.020621 0.447044 -0.065728
v -1.028414 0.447044 -0.065728
v -1.036206 0.447044 -0.065728
v -1.043998 0.447044 -0.065728
v -1.051790 0.447044 -0.065728
v -1.059582 0.447044 -0.065728
v -1.067374 0.445657 -0.065728
v -1.075166 0.443231 -0.065728
v -1.082958 0.438725 -0.065728
v -1.090750 0.432486 -0.065728
v -0.911533 0.585009 0.052942
v -0.919325 0.584928 0.052942
v -0.927117 0.584847 0.052942
v -0.934909 0.584766 0.052942
v -0.942701 0.584685 0.052942
v -0.950493 0.584605 0.052942
v -0.958285 0.584524 0.052942
v -0.966077 0.584443 0.052942
v -0.973869 0.584362 0.052942
v -0.981661 0.584281 0.052942
v -0.989453 0.584201 0.052942
v -0.997245 0.584120 0.052942
v -1.005037 0.584039 0.052942
v -1.012830 0.583958 0.052942
v -1.020621 0.583877 0.052942
v -1.028414 0.583797 0.052942
v -1.036206 0.583716 0.052942
v -1.043998 0.583635 0.052942
v -1.051790 0.583554 0.052942
v -1.059582 0.583473 0.052942
v -1.067374 0.583393 0.052942
v -1.075166 0.583312 0.052942
v -1.082958 0.583231 0.052942
v -1.090750 0.583150 0.052942
v -1.206909 0.535466 0.054059
v -1.206909 0.535466 -0.052831
v -0.214373 0.549002 -0.052831
v -0.214373 0.549002 0.052942
v -0.823825 0.568123 0.052942
v -0.823825 0.568123 -0.052831
v -0.636014 0.568123 0.052942
v -0.636014 0.568123 -0.052831
v -0.811304 0.569371 -0.052831
v -0.798784 0.570051 -0.052831
v -0.786263 0.570051 -0.052831
v -0.773742 0.570051 -0.052831
v -0.761221 0.570051 -0.052831
v -0.748701 0.570051 -0.052831
v -0.736180 0.570051 -0.052831
v -0.723659 0.570051 -0.052831
v -0.711138 0.570051 -0.052831
v -0.698618 0.570051 -0.052831
v -0.686097 0.570051 -0.052831
v -0.673576 0.569522 -0.052831
v -0.661056 0.568123 -0.052831
v -0.648535 0.568123 -0.052831
v -0.648535 0.568123 0.052942
v -0.661056 0.568123 0.052942
v -0.673576 0.569522 0.052942
v -0.686097 0.570051 0.052942
v -0.698618 0.570051 0.052942
v -0.711138 0.570051 0.052942
v -0.723659 0.570051 0.052942
v -0.736180 0.570051 0.052942
v -0.748701 0.570051 0.052942
v -0.761221 0.570051 0.052942
v -0.773742 0.570051 0.052942
v -0.786263 0.570051 0.052942
v -0.798784 0.570051 0.052942
v -0.811304 0.569371 0.052942
v -0.323418 0.568123 0.052942
v -0.323418 0.568123 -0.052831
v -0.225277 0.549002 0.052942
v -0.236182 0.549002 0.052942
v -0.247086 0.549002 0.052942
v -0.257991 0.549002 0.052942
v -0.268896 0.549002 0.052942
v -0.279800 0.549447 0.052942
v -0.290705 0.549891 0.052942
v -0.301609 0.553893 0.052942
v -0.312513 0.559674 0.052942
v -0.312513 0.559674 -0.052831
v -0.301609 0.553893 -0.052831
v -0.290705 0.549891 -0.052831
v -0.279800 0.549447 -0.052831
v -0.268896 0.549002 -0.052831
v -0.257991 0.549002 -0.052831
v -0.247087 0.549002 -0.052831
v -0.236182 0.549002 -0.052831
v -0.225277 0.549002 -0.052831
v -1.144720 0.565158 -0.052831
v -1.144720 0.565158 0.052942
v -1.198025 0.550194 -0.052831
v -1.189141 0.557237 -0.052831
v -1.180257 0.561382 -0.052831
v -1.171373 0.563033 -0.052831
v -1.162488 0.564047 -0.052831
v -1.153604 0.564788 -0.052831
v -1.153604 0.564788 0.052942
v -1.162488 0.564047 0.052942
v -1.171373 0.563033 0.052942
v -1.180257 0.561382 0.052942
v -1.189141 0.557237 0.052942
v -1.198025 0.550194 0.052942
v -0.903741 0.567385 0.052942
v -0.903741 0.567385 -0.052831
v -1.098542 0.565585 -0.052831
v -1.098542 0.565585 0.052942
v -0.911533 0.568334 0.052942
v -0.919325 0.568904 0.052942
v -0.927117 0.569286 0.052942
v -0.934909 0.569554 0.052942
v -0.942701 0.569671 0.052942
v -0.950493 0.569599 0.052942
v -0.958285 0.569527 0.052942
v -0.966077 0.569455 0.052942
v -0.973869 0.569383 0.052942
v -0.981661 0.569311 0.052942
v -0.989453 0.569239 0.052942
v -0.997245 0.569167 0.052942
v -1.005037 0.569095 0.052942
v -1.012830 0.569024 0.052942
v -1.020621 0.568951 0.052942
v -1.028414 0.568880 0.052942
v -1.036206 0.568807 0.052942
v -1.043998 0.568735 0.052942
v -1.051790 0.568664 0.052942
v -1.059582 0.568591 0.052942
v -1.067374 0.568368 0.052942
v -1.075166 0.568032 0.052942
v -1.082958 0.567468 0.052942
v -1.090750 0.566716 0.052942
v -1.090750 0.566716 -0.052831
v -1.082958 0.567468 -0.052831
v -1.075166 0.568032 -0.052831
v -1.067374 0.568368 -0.052831
v -1.059582 0.568591 -0.052831
v -1.051790 0.568664 -0.052831
v -1.043998 0.568736 -0.052831
v -1.036205 0.568807 -0.052831
v -1.028413 0.568879 -0.052831
v -1.020621 0.568951 -0.052831
v -1.012829 0.569023 -0.052831
v -1.005037 0.569095 -0.052831
v -0.997245 0.569167 -0.052831
v -0.989453 0.569239 -0.052831
v -0.981661 0.569311 -0.052831
v -0.973869 0.569383 -0.052831
v -0.966077 0.569455 -0.052831
v -0.958285 0.569527 -0.052831
v -0.950493 0.569599 -0.052831
v -0.942701 0.569671 -0.052831
v -0.934909 0.569554 -0.052831
v -0.927117 0.569286 -0.052831
v -0.919325 0.568904 -0.052831
v -0.911533 0.568334 -0.052831
v -1.206909 0.441118 -0.065728
v -0.214373 0.443321 -0.065728
v -0.214373 0.443321 0.065728
v -0.823825 0.446433 0.065728
v -0.823825 0.446433 -0.065728
v -0.636014 0.446433 0.065728
v -0.636014 0.446433 -0.065728
v -0.811304 0.456212 -0.065728
v -0.798784 0.461547 -0.065728
v -0.786263 0.461547 -0.065728
v -0.773742 0.461547 -0.065728
v -0.761221 0.461547 -0.065728
v -0.748701 0.461547 -0.065728
v -0.736180 0.461547 -0.065728
v -0.723659 0.461547 -0.065728
v -0.711138 0.461547 -0.065728
v -0.698618 0.461547 -0.065728
v -0.686097 0.461547 -0.065728
v -0.673576 0.457398 -0.065728
v -0.661056 0.446433 -0.065728
v -0.648535 0.446433 -0.065728
v -0.648535 0.446433 0.065728
v -0.661056 0.446433 0.065728
v -0.673576 0.457398 0.065728
v -0.686097 0.461547 0.065728
v -0.698618 0.461547 0.065728
v -0.711138 0.461547 0.065728
v -0.723659 0.461547 0.065728
v -0.736180 0.461547 0.065728
v -0.748701 0.461547 0.065728
v -0.761221 0.461547 0.065728
v -0.773742 0.461547 0.065728
v -0.786263 0.461547 0.065728
v -0.798784 0.461547 0.065728
v -0.811304 0.456212 0.065728
v -0.323418 0.446433 0.065728
v -0.323418 0.446433 -0.065728
v -0.225277 0.443321 0.065728
v -0.236182 0.443321 0.065728
v -0.247086 0.443321 0.065728
v -0.257991 0.443321 0.065728
v -0.268895 0.443321 0.065728
v -0.279800 0.443394 0.065728
v -0.290705 0.443466 0.065728
v -0.301609 0.444117 0.065728
v -0.312513 0.445058 0.065728
v -0.312513 0.445058 -0.065728
v -0.301609 0.444117 -0.065728
v -0.290705 0.443466 -0.065728
v -0.279800 0.443393 -0.065728
v -0.268895 0.443321 -0.065728
v -0.257991 0.443321 -0.065728
v -0.247086 0.443321 -0.065728
v -0.236182 0.443321 -0.065728
v -0.225277 0.443321 -0.065728
v -1.144720 0.445950 -0.065728
v -1.144720 0.445950 0.065728
v -1.198025 0.443515 -0.065728
v -1.189141 0.444661 -0.065728
v -1.180257 0.445336 -0.065728
v -1.171373 0.445604 -0.065728
v -1.162489 0.445769 -0.065728
v -1.153604 0.445890 -0.065728
v -1.153604 0.445890 0.065728
v -1.162489 0.445769 0.065728
v -1.171373 0.445604 0.065728
v -1.180257 0.445336 0.065728
v -1.189141 0.444661 0.065728
v -1.198025 0.443515 0.065728
v -0.903741 0.446313 0.065728
v -0.903741 0.446313 -0.065728
v -1.098542 0.446020 -0.065728
v -1.098542 0.446020 0.065728
v -0.911533 0.454302 0.065728
v -0.919325 0.459329 0.065728
v -0.927117 0.462873 0.065728
v -0.934909 0.465529 0.065728
v -0.942701 0.466999 0.065728
v -0.950493 0.466987 0.065728
v -0.958285 0.466975 0.065728
v -0.966077 0.466964 0.065728
v -0.973869 0.466952 0.065728
v -0.981661 0.466940 0.065728
v -0.989453 0.466929 0.065728
v -0.997245 0.466917 0.065728
v -1.005037 0.466905 0.065728
v -1.012829 0.466894 0.065728
v -1.020621 0.466882 0.065728
v -1.028413 0.466870 0.065728
v -1.036206 0.466858 0.065728
v -1.043998 0.466846 0.065728
v -1.051790 0.466835 0.065728
v -1.059582 0.466823 0.065728
v -1.067374 0.465626 0.065728
v -1.075166 0.463540 0.065728
v -1.082958 0.459675 0.065728
v -1.090750 0.454329 0.065728
v -1.090750 0.454329 -0.065728
v -1.082958 0.459675 -0.065728
v -1.075166 0.463540 -0.065728
v -1.067374 0.465626 -0.065728
v -1.059582 0.466823 -0.065728
v -1.051790 0.466835 -0.065728
v -1.043998 0.466846 -0.065728
v -1.036206 0.466858 -0.065728
v -1.028414 0.466870 -0.065728
v -1.020621 0.466882 -0.065728
v -1.012830 0.466893 -0.065728
v -1.005037 0.466905 -0.065728
v -0.997245 0.466917 -0.065728
v -0.989453 0.466929 -0.065728
v -0.981661 0.466940 -0.065728
v -0.973869 0.466952 -0.065728
v -0.966077 0.466964 -0.065728
v -0.958285 0.466975 -0.065728
v -0.950493 0.466987 -0.065728
v -0.942701 0.466999 -0.065728
v -0.934909 0.465529 -0.065728
v -0.927117 0.462873 -0.065728
v -0.919325 0.459329 -0.065728
v -0.911533 0.454302 -0.065728
v -1.206909 0.441118 0.065728
v -1.206909 0.422781 0.046333
v -1.206909 0.549263 0.037336
v -0.214373 0.422781 0.046333
v -0.214373 0.564456 0.037336
v -0.823825 0.585918 0.037336
v -0.823825 0.422781 0.046333
v -0.636014 0.585918 0.037336
v -0.636014 0.422781 0.046333
v -0.811304 0.434219 0.046333
v -0.798783 0.440458 0.046333
v -0.786263 0.440458 0.046333
v -0.773742 0.440458 0.046333
v -0.761221 0.440458 0.046333
v -0.748701 0.440458 0.046333
v -0.736180 0.440458 0.046333
v -0.723659 0.440458 0.046333
v -0.711138 0.440458 0.046333
v -0.698618 0.440458 0.046333
v -0.686097 0.440458 0.046333
v -0.673576 0.435606 0.046333
v -0.661056 0.422781 0.046333
v -0.648535 0.422781 0.046333
v -0.648535 0.585918 0.037336
v -0.661056 0.585918 0.037336
v -0.673576 0.585918 0.037336
v -0.686097 0.585918 0.037336
v -0.698618 0.585918 0.037336
v -0.711138 0.585918 0.037336
v -0.723659 0.585918 0.037336
v -0.736180 0.585918 0.037336
v -0.748701 0.585918 0.037336
v -0.761221 0.585918 0.037336
v -0.773742 0.585918 0.037336
v -0.786263 0.585918 0.037336
v -0.798783 0.585918 0.037336
v -0.811304 0.585918 0.037336
v -0.323418 0.585918 0.037336
v -0.323418 0.422781 0.046333
v -0.225277 0.564456 0.037336
v -0.236182 0.564456 0.037336
v -0.247086 0.564456 0.037336
v -0.257991 0.564456 0.037336
v -0.268896 0.564456 0.037336
v -0.279800 0.564955 0.037336
v -0.290705 0.565454 0.037336
v -0.301609 0.569946 0.037336
v -0.312513 0.576435 0.037336
v -0.312513 0.422781 0.046333
v -0.301609 0.422781 0.046333
v -0.290705 0.422781 0.046333
v -0.279800 0.422781 0.046333
v -0.268896 0.422781 0.046333
v -0.257991 0.422781 0.046333
v -0.247086 0.422781 0.046333
v -0.236182 0.422781 0.046333
v -0.225277 0.422781 0.046333
v -1.144720 0.422781 0.046333
v -1.144720 0.582591 0.037336
v -1.198025 0.422781 0.046333
v -1.189141 0.422781 0.046333
v -1.180257 0.422781 0.046333
v -1.171373 0.422781 0.046333
v -1.162488 0.422781 0.046333
v -1.153604 0.422781 0.046333
v -1.153604 0.582175 0.037336
v -1.162489 0.581343 0.037336
v -1.171373 0.580205 0.037336
v -1.180257 0.578352 0.037336
v -1.189141 0.573700 0.037336
v -1.198025 0.565794 0.037336
v -0.903741 0.585089 0.037336
v -0.903741 0.422781 0.046333
v -1.098542 0.422781 0.046333
v -1.098542 0.583069 0.037336
v -0.911533 0.585009 0.037336
v -0.919325 0.584928 0.037336
v -0.927117 0.584847 0.037336
v -0.934909 0.584766 0.037336
v -0.942701 0.584685 0.037336
v -0.950493 0.584605 0.037336
v -0.958285 0.584524 0.037336
v -0.966077 0.584443 0.037336
v -0.973869 0.584362 0.037336
v -0.981661 0.584281 0.037336
v -0.989453 0.584201 0.037336
v -0.997245 0.584120 0.037336
v -1.005037 0.584039 0.037336
v -1.012829 0.583958 0.037336
v -1.020621 0.583877 0.037336
v -1.028414 0.583797 0.037336
v -1.036206 0.583716 0.037336
v -1.043998 0.583635 0.037336
v -1.051790 0.583554 0.037336
v -1.059582 0.583473 0.037336
v -1.067374 0.583393 0.037336
v -1.075166 0.583312 0.037336
v -1.082958 0.583231 0.037336
v -1.090750 0.583150 0.037336
v -1.090750 0.432486 0.046333
v -1.082958 0.438725 0.046333
v -1.075166 0.443231 0.046333
v -1.067374 0.445657 0.046333
v -1.059582 0.447044 0.046333
v -1.051790 0.447044 0.046333
v -1.043997 0.447044 0.046333
v -1.036205 0.447044 0.046333
v -1.028413 0.447044 0.046333
v -1.020621 0.447044 0.046333
v -1.012829 0.447044 0.046333
v -1.005037 0.447044 0.046333
v -0.997245 0.447044 0.046333
v -0.989453 0.447044 0.046333
v -0.981661 0.447044 0.046333
v -0.973869 0.447044 0.046333
v -0.966077 0.447044 0.046333
v -0.958285 0.447044 0.046333
v -0.950493 0.447044 0.046333
v -0.942701 0.447044 0.046333
v -0.934909 0.445311 0.046333
v -0.927117 0.442191 0.046333
v -0.919325 0.438032 0.046333
v -0.911533 0.432140 0.046333
v -0.214373 0.549002 0.037336
v -1.206909 0.535466 0.046333
v -1.206909 0.441118 0.046333
v -0.214373 0.443321 0.046333
v -1.206909 0.549263 -0.034464
v -0.214373 0.422781 -0.042900
v -1.206909 0.535466 -0.034464
v -1.206909 0.441118 -0.042900
v -1.206909 0.422781 -0.042900
v -0.214373 0.564456 -0.034464
v -0.823825 0.585918 -0.034464
v -0.823825 0.422781 -0.042900
v -0.636014 0.585918 -0.034464
v -0.636014 0.422781 -0.042900
v -0.811304 0.434219 -0.042900
v -0.798783 0.440458 -0.042900
v -0.786263 0.440458 -0.042900
v -0.773742 0.440458 -0.042900
v -0.761221 0.440458 -0.042900
v -0.748701 0.440458 -0.042900
v -0.736180 0.440458 -0.042900
v -0.723659 0.440458 -0.042900
v -0.711138 0.440458 -0.042900
v -0.698618 0.440458 -0.042900
v -0.686097 0.440458 -0.042900
v -0.673576 0.435606 -0.042900
v -0.661056 0.422781 -0.042900
v -0.648535 0.422781 -0.042900
v -0.648535 0.585918 -0.034464
v -0.661056 0.585918 -0.034464
v -0.673576 0.585918 -0.034464
v -0.686097 0.585918 -0.034464
v -0.698618 0.585918 -0.034464
v -0.711138 0.585918 -0.034464
v -0.723659 0.585918 -0.034464
v -0.736180 0.585918 -0.034464
v -0.748701 0.585918 -0.034464
v -0.761221 0.585918 -0.034464
v -0.773742 0.585918 -0.034464
v -0.786263 0.585918 -0.034464
v -0.798783 0.585918 -0.034464
v -0.811304 0.585918 -0.034464
v -0.323418 0.585918 -0.034464
v -0.323418 0.422781 -0.042900
v -0.225277 0.564456 -0.034464
v -0.236182 0.564456 -0.034464
v -0.247086 0.564456 -0.034464
v -0.257991 0.564456 -0.034464
v -0.268896 0.564456 -0.034464
v -0.279800 0.564955 -0.034464
v -0.290705 0.565454 -0.034464
v -0.301609 0.569946 -0.034464
v -0.312513 0.576435 -0.034464
v -0.312513 0.422781 -0.042900
v -0.301609 0.422781 -0.042900
v -0.290705 0.422781 -0.042900
v -0.279800 0.422781 -0.042900
v -0.268896 0.422781 -0.042900
v -0.257991 0.422781 -0.042900
v -0.247086 0.422781 -0.042900
v -0.236182 0.422781 -0.042900
v -0.225277 0.422781 -0.042900
v -1.144720 0.422781 -0.042900
v -1.144720 0.582591 -0.034464
v -1.198025 0.422781 -0.042900
v -1.189141 0.422781 -0.042900
v -1.180257 0.422781 -0.042900
v -1.171373 0.422781 -0.042900
v -1.162488 0.422781 -0.042900
v -1.153604 0.422781 -0.042900
v -1.153604 0.582175 -0.034464
v -1.162489 0.581343 -0.034464
v -1.171373 0.580205 -0.034464
v -1.180257 0.578352 -0.034464
v -1.189141 0.573700 -0.034464
v -1.198025 0.565794 -0.034464
v -0.903741 0.585089 -0.034464
v -0.903741 0.422781 -0.042900
v -1.098542 0.422781 -0.042900
v -1.098542 0.583069 -0.034464
v -0.911533 0.585009 -0.034464
v -0.919325 0.584928 -0.034464
v -0.927117 0.584847 -0.034464
v -0.934909 0.584766 -0.034464
v -0.942701 0.584685 -0.034464
v -0.950493 0.584605 -0.034464
v -0.958285 0.584524 -0.034464
v -0.966077 0.584443 -0.034464
v -0.973869 0.584362 -0.034464
v -0.981661 0.584281 -0.034464
v -0.989453 0.584201 -0.034464
v -0.997245 0.584120 -0.034464
v -1.005037 0.584039 -0.034464
v -1.012829 0.583958 -0.034464
v -1.020621 0.583877 -0.034464
v -1.028413 0.583797 -0.034464
v -1.036205 0.583716 -0.034464
v -1.043998 0.583635 -0.034464
v -1.051790 0.583554 -0.034464
v -1.059582 0.583474 -0.034464
v -1.067374 0.583393 -0.034464
v -1.075166 0.583312 -0.034464
v -1.082958 0.583231 -0.034464
v -1.090750 0.583150 -0.034464
v -1.090750 0.432486 -0.042900
v -1.082958 0.438725 -0.042900
v -1.075166 0.443231 -0.042900
v -1.067374 0.445657 -0.042900
v -1.059582 0.447044 -0.042900
v -1.051790 0.447044 -0.042900
v -1.043998 0.447044 -0.042900
v -1.036206 0.447044 -0.042900
v -1.028414 0.447044 -0.042900
v -1.020621 0.447044 -0.042900
v -1.012830 0.447044 -0.042900
v -1.005037 0.447044 -0.042900
v -0.997245 0.447043 -0.042900
v -0.989453 0.447044 -0.042900
v -0.981661 0.447044 -0.042900
v -0.973869 0.447044 -0.042900
v -0.966077 0.447044 -0.042900
v -0.958285 0.447044 -0.042900
v -0.950493 0.447044 -0.042900
v -0.942701 0.447044 -0.042900
v -0.934909 0.445311 -0.042900
v -0.927117 0.442191 -0.042900
v -0.919325 0.438032 -0.042900
v -0.911533 0.432140 -0.042900
v -0.214373 0.549002 -0.034464
v -0.214373 0.443321 -0.042900
v -0.391639 0.592061 0.007446
v -0.392603 0.603326 0.007446
v -0.391639 0.592061 -0.007446
v -0.392603 0.603326 -0.007446
v -0.188994 0.609398 0.007446
v -0.189958 0.620663 0.007446
v -0.188994 0.609398 -0.007446
v -0.189958 0.620663 -0.007446
v -0.205078 0.608022 -0.007446
v -0.206042 0.619287 -0.007446
v -0.205078 0.608022 0.007446
v -0.206042 0.619287 0.007446
v -0.207304 0.634046 -0.007446
v -0.191220 0.635422 -0.007446
v -0.191220 0.635422 0.007446
v -0.207304 0.634046 0.007446
v -0.552085 0.576112 0.030969
v -0.552085 0.623137 0.030969
v -0.552085 0.576112 -0.030969
v -0.552085 0.623137 -0.030969
v -0.372004 0.576112 0.030969
v -0.372004 0.623137 0.030969
v -0.372004 0.576112 -0.030969
v -0.372004 0.623137 -0.030969
v -1.165032 0.498277 0.053982
v -1.639695 0.498277 0.053982
v -1.165032 0.503568 0.053722
v -1.639695 0.503568 0.053722
v -1.165032 0.508808 0.052945
v -1.639695 0.508809 0.052945
v -1.165032 0.513947 0.051658
v -1.639695 0.513947 0.051658
v -1.165032 0.518935 0.049873
v -1.639695 0.518935 0.049873
v -1.165032 0.523724 0.047608
v -1.639695 0.523724 0.047608
v -1.165032 0.528268 0.044885
v -1.639695 0.528268 0.044885
v -1.165032 0.532523 0.041729
v -1.639695 0.532523 0.041729
v -1.165032 0.536448 0.038171
v -1.639695 0.536448 0.038171
v -1.165032 0.540006 0.034246
v -1.639695 0.540006 0.034246
v -1.165032 0.543162 0.029991
v -1.639695 0.543162 0.029991
v -1.165032 0.545885 0.025447
v -1.639695 0.545885 0.025447
v -1.165032 0.548150 0.020658
v -1.639695 0.548150 0.020658
v -1.165032 0.549935 0.015670
v -1.639695 0.549935 0.015670
v -1.165032 0.551222 0.010531
v -1.639695 0.551222 0.010531
v -1.165032 0.551999 0.005291
v -1.639695 0.552000 0.005291
v -1.165032 0.552259 0.000000
v -1.639695 0.552259 0.000000
v -1.165032 0.551999 -0.005291
v -1.639695 0.552000 -0.005291
v -1.165032 0.551222 -0.010531
v -1.639695 0.551222 -0.010531
v -1.165032 0.549935 -0.015670
v -1.639695 0.549935 -0.015670
v -1.165032 0.548150 -0.020658
v -1.639695 0.548150 -0.020658
v -1.165032 0.545885 -0.025447
v -1.639695 0.545885 -0.025447
v -1.165032 0.543162 -0.029991
v -1.639695 0.543162 -0.029991
v -1.165032 0.540006 -0.034246
v -1.639695 0.540006 -0.034246
v -1.165032 0.536448 -0.038171
v -1.639695 0.536448 -0.038171
v -1.165032 0.532523 -0.041729
v -1.639695 0.532523 -0.041729
v -1.165032 0.528268 -0.044885
v -1.639695 0.528268 -0.044885
v -1.165032 0.523724 -0.047608
v -1.639695 0.523724 -0.047608
v -1.165032 0.518935 -0.049873
v -1.639695 0.518935 -0.049873
v -1.165032 0.513947 -0.051658
v -1.639695 0.513947 -0.051658
v -1.165032 0.508808 -0.052945
v -1.639695 0.508809 -0.052945
v -1.165032 0.503568 -0.053722
v -1.639695 0.503568 -0.053722
v -1.165032 0.498277 -0.053982
v -1.639695 0.498277 -0.053982
v -1.165032 0.492986 -0.053722
v -1.639695 0.492986 -0.053722
v -1.165032 0.487746 -0.052945
v -1.639695 0.487746 -0.052945
v -1.165032 0.482607 -0.051658
v -1.639695 0.482607 -0.051658
v -1.165032 0.477619 -0.049873
v -1.639695 0.477619 -0.049873
v -1.165032 0.472830 -0.047608
v -1.639695 0.472830 -0.047608
v -1.165032 0.468286 -0.044885
v -1.639695 0.468286 -0.044885
v -1.165032 0.464031 -0.041729
v -1.639695 0.464031 -0.041729
v -1.165032 0.460106 -0.038171
v -1.639695 0.460106 -0.038171
v -1.165032 0.456548 -0.034246
v -1.639695 0.456548 -0.034246
v -1.165032 0.453392 -0.029991
v -1.639695 0.453392 -0.029991
v -1.165032 0.450669 -0.025447
v -1.639695 0.450669 -0.025447
v -1.165032 0.448404 -0.020658
v -1.639695 0.448404 -0.020658
v -1.165032 0.446619 -0.015670
v -1.639695 0.446619 -0.015670
v -1.165032 0.445332 -0.010531
v -1.639695 0.445332 -0.010531
v -1.165032 0.444555 -0.005291
v -1.639695 0.444555 -0.005291
v -1.165032 0.444295 0.000000
v -1.639695 0.444295 0.000000
v -1.165032 0.444555 0.005291
v -1.639695 0.444555 0.005291
v -1.165032 0.445332 0.010531
v -1.639695 0.445332 0.010531
v -1.165032 0.446619 0.015670
v -1.639695 0.446619 0.015670
v -1.165032 0.448404 0.020658
v -1.639695 0.448404 0.020658
v -1.165032 0.450669 0.025447
v -1.639695 0.450669 0.025447
v -1.165032 0.453392 0.029991
v -1.639695 0.453392 0.029991
v -1.165032 0.456548 0.034246
v -1.639695 0.456548 0.034246
v -1.165032 0.460106 0.038171
v -1.639695 0.460106 0.038171
v -1.165032 0.464031 0.041729
v -1.639695 0.464031 0.041729
v -1.165032 0.468286 0.044885
v -1.639695 0.468286 0.044885
v -1.165032 0.472830 0.047608
v -1.639695 0.472830 0.047608
v -1.165032 0.477619 0.049873
v -1.639695 0.477619 0.049873
v -1.165032 0.482607 0.051658
v -1.639695 0.482607 0.051658
v -1.165032 0.487746 0.052945
v -1.639695 0.487746 0.052945
v -1.165032 0.492986 0.053722
v -1.639695 0.492986 0.053722
v -2.350477 0.365637 0.053982
v -2.487079 0.365637 0.041817
v -2.350477 0.370928 0.053722
v -2.487079 0.369735 0.041616
v -2.350477 0.376168 0.052945
v -2.487079 0.373795 0.041014
v -2.350477 0.381307 0.051658
v -2.487079 0.377775 0.040017
v -2.350477 0.386295 0.049873
v -2.487079 0.381639 0.038634
v -2.350477 0.391084 0.047608
v -2.487079 0.385349 0.036880
v -2.350477 0.395628 0.044885
v -2.487079 0.388869 0.034770
v -2.350477 0.399883 0.041729
v -2.487079 0.392165 0.032325
v -2.350477 0.403808 0.038171
v -2.487079 0.395206 0.029569
v -2.350477 0.407366 0.034246
v -2.487079 0.397962 0.026529
v -2.350477 0.410521 0.029991
v -2.487079 0.400406 0.023232
v -2.350477 0.413245 0.025447
v -2.487079 0.402516 0.019713
v -2.350477 0.415510 0.020658
v -2.487079 0.404271 0.016003
v -2.350477 0.417294 0.015670
v -2.487079 0.405653 0.012139
v -2.350477 0.418582 0.010531
v -2.487079 0.406650 0.008158
v -2.350477 0.419359 0.005291
v -2.487079 0.407252 0.004099
v -2.350477 0.419619 0.000000
v -2.487079 0.407454 0.000000
v -2.350477 0.419359 -0.005291
v -2.487079 0.407252 -0.004099
v -2.350477 0.418582 -0.010531
v -2.487079 0.406650 -0.008158
v -2.350477 0.417294 -0.015670
v -2.487079 0.405653 -0.012139
v -2.350477 0.415510 -0.020658
v -2.487079 0.404271 -0.016003
v -2.350477 0.413245 -0.025447
v -2.487079 0.402516 -0.019713
v -2.350477 0.410521 -0.029991
v -2.487079 0.400406 -0.023232
v -2.350477 0.407366 -0.034246
v -2.487079 0.397962 -0.026529
v -2.350477 0.403808 -0.038171
v -2.487079 0.395206 -0.029569
v -2.350477 0.399883 -0.041729
v -2.487079 0.392165 -0.032325
v -2.350477 0.395628 -0.044885
v -2.487079 0.388869 -0.034770
v -2.350477 0.391084 -0.047608
v -2.487079 0.385349 -0.036880
v -2.350477 0.386295 -0.049873
v -2.487079 0.381639 -0.038634
v -2.350477 0.381307 -0.051658
v -2.487079 0.377775 -0.040017
v -2.350477 0.376168 -0.052945
v -2.487079 0.373795 -0.041014
v -2.350477 0.370928 -0.053722
v -2.487079 0.369735 -0.041616
v -2.350477 0.365637 -0.053982
v -2.487079 0.365637 -0.041817
v -2.350477 0.360345 -0.053722
v -2.487079 0.361538 -0.041616
v -2.350477 0.355105 -0.052945
v -2.487079 0.357478 -0.041014
v -2.350477 0.349966 -0.051658
v -2.487079 0.353498 -0.040017
v -2.350477 0.344978 -0.049873
v -2.487079 0.349634 -0.038634
v -2.350477 0.340189 -0.047608
v -2.487079 0.345924 -0.036880
v -2.350477 0.335646 -0.044885
v -2.487079 0.342404 -0.034770
v -2.350477 0.331391 -0.041729
v -2.487079 0.339108 -0.032325
v -2.350477 0.327465 -0.038171
v -2.487079 0.336067 -0.029569
v -2.350477 0.323908 -0.034246
v -2.487079 0.333311 -0.026529
v -2.350477 0.320752 -0.029991
v -2.487079 0.330867 -0.023232
v -2.350477 0.318028 -0.025447
v -2.487079 0.328757 -0.019713
v -2.350477 0.315763 -0.020658
v -2.487079 0.327002 -0.016003
v -2.350477 0.313979 -0.015670
v -2.487079 0.325620 -0.012139
v -2.350477 0.312691 -0.010531
v -2.487079 0.324623 -0.008158
v -2.350477 0.311914 -0.005291
v -2.487079 0.324021 -0.004099
v -2.350477 0.311654 0.000000
v -2.487079 0.323819 0.000000
v -2.350477 0.311914 0.005291
v -2.487079 0.324021 0.004099
v -2.350477 0.312691 0.010531
v -2.487079 0.324623 0.008158
v -2.350477 0.313979 0.015670
v -2.487079 0.325620 0.012139
v -2.350477 0.315763 0.020658
v -2.487079 0.327002 0.016003
v -2.350477 0.318028 0.025447
v -2.487079 0.328757 0.019713
v -2.350477 0.320752 0.029991
v -2.487079 0.330867 0.023232
v -2.350477 0.323908 0.034246
v -2.487079 0.333311 0.026529
v -2.350477 0.327465 0.038171
v -2.487079 0.336067 0.029569
v -2.350477 0.331391 0.041729
v -2.487079 0.339108 0.032325
v -2.350477 0.335646 0.044885
v -2.487079 0.342404 0.034770
v -2.350477 0.340189 0.047608
v -2.487079 0.345924 0.036880
v -2.350477 0.344978 0.049873
v -2.487079 0.349634 0.038634
v -2.350477 0.349966 0.051658
v -2.487079 0.353498 0.040017
v -2.350477 0.355105 0.052945
v -2.487079 0.357478 0.041014
v -2.350477 0.360345 0.053722
v -2.487079 0.361538 0.041616
v -2.487079 0.370928 0.053722
v -2.487079 0.365637 0.053982
v -2.487079 0.376168 0.052945
v -2.487079 0.381307 0.051658
v -2.487079 0.386295 0.049873
v -2.487079 0.391084 0.047608
v -2.487079 0.395628 0.044885
v -2.487079 0.399883 0.041729
v -2.487079 0.403808 0.038171
v -2.487079 0.407366 0.034246
v -2.487079 0.410521 0.029991
v -2.487079 0.413245 0.025447
v -2.487079 0.415510 0.020658
v -2.487079 0.417294 0.015670
v -2.487079 0.418582 0.010531
v -2.487079 0.419359 0.005291
v -2.487079 0.419619 0.000000
v -2.487079 0.419359 -0.005291
v -2.487079 0.418582 -0.010531
v -2.487079 0.417294 -0.015670
v -2.487079 0.415510 -0.020658
v -2.487079 0.413245 -0.025447
v -2.487079 0.410521 -0.029991
v -2.487079 0.407366 -0.034246
v -2.487079 0.403808 -0.038171
v -2.487079 0.399883 -0.041729
v -2.487079 0.395628 -0.044885
v -2.487079 0.391084 -0.047608
v -2.487079 0.386295 -0.049873
v -2.487079 0.381307 -0.051658
v -2.487079 0.376168 -0.052945
v -2.487079 0.370928 -0.053722
v -2.487079 0.365637 -0.053982
v -2.487079 0.360345 -0.053722
v -2.487079 0.355105 -0.052945
v -2.487079 0.349966 -0.051658
v -2.487079 0.344978 -0.049873
v -2.487079 0.340189 -0.047608
v -2.487079 0.335646 -0.044885
v -2.487079 0.331391 -0.041729
v -2.487079 0.327465 -0.038171
v -2.487079 0.323908 -0.034246
v -2.487079 0.320752 -0.029991
v -2.487079 0.318028 -0.025447
v -2.487079 0.315763 -0.020658
v -2.487079 0.313979 -0.015670
v -2.487079 0.312691 -0.010531
v -2.487079 0.311914 -0.005291
v -2.487079 0.311654 0.000000
v -2.487079 0.311914 0.005291
v -2.487079 0.312691 0.010531
v -2.487079 0.313979 0.015670
v -2.487079 0.315763 0.020658
v -2.487079 0.318028 0.025447
v -2.487079 0.320752 0.029991
v -2.487079 0.323908 0.034246
v -2.487079 0.327465 0.038171
v -2.487079 0.331391 0.041729
v -2.487079 0.335646 0.044885
v -2.487079 0.340189 0.047608
v -2.487079 0.344978 0.049873
v -2.487079 0.349966 0.051658
v -2.487079 0.355105 0.052945
v -2.487079 0.360345 0.053722
v -2.402030 0.369735 0.041616
v -2.402030 0.365637 0.041817
v -2.402030 0.373795 0.041014
v -2.402030 0.377775 0.040017
v -2.402030 0.381639 0.038634
v -2.402030 0.385349 0.036880
v -2.402030 0.388869 0.034770
v -2.402030 0.392165 0.032325
v -2.402030 0.395206 0.029569
v -2.402030 0.397962 0.026529
v -2.402030 0.400406 0.023232
v -2.402030 0.402516 0.019713
v -2.402030 0.404271 0.016003
v -2.402030 0.405653 0.012139
v -2.402030 0.406650 0.008158
v -2.402030 0.407252 0.004099
v -2.402030 0.407454 0.000000
v -2.402030 0.407252 -0.004099
v -2.402030 0.406650 -0.008158
v -2.402030 0.405653 -0.012139
v -2.402030 0.404271 -0.016003
v -2.402030 0.402516 -0.019713
v -2.402030 0.400406 -0.023232
v -2.402030 0.397962 -0.026529
v -2.402030 0.395206 -0.029569
v -2.402030 0.392165 -0.032325
v -2.402030 0.388869 -0.034770
v -2.402030 0.385349 -0.036880
v -2.402030 0.381639 -0.038634
v -2.402030 0.377775 -0.040017
v -2.402030 0.373795 -0.041014
v -2.402030 0.369735 -0.041616
v -2.402030 0.365637 -0.041817
v -2.402030 0.361538 -0.041616
v -2.402030 0.357478 -0.041014
v -2.402030 0.353498 -0.040017
v -2.402030 0.349634 -0.038634
v -2.402030 0.345924 -0.036880
v -2.402030 0.342404 -0.034770
v -2.402030 0.339108 -0.032325
v -2.402030 0.336067 -0.029569
v -2.402030 0.333311 -0.026529
v -2.402030 0.330867 -0.023232
v -2.402030 0.328757 -0.019713
v -2.402030 0.327002 -0.016003
v -2.402030 0.325620 -0.012139
v -2.402030 0.324623 -0.008158
v -2.402030 0.324021 -0.004099
v -2.402030 0.323819 0.000000
v -2.402030 0.324021 0.004099
v -2.402030 0.324623 0.008158
v -2.402030 0.325620 0.012139
v -2.402030 0.327002 0.016003
v -2.402030 0.328757 0.019713
v -2.402030 0.330867 0.023232
v -2.402030 0.333311 0.026529
v -2.402030 0.336067 0.029569
v -2.402030 0.339108 0.032325
v -2.402030 0.342404 0.034770
v -2.402030 0.345924 0.036880
v -2.402030 0.349634 0.038634
v -2.402030 0.353498 0.040017
v -2.402030 0.357478 0.041014
v -2.402030 0.361538 0.041616
v -2.324389 0.398715 0.015250
v -2.324389 0.647034 0.015250
v -2.324389 0.398715 -0.015250
v -2.324389 0.647034 -0.015250
v -2.140432 0.398715 0.015250
v -2.225816 0.647034 0.015250
v -2.140432 0.398715 -0.015250
v -2.225816 0.647034 -0.015250
v -2.324389 0.593203 0.015250
v -2.324389 0.593203 -0.015250
v -2.225816 0.593203 -0.015250
v -2.225816 0.593203 0.015250
v -2.324389 0.501168 -0.015250
v -2.185411 0.501168 -0.015250
v -2.185411 0.501168 0.015250
v -2.324389 0.501168 0.015250
v -2.324389 0.430840 -0.015250
v -2.154535 0.430840 -0.015250
v -2.154535 0.430840 0.015250
v -2.324389 0.430840 0.015250
v -2.169175 0.398715 -0.015250
v -2.241218 0.647034 -0.015250
v -2.169175 0.398715 0.015250
v -2.241218 0.647034 0.015250
v -2.241218 0.593203 0.015250
v -2.241218 0.593203 -0.015250
v -2.207126 0.501168 -0.015250
v -2.207126 0.501168 0.015250
v -2.181075 0.430840 0.015250
v -2.181075 0.430840 -0.015250
v -2.298906 0.398715 -0.015250
v -2.310734 0.647034 0.015250
v -2.310734 0.593203 0.015250
v -2.305137 0.501168 0.015250
v -2.300860 0.430840 0.015250
v -2.310734 0.647034 -0.015250
v -2.298906 0.398715 0.015250
v -2.310734 0.593203 -0.015250
v -2.305137 0.501168 -0.015250
v -2.300860 0.430840 -0.015250
v -1.804402 0.404405 0.013422
v -1.804402 0.417635 0.013422
v -1.804402 0.404405 -0.013422
v -1.804402 0.417635 -0.013422
v -1.592270 0.404405 0.013422
v -1.592270 0.552396 0.013422
v -1.592270 0.404405 -0.013422
v -1.592270 0.552396 -0.013422
v -1.604055 0.404405 -0.013422
v -1.615840 0.404405 -0.013422
v -1.627626 0.404405 -0.013422
v -1.639411 0.404405 -0.013422
v -1.651196 0.404405 -0.013422
v -1.662981 0.404405 -0.013422
v -1.674766 0.404405 -0.013422
v -1.686551 0.404405 -0.013422
v -1.698336 0.404405 -0.013422
v -1.710121 0.404405 -0.013422
v -1.721906 0.404405 -0.013422
v -1.733691 0.404405 -0.013422
v -1.745476 0.404405 -0.013422
v -1.757262 0.404405 -0.013422
v -1.769047 0.404405 -0.013422
v -1.780832 0.404405 -0.013422
v -1.792617 0.404405 -0.013422
v -1.792617 0.417635 -0.013422
v -1.780832 0.417635 -0.013422
v -1.769047 0.417635 -0.013422
v -1.757262 0.418467 -0.013422
v -1.745476 0.420963 -0.013422
v -1.733691 0.426786 -0.013422
v -1.721906 0.433440 -0.013422
v -1.710121 0.442924 -0.013422
v -1.698336 0.451775 -0.013422
v -1.686551 0.464938 -0.013422
v -1.674766 0.479805 -0.013422
v -1.662981 0.498189 -0.013422
v -1.651196 0.521491 -0.013422
v -1.639411 0.552396 -0.013422
v -1.627626 0.552396 -0.013422
v -1.615840 0.552396 -0.013422
v -1.604055 0.552396 -0.013422
v -1.792617 0.404405 0.013422
v -1.780832 0.404405 0.013422
v -1.769047 0.404405 0.013422
v -1.757262 0.404405 0.013422
v -1.745476 0.404405 0.013422
v -1.733691 0.404405 0.013422
v -1.721906 0.404405 0.013422
v -1.710121 0.404405 0.013422
v -1.698336 0.404405 0.013422
v -1.686551 0.404405 0.013422
v -1.674766 0.404405 0.013422
v -1.662981 0.404405 0.013422
v -1.651196 0.404405 0.013422
v -1.639411 0.404405 0.013422
v -1.627626 0.404405 0.013422
v -1.615840 0.404405 0.013422
v -1.604055 0.404405 0.013422
v -1.604055 0.552396 0.013422
v -1.615840 0.552396 0.013422
v -1.627626 0.552396 0.013422
v -1.639411 0.552396 0.013422
v -1.651196 0.521491 0.013422
v -1.662981 0.498189 0.013422
v -1.674766 0.479805 0.013422
v -1.686551 0.464938 0.013422
v -1.698336 0.451775 0.013422
v -1.710121 0.442924 0.013422
v -1.721906 0.433440 0.013422
v -1.733691 0.426786 0.013422
v -1.745476 0.420963 0.013422
v -1.757262 0.418467 0.013422
v -1.769047 0.417635 0.013422
v -1.780832 0.417635 0.013422
v -1.792617 0.417635 0.013422
v -2.313801 0.265766 0.017628
v -2.326379 0.335205 0.017628
v -2.313801 0.265766 -0.017628
v -2.326379 0.335205 -0.017628
v -2.256062 0.265766 0.017628
v -2.220725 0.335205 0.017628
v -2.256062 0.265766 -0.017628
v -2.220725 0.335205 -0.017628
v -1.669472 0.264190 0.016588
v -1.656017 0.340293 0.016588
v -1.669472 0.264190 -0.016588
v -1.656017 0.340293 -0.016588
v -1.574739 0.264190 0.016588
v -1.629592 0.340293 0.016588
v -1.574739 0.264190 -0.016588
v -1.629592 0.340293 -0.016588
vn 0.9949 -0.1008 -0.0012
vn 0.9950 -0.0999 -0.0000
vn 0.9949 -0.1007 -0.0013
vn 0.9948 -0.1017 -0.0000
vn 0.9946 -0.1042 -0.0000
vn 0.9946 -0.1041 -0.0001
vn 0.9949 -0.1007 -0.0012
vn 0.9950 -0.0995 -0.0000
vn 0.9949 -0.1006 -0.0011
vn -0.0461 -0.0602 0.9971
vn -0.0439 -0.0628 0.9971
vn -0.0413 -0.0606 0.9973
vn -0.0435 -0.0580 0.9974
vn -0.0783 -0.5162 0.8529
vn -0.0679 -0.5265 0.8475
vn -0.0562 -0.5178 0.8536
vn -0.0668 -0.5076 0.8590
vn -0.7896 -0.2431 0.5634
vn -0.7441 -0.3628 0.5610
vn -0.6589 -0.3029 0.6886
vn -0.7502 -0.1847 0.6348
vn -0.8090 0.0218 0.5875
vn -0.8047 0.0276 0.5930
vn -0.8091 0.0217 0.5873
vn -0.8048 0.0276 0.5929
vn -0.9975 0.0609 0.0370
vn -0.9973 0.0624 0.0387
vn -0.9975 0.0608 0.0369
vn -0.9973 0.0621 0.0387
vn -0.9991 -0.0095 0.0418
vn -0.9994 0.0003 0.0341
vn -0.9996 -0.0072 0.0280
vn -0.9993 -0.0136 0.0353
vn -0.9991 -0.0072 -0.0417
vn -0.9992 -0.0143 -0.0363
vn -0.9996 -0.0046 -0.0281
vn -0.9994 -0.0002 -0.0352
vn -0.9973 0.0608 -0.0400
vn -0.9975 0.0591 -0.0387
vn -0.9973 0.0607 -0.0401
vn 0.0325 -0.0854 -0.9958
vn 0.0334 -0.0846 -0.9959
vn 0.0343 -0.0856 -0.9957
vn 0.0332 -0.0865 -0.9957
vn -0.0189 -0.6192 -0.7850
vn -0.0101 -0.6119 -0.7909
vn -0.0194 -0.6192 -0.7850
vn -0.0098 -0.6115 -0.7912
vn 0.8247 -0.3712 -0.4267
vn 0.7590 -0.4969 -0.4208
vn 0.8422 -0.3739 -0.3885
vn 0.7344 -0.4973 -0.4619
vn 0.8832 -0.1218 -0.4528
vn 0.8852 -0.1304 -0.4466
vn 0.8832 -0.1217 -0.4529
vn 0.8851 -0.1301 -0.4469
vn 0.8263 0.5627 0.0238
vn 0.8254 0.5640 0.0253
vn 0.8262 0.5627 0.0271
vn 0.8271 0.5614 0.0254
vn 0.7794 0.6259 0.0279
vn 0.7778 0.6282 0.0208
vn 0.7827 0.6216 0.0307
vn 0.7778 0.6282 0.0206
vn 0.7828 0.6217 -0.0286
vn 0.7765 0.6298 -0.0212
vn 0.7797 0.6256 -0.0274
vn 0.7770 0.6292 -0.0205
vn 0.8263 0.5627 -0.0240
vn 0.8271 0.5614 -0.0254
vn 0.8262 0.5627 -0.0268
vn 0.8254 0.5640 -0.0253
vn -0.0321 -0.9800 0.1966
vn -0.0376 -0.9807 0.1917
vn -0.0323 -0.9819 0.1865
vn -0.0272 -0.9811 0.1916
vn 0.5949 -0.7856 0.1700
vn 0.6198 -0.7757 0.1194
vn 0.5523 -0.8099 0.1974
vn 0.6183 -0.7770 0.1184
vn 0.5534 -0.8108 -0.1905
vn 0.6234 -0.7723 -0.1225
vn 0.5961 -0.7841 -0.1727
vn 0.6174 -0.7781 -0.1157
vn -0.0323 -0.9799 -0.1967
vn -0.0271 -0.9811 -0.1916
vn -0.0325 -0.9819 -0.1864
vn -0.0374 -0.9807 -0.1917
vn 0.0236 -0.0331 -0.9992
vn 0.0234 -0.0329 -0.9992
vn 0.0236 -0.0325 -0.9992
vn 0.0237 -0.0326 -0.9992
vn 0.0237 -0.0325 -0.9992
vn 0.5300 -0.7178 -0.4515
vn 0.5290 -0.7181 -0.4523
vn 0.5295 -0.7171 -0.4532
vn 0.5305 -0.7169 -0.4523
vn 0.5287 -0.7201 -0.4494
vn 0.5271 -0.7205 -0.4507
vn 0.0233 -0.0305 -0.9993
vn 0.0258 -0.0308 -0.9992
vn 0.0232 -0.0306 -0.9993
vn 0.0258 -0.0309 -0.9992
vn 0.0247 -0.0315 -0.9992
vn 0.0247 -0.0316 -0.9992
vn 0.0248 -0.0316 -0.9992
vn 0.0248 -0.0315 -0.9992
vn 0.5500 -0.7016 -0.4531
vn 0.5419 -0.7081 -0.4526
vn 0.5415 -0.7082 -0.4530
vn 0.5417 -0.7079 -0.4533
vn 0.5421 -0.7077 -0.4530
vn 0.0245 -0.0306 -0.9992
vn 0.0247 -0.0317 -0.9992
vn 0.0246 -0.0307 -0.9992
vn 0.0256 -0.0312 -0.9992
vn 0.0256 -0.0311 -0.9992
vn 0.5634 -0.6917 -0.4519
vn 0.5642 -0.6915 -0.4511
vn 0.5553 -0.6975 -0.4530
vn 0.5560 -0.6973 -0.4524
vn 0.5556 -0.6979 -0.4518
vn 0.5549 -0.6982 -0.4524
vn 0.0275 -0.0320 -0.9991
vn 0.0254 -0.0317 -0.9992
vn 0.0276 -0.0322 -0.9991
vn 0.0253 -0.0317 -0.9992
vn 0.0281 -0.0307 -0.9991
vn 0.0274 -0.0299 -0.9992
vn 0.6014 -0.6627 -0.4463
vn 0.6000 -0.6624 -0.4485
vn 0.6013 -0.6626 -0.4465
vn 0.5783 -0.6812 -0.4488
vn 0.5787 -0.6805 -0.4495
vn 0.5788 -0.6804 -0.4495
vn 0.0294 -0.0298 -0.9991
vn 0.0279 -0.0298 -0.9992
vn 0.0290 -0.0294 -0.9991
vn 0.0280 -0.0296 -0.9992
vn 0.0297 -0.0281 -0.9992
vn 0.0298 -0.0280 -0.9992
vn 0.6471 -0.6173 -0.4474
vn 0.6484 -0.6168 -0.4463
vn 0.6479 -0.6181 -0.4451
vn 0.6466 -0.6187 -0.4463
vn 0.6240 -0.6400 -0.4484
vn 0.6250 -0.6396 -0.4475
vn 0.6249 -0.6397 -0.4475
vn 0.0309 -0.0269 -0.9992
vn 0.0319 -0.0259 -0.9992
vn 0.0319 -0.0260 -0.9992
vn 0.6920 -0.5685 -0.4450
vn 0.6930 -0.5679 -0.4441
vn 0.6928 -0.5691 -0.4429
vn 0.6917 -0.5696 -0.4440
vn 0.6726 -0.5919 -0.4441
vn 0.6729 -0.5909 -0.4451
vn 0.6727 -0.5919 -0.4440
vn 0.0327 -0.0251 -0.9991
vn 0.0327 -0.0250 -0.9992
vn 0.0342 -0.0243 -0.9991
vn 0.0335 -0.0243 -0.9991
vn 0.0345 -0.0245 -0.9991
vn 0.0334 -0.0243 -0.9991
vn 0.7273 -0.5230 -0.4445
vn 0.7282 -0.5231 -0.4427
vn 0.7282 -0.5233 -0.4427
vn 0.7080 -0.5491 -0.4441
vn 0.7092 -0.5484 -0.4431
vn 0.7089 -0.5498 -0.4418
vn 0.7077 -0.5504 -0.4429
vn 0.0346 -0.0224 -0.9991
vn 0.0346 -0.0225 -0.9991
vn 0.0354 -0.0212 -0.9991
vn 0.0355 -0.0211 -0.9991
vn 0.0357 -0.0213 -0.9991
vn 0.7663 -0.4646 -0.4439
vn 0.7661 -0.4661 -0.4425
vn 0.7661 -0.4662 -0.4425
vn 0.7493 -0.4914 -0.4440
vn 0.7504 -0.4906 -0.4429
vn 0.7502 -0.4920 -0.4417
vn 0.7491 -0.4928 -0.4428
vn 0.0354 -0.0199 -0.9992
vn 0.0361 -0.0203 -0.9991
vn 0.0355 -0.0189 -0.9992
vn 0.0365 -0.0203 -0.9991
vn 0.0364 -0.0203 -0.9991
vn 0.7890 -0.4275 -0.4413
vn 0.7889 -0.4291 -0.4399
vn 0.7889 -0.4274 -0.4414
vn 0.7889 -0.4291 -0.4400
vn 0.7789 -0.4442 -0.4428
vn 0.7802 -0.4432 -0.4415
vn 0.7801 -0.4449 -0.4399
vn 0.7787 -0.4460 -0.4412
vn 0.0371 -0.0189 -0.9991
vn 0.0372 -0.0188 -0.9991
vn 0.0377 -0.0177 -0.9991
vn 0.0378 -0.0177 -0.9991
vn 0.8099 -0.3867 -0.4411
vn 0.8112 -0.3868 -0.4386
vn 0.8109 -0.3874 -0.4386
vn 0.7994 -0.4126 -0.4367
vn 0.7988 -0.4114 -0.4389
vn 0.7995 -0.4126 -0.4366
vn 0.7987 -0.4116 -0.4389
vn 0.0385 -0.0159 -0.9991
vn 0.0384 -0.0159 -0.9991
vn 0.0385 -0.0158 -0.9991
vn 0.0391 -0.0138 -0.9991
vn 0.8463 -0.3015 -0.4393
vn 0.8452 -0.3017 -0.4411
vn 0.8274 -0.3471 -0.4416
vn 0.8282 -0.3475 -0.4396
vn 0.8284 -0.3471 -0.4397
vn 0.0396 -0.0121 -0.9991
vn 0.0395 -0.0121 -0.9991
vn 0.0395 -0.0106 -0.9992
vn 0.0400 -0.0108 -0.9991
vn 0.0392 -0.0105 -0.9992
vn 0.8655 -0.2352 -0.4423
vn 0.8658 -0.2349 -0.4419
vn 0.8659 -0.2353 -0.4413
vn 0.8657 -0.2353 -0.4419
vn 0.8579 -0.2645 -0.4404
vn 0.8571 -0.2648 -0.4419
vn 0.8580 -0.2645 -0.4403
vn 0.8573 -0.2643 -0.4419
vn 0.0393 -0.0088 -0.9992
vn 0.0406 -0.0081 -0.9991
vn 0.0406 -0.0084 -0.9991
vn 0.0408 -0.0069 -0.9991
vn 0.0409 -0.0070 -0.9991
vn 0.0412 -0.0070 -0.9991
vn 0.0409 -0.0069 -0.9991
vn 0.8846 -0.1513 -0.4411
vn 0.8847 -0.1510 -0.4411
vn 0.8743 -0.1988 -0.4429
vn 0.8749 -0.1990 -0.4415
vn 0.8743 -0.1988 -0.4427
vn 0.0412 -0.0051 -0.9991
vn 0.0412 -0.0050 -0.9991
vn 0.0412 -0.0041 -0.9991
vn 0.0413 -0.0042 -0.9991
vn 0.0413 -0.0041 -0.9991
vn 0.8931 -0.0890 -0.4410
vn 0.8931 -0.0889 -0.4411
vn 0.8930 -0.0890 -0.4411
vn 0.8909 -0.1087 -0.4410
vn 0.8909 -0.1088 -0.4410
vn -0.4488 0.8928 0.0393
vn -0.4491 0.8926 0.0394
vn -0.4488 0.8928 0.0394
vn -0.4485 0.8929 0.0394
vn -0.5302 0.8469 0.0400
vn -0.5302 0.8469 0.0399
vn -0.5302 0.8469 -0.0400
vn -0.5302 0.8469 -0.0399
vn -0.4488 0.8928 -0.0393
vn -0.4488 0.8928 -0.0394
vn -0.4488 0.8928 -0.0397
vn -0.4489 0.8927 -0.0394
vn -0.5862 0.8092 0.0402
vn -0.5862 0.8092 0.0401
vn -0.6216 0.7823 0.0402
vn -0.6216 0.7823 0.0401
vn -0.6216 0.7823 -0.0401
vn -0.6217 0.7823 -0.0401
vn -0.6216 0.7823 -0.0402
vn -0.5862 0.8092 -0.0401
vn -0.5862 0.8091 -0.0401
vn -0.6457 0.7626 0.0385
vn -0.6467 0.7617 0.0403
vn -0.6457 0.7626 0.0384
vn -0.6611 0.7492 0.0400
vn -0.6611 0.7492 0.0399
vn -0.6611 0.7492 -0.0399
vn -0.6612 0.7492 -0.0399
vn -0.6457 0.7625 -0.0415
vn -0.6446 0.7635 -0.0397
vn -0.6457 0.7625 -0.0413
vn -0.6754 0.7364 0.0399
vn -0.6754 0.7364 0.0398
vn -0.6979 0.7150 0.0411
vn -0.6972 0.7158 0.0397
vn -0.6979 0.7150 0.0409
vn -0.6980 0.7151 -0.0384
vn -0.6983 0.7147 -0.0397
vn -0.6980 0.7151 -0.0387
vn -0.6987 0.7143 -0.0397
vn -0.6754 0.7364 -0.0398
vn -0.6754 0.7363 -0.0398
vn -0.7275 0.6850 0.0381
vn -0.7263 0.6863 0.0397
vn -0.7275 0.6851 0.0379
vn -0.7264 0.6862 0.0397
vn -0.7547 0.6549 0.0395
vn -0.7547 0.6549 -0.0395
vn -0.7274 0.6850 -0.0411
vn -0.7285 0.6839 -0.0396
vn -0.7286 0.6838 -0.0396
vn -0.7771 0.6282 0.0381
vn -0.7765 0.6289 0.0394
vn -0.7771 0.6282 0.0384
vn -0.7765 0.6288 0.0394
vn -0.7964 0.6035 0.0392
vn -0.7964 0.6035 0.0393
vn -0.7965 0.6035 -0.0380
vn -0.7956 0.6046 -0.0395
vn -0.7964 0.6035 -0.0381
vn -0.7770 0.6281 -0.0405
vn -0.7778 0.6273 -0.0392
vn -0.8146 0.5787 0.0391
vn -0.8146 0.5787 0.0392
vn -0.8146 0.5787 0.0393
vn -0.8353 0.5484 0.0392
vn -0.8353 0.5484 0.0393
vn -0.8353 0.5484 -0.0395
vn -0.8353 0.5484 -0.0392
vn -0.8353 0.5483 -0.0392
vn -0.8145 0.5787 -0.0404
vn -0.8154 0.5776 -0.0390
vn -0.8153 0.5777 -0.0390
vn -0.8607 0.5077 0.0392
vn -0.8607 0.5077 0.0393
vn -0.8825 0.4688 0.0393
vn -0.8825 0.4687 0.0393
vn -0.8824 0.4688 0.0393
vn -0.8825 0.4688 -0.0393
vn -0.8824 0.4688 -0.0393
vn -0.8825 0.4687 -0.0393
vn -0.8607 0.5077 -0.0393
vn -0.8606 0.5077 -0.0393
vn -0.8607 0.5077 -0.0390
vn -0.8607 0.5076 -0.0393
vn -0.8959 0.4425 0.0392
vn -0.9056 0.4223 0.0391
vn -0.9056 0.4223 -0.0391
vn -0.8959 0.4425 -0.0392
vn -0.9156 0.4001 0.0394
vn -0.9156 0.4001 0.0390
vn -0.9156 0.4001 0.0391
vn -0.9282 0.3699 0.0403
vn -0.9287 0.3689 0.0388
vn -0.9286 0.3690 0.0389
vn -0.9283 0.3699 -0.0382
vn -0.9278 0.3711 -0.0392
vn -0.9277 0.3712 -0.0392
vn -0.9156 0.4001 -0.0390
vn -0.9156 0.4001 -0.0391
vn -0.9413 0.3352 0.0389
vn -0.9412 0.3355 0.0390
vn -0.9413 0.3352 0.0390
vn -0.9414 0.3349 0.0390
vn -0.9525 0.3022 0.0382
vn -0.9522 0.3029 0.0391
vn -0.9525 0.3022 0.0380
vn -0.9524 0.3025 0.0390
vn -0.9524 0.3022 -0.0397
vn -0.9527 0.3016 -0.0389
vn -0.9524 0.3022 -0.0401
vn -0.9527 0.3013 -0.0388
vn -0.9413 0.3352 -0.0390
vn -0.9414 0.3352 -0.0390
vn -0.9618 0.2706 0.0405
vn -0.9623 0.2692 0.0390
vn -0.9714 0.2342 0.0389
vn -0.9714 0.2342 0.0390
vn -0.9714 0.2342 -0.0390
vn -0.9620 0.2706 -0.0375
vn -0.9615 0.2721 -0.0390
vn -0.9803 0.1935 0.0388
vn -0.9803 0.1935 0.0389
vn -0.9865 0.1595 0.0379
vn -0.9863 0.1605 0.0389
vn -0.9865 0.1595 0.0377
vn -0.9864 0.1595 -0.0389
vn -0.9864 0.1594 -0.0388
vn -0.9803 0.1935 -0.0389
vn -0.9803 0.1936 -0.0389
vn -0.9904 0.1325 0.0388
vn -0.9904 0.1324 0.0388
vn -0.9942 0.1006 0.0389
vn -0.9942 0.1007 0.0388
vn -0.9942 0.1006 -0.0388
vn -0.9904 0.1325 -0.0385
vn -0.9904 0.1324 -0.0388
vn -0.9904 0.1325 -0.0389
vn -0.9904 0.1325 -0.0388
vn -0.0177 0.0338 0.9993
vn -0.0190 0.0329 0.9993
vn -0.0179 0.0342 0.9993
vn -0.0189 0.0330 0.9993
vn -0.0205 0.0323 0.9993
vn -0.0193 0.0325 0.9993
vn -0.0191 0.0326 0.9993
vn -0.4255 0.6779 0.5996
vn -0.4266 0.6771 0.5996
vn -0.4269 0.6770 0.5996
vn -0.3628 0.7163 0.5961
vn -0.3650 0.7165 0.5945
vn -0.0215 0.0295 0.9993
vn -0.0229 0.0298 0.9993
vn -0.0226 0.0300 0.9993
vn -0.0242 0.0305 0.9992
vn -0.0225 0.0300 0.9993
vn -0.0241 0.0303 0.9992
vn -0.4969 0.6255 0.6015
vn -0.4969 0.6255 0.6016
vn -0.4969 0.6254 0.6016
vn -0.4689 0.6468 0.6015
vn -0.4690 0.6467 0.6015
vn -0.0254 0.0301 0.9992
vn -0.0230 0.0298 0.9993
vn -0.0230 0.0297 0.9993
vn -0.0249 0.0284 0.9993
vn -0.0248 0.0283 0.9993
vn -0.5284 0.5994 0.6012
vn -0.5297 0.6000 0.5995
vn -0.5299 0.5999 0.5995
vn -0.5162 0.6100 0.6012
vn -0.5163 0.6103 0.6008
vn -0.5166 0.6105 0.6004
vn -0.5166 0.6101 0.6008
vn -0.0255 0.0279 0.9993
vn -0.0255 0.0280 0.9993
vn -0.0265 0.0273 0.9993
vn -0.0264 0.0272 0.9993
vn -0.5602 0.5744 0.5969
vn -0.5605 0.5737 0.5973
vn -0.5406 0.5900 0.5997
vn -0.5414 0.5907 0.5983
vn -0.5405 0.5899 0.5999
vn -0.5418 0.5904 0.5982
vn -0.0287 0.0272 0.9992
vn -0.0285 0.0251 0.9993
vn -0.0286 0.0271 0.9992
vn -0.0286 0.0251 0.9993
vn -0.0288 0.0251 0.9993
vn -0.0287 0.0251 0.9993
vn -0.6062 0.5266 0.5960
vn -0.6061 0.5276 0.5952
vn -0.6070 0.5274 0.5945
vn -0.6073 0.5262 0.5952
vn -0.5837 0.5502 0.5972
vn -0.5834 0.5513 0.5964
vn -0.5845 0.5510 0.5957
vn -0.5847 0.5499 0.5964
vn -0.0304 0.0248 0.9992
vn -0.0303 0.0233 0.9993
vn -0.0303 0.0234 0.9993
vn -0.0292 0.0222 0.9993
vn -0.0298 0.0245 0.9993
vn -0.0291 0.0222 0.9993
vn -0.0297 0.0244 0.9993
vn -0.6411 0.4862 0.5938
vn -0.6410 0.4872 0.5931
vn -0.6418 0.4868 0.5926
vn -0.6419 0.4859 0.5932
vn -0.6261 0.5066 0.5927
vn -0.6253 0.5060 0.5941
vn -0.6262 0.5067 0.5926
vn -0.6251 0.5064 0.5940
vn -0.0307 0.0220 0.9993
vn -0.0315 0.0218 0.9993
vn -0.0316 0.0217 0.9993
vn -0.0317 0.0210 0.9993
vn -0.0319 0.0214 0.9993
vn -0.0324 0.0214 0.9992
vn -0.0321 0.0212 0.9993
vn -0.6728 0.4421 0.5932
vn -0.6735 0.4417 0.5927
vn -0.6556 0.4660 0.5941
vn -0.6564 0.4668 0.5926
vn -0.0330 0.0196 0.9993
vn -0.0347 0.0186 0.9992
vn -0.0340 0.0175 0.9993
vn -0.0345 0.0186 0.9992
vn -0.0341 0.0175 0.9993
vn -0.7119 0.3787 0.5914
vn -0.7109 0.3777 0.5933
vn -0.7107 0.3781 0.5933
vn -0.6944 0.4101 0.5913
vn -0.6934 0.4089 0.5933
vn -0.0344 0.0172 0.9993
vn -0.0355 0.0168 0.9992
vn -0.0350 0.0159 0.9993
vn -0.0356 0.0168 0.9992
vn -0.0348 0.0165 0.9993
vn -0.7299 0.3408 0.5925
vn -0.7308 0.3401 0.5918
vn -0.7299 0.3409 0.5925
vn -0.7308 0.3402 0.5917
vn -0.7209 0.3565 0.5943
vn -0.7219 0.3572 0.5926
vn -0.7208 0.3564 0.5945
vn -0.0353 0.0157 0.9993
vn -0.0353 0.0156 0.9993
vn -0.0358 0.0145 0.9993
vn -0.0358 0.0146 0.9993
vn -0.7486 0.2992 0.5916
vn -0.7490 0.3008 0.5903
vn -0.7502 0.2998 0.5894
vn -0.7499 0.2982 0.5905
vn -0.7383 0.3234 0.5919
vn -0.7385 0.3250 0.5907
vn -0.7398 0.3241 0.5897
vn -0.7395 0.3224 0.5909
vn -0.0364 0.0132 0.9993
vn -0.0364 0.0131 0.9993
vn -0.0363 0.0132 0.9993
vn -0.0360 0.0116 0.9993
vn -0.0368 0.0118 0.9993
vn -0.0359 0.0116 0.9993
vn -0.0369 0.0115 0.9993
vn -0.7689 0.2443 0.5909
vn -0.7694 0.2439 0.5903
vn -0.7690 0.2444 0.5907
vn -0.7608 0.2714 0.5895
vn -0.7605 0.2705 0.5903
vn -0.0372 0.0106 0.9993
vn -0.0371 0.0106 0.9993
vn -0.0365 0.0089 0.9993
vn -0.0373 0.0103 0.9992
vn -0.0362 0.0088 0.9993
vn -0.7862 0.1896 0.5882
vn -0.7845 0.1905 0.5901
vn -0.7766 0.2188 0.5907
vn -0.7768 0.2194 0.5903
vn -0.7772 0.2190 0.5899
vn -0.7770 0.2186 0.5904
vn -0.0371 0.0074 0.9993
vn -0.0381 0.0069 0.9992
vn -0.0368 0.0074 0.9993
vn -0.0380 0.0076 0.9992
vn -0.0382 0.0062 0.9992
vn -0.0383 0.0062 0.9992
vn -0.0384 0.0062 0.9992
vn -0.0383 0.0063 0.9992
vn -0.7986 0.1291 0.5879
vn -0.7980 0.1291 0.5887
vn -0.7984 0.1291 0.5881
vn -0.7979 0.1296 0.5887
vn -0.7913 0.1569 0.5910
vn -0.7927 0.1559 0.5893
vn -0.0384 0.0051 0.9992
vn -0.0385 0.0050 0.9992
vn -0.0386 0.0039 0.9992
vn -0.0387 0.0039 0.9992
vn -0.0386 0.0040 0.9992
vn -0.8052 0.0812 0.5874
vn -0.8041 0.0829 0.5887
vn -0.8051 0.0813 0.5876
vn -0.8041 0.0827 0.5887
vn -0.8013 0.1071 0.5886
vn 0.5934 -0.8049 0.0015
vn 0.5922 -0.8058 -0.0002
vn 0.5945 -0.8041 -0.0002
vn 0.5947 -0.8039 0.0006
vn 0.5940 -0.8045 -0.0001
vn 0.5954 -0.8034 -0.0001
vn 0.6080 -0.7939 -0.0000
vn 0.6080 -0.7940 -0.0000
vn 0.6081 -0.7939 -0.0000
vn 0.6169 -0.7870 -0.0000
vn 0.6169 -0.7871 -0.0000
vn 0.6225 -0.7826 -0.0000
vn 0.6310 -0.7758 -0.0000
vn 0.6309 -0.7759 -0.0000
vn 0.6467 -0.7628 -0.0000
vn 0.6466 -0.7628 -0.0000
vn 0.6467 -0.7627 -0.0000
vn 0.6714 -0.7411 0.0016
vn 0.6701 -0.7422 -0.0001
vn 0.6726 -0.7400 -0.0001
vn 0.6976 -0.7165 -0.0000
vn 0.6973 -0.7168 -0.0000
vn 0.7231 -0.6908 -0.0000
vn 0.7230 -0.6908 -0.0000
vn 0.7231 -0.6907 -0.0000
vn 0.7501 -0.6613 -0.0000
vn 0.7502 -0.6613 -0.0000
vn 0.7723 -0.6353 -0.0000
vn 0.7723 -0.6352 -0.0000
vn 0.7898 -0.6134 0.0013
vn 0.7890 -0.6145 -0.0003
vn 0.7906 -0.6124 -0.0003
vn 0.8113 -0.5846 -0.0000
vn 0.8113 -0.5847 -0.0000
vn 0.8358 -0.5490 0.0011
vn 0.8356 -0.5494 -0.0001
vn 0.8358 -0.5490 0.0009
vn 0.8361 -0.5486 -0.0001
vn 0.8547 -0.5191 0.0013
vn 0.8540 -0.5202 -0.0001
vn 0.8554 -0.5179 -0.0001
vn 0.8682 -0.4962 -0.0000
vn 0.8680 -0.4965 -0.0000
vn 0.8789 -0.4771 -0.0000
vn 0.8788 -0.4771 -0.0000
vn 0.8789 -0.4770 -0.0000
vn 0.8882 -0.4594 0.0013
vn 0.8875 -0.4607 -0.0000
vn 0.8888 -0.4582 -0.0000
vn 0.9020 -0.4317 -0.0000
vn 0.9020 -0.4318 -0.0000
vn 0.8882 -0.4594 -0.0000
vn 0.8882 -0.4595 -0.0000
vn 0.8882 -0.4594 0.0001
vn 0.9219 -0.3875 -0.0009
vn 0.9218 -0.3876 -0.0000
vn 0.9220 -0.3871 -0.0000
vn 0.9419 -0.3360 -0.0012
vn 0.9415 -0.3371 0.0001
vn 0.9419 -0.3360 -0.0013
vn 0.9423 -0.3349 0.0001
vn 0.9555 -0.2949 -0.0000
vn 0.9555 -0.2948 -0.0000
vn 0.9649 -0.2626 -0.0009
vn 0.9647 -0.2634 0.0002
vn 0.9652 -0.2617 0.0002
vn 0.9750 -0.2221 -0.0000
vn 0.9750 -0.2220 -0.0000
vn 0.9857 -0.1688 -0.0000
vn 0.9856 -0.1688 -0.0000
vn 0.9857 -0.1687 -0.0000
vn 0.9927 -0.1210 -0.0000
vn 0.9926 -0.1210 -0.0000
vn 0.9927 -0.1206 -0.0000
vn 0.9951 -0.0991 -0.0011
vn 0.9950 -0.1001 -0.0000
vn 0.9951 -0.0991 -0.0009
vn 0.9952 -0.0980 -0.0000
vn 0.9788 0.2046 0.0003
vn 0.9784 0.2067 0.0001
vn 0.9787 0.2053 0.0001
vn 0.9791 0.2032 -0.0000
vn 0.9898 0.1425 0.0001
vn 0.9898 0.1422 -0.0000
vn 0.9898 0.1425 -0.0000
vn 0.9897 0.1429 -0.0000
vn 0.9898 0.1425 -0.0015
vn 0.9899 0.1418 -0.0013
vn 0.9897 0.1433 -0.0000
vn 0.9787 0.2053 -0.0011
vn 0.9789 0.2045 -0.0001
vn 0.9787 0.2054 -0.0001
vn 0.9787 0.2053 -0.0001
vn 0.9922 -0.1250 -0.0000
vn 0.9921 -0.1251 -0.0000
vn 0.9922 -0.1250 0.0001
vn 0.8013 -0.5983 0.0015
vn 0.8005 -0.5993 -0.0002
vn 0.8021 -0.5972 -0.0002
vn 0.6646 -0.7472 -0.0000
vn 0.6163 -0.7875 -0.0000
vn 0.6164 -0.7875 -0.0000
vn 0.8160 0.5544 0.1636
vn 0.8124 0.5617 0.1568
vn 0.8159 0.5544 0.1642
vn 0.8124 0.5617 0.1566
vn 0.4223 0.3199 0.8482
vn 0.4340 0.3405 0.8341
vn 0.4257 0.3448 0.8366
vn 0.4145 0.3277 0.8490
vn 0.4105 0.8468 0.3383
vn 0.4056 0.8508 0.3342
vn 0.4099 0.8470 0.3385
vn 0.7257 0.6704 0.1547
vn 0.6889 0.7071 0.1592
vn 0.7253 0.6681 0.1659
vn 0.6847 0.7067 0.1782
vn 0.0088 0.0558 0.9984
vn 0.0098 0.0551 0.9984
vn 0.0088 0.0554 0.9984
vn 0.0096 0.0549 0.9984
vn -0.0041 0.0461 0.9989
vn -0.0050 0.0441 0.9990
vn -0.0039 0.0438 0.9990
vn -0.0030 0.0455 0.9990
vn -0.0393 0.8540 0.5188
vn -0.0345 0.8532 0.5204
vn -0.0393 0.8539 0.5189
vn 0.1729 0.8774 0.4475
vn 0.1682 0.8789 0.4463
vn 0.1729 0.8775 0.4473
vn 0.1684 0.8789 0.4462
vn -0.0118 0.0377 0.9992
vn -0.0127 0.0380 0.9992
vn -0.0119 0.0378 0.9992
vn -0.0127 0.0381 0.9992
vn -0.0153 0.0347 0.9993
vn -0.0141 0.0367 0.9992
vn -0.0154 0.0347 0.9993
vn -0.3095 0.7501 0.5844
vn -0.3054 0.7510 0.5855
vn -0.3095 0.7502 0.5843
vn -0.3056 0.7508 0.5855
vn -0.2192 0.7909 0.5713
vn -0.2245 0.7904 0.5699
vn -0.2192 0.7910 0.5712
vn -0.2245 0.7905 0.5699
vn 0.5028 0.8643 0.0116
vn 0.5001 0.8659 0.0142
vn 0.5062 0.8624 0.0079
vn 0.4982 0.8670 0.0135
vn 0.3620 0.9319 0.0215
vn 0.3603 0.9326 0.0208
vn 0.3619 0.9320 0.0219
vn 0.3619 0.9320 -0.0227
vn 0.3614 0.9322 -0.0209
vn 0.3622 0.9318 -0.0227
vn 0.3616 0.9321 -0.0209
vn 0.5062 0.8624 -0.0064
vn 0.5127 0.8584 -0.0140
vn 0.5103 0.8598 -0.0174
vn 0.5011 0.8653 -0.0142
vn 0.1994 0.9796 0.0256
vn 0.1991 0.9796 0.0262
vn 0.1994 0.9796 0.0269
vn 0.2000 0.9795 0.0262
vn -0.0399 0.9987 0.0320
vn -0.0393 0.9987 0.0325
vn -0.0399 0.9987 0.0322
vn -0.0394 0.9987 0.0325
vn -0.0399 0.9987 -0.0320
vn -0.0395 0.9987 -0.0325
vn -0.0399 0.9987 -0.0318
vn 0.1994 0.9796 -0.0256
vn 0.1997 0.9795 -0.0262
vn 0.1994 0.9796 -0.0270
vn 0.1989 0.9797 -0.0262
vn -0.2604 0.9648 0.0371
vn -0.2594 0.9651 0.0365
vn -0.2604 0.9648 0.0367
vn -0.2591 0.9652 0.0365
vn -0.3772 0.9253 0.0391
vn -0.3760 0.9258 0.0384
vn -0.3764 0.9256 0.0384
vn -0.3772 0.9254 -0.0369
vn -0.3760 0.9258 -0.0386
vn -0.3772 0.9254 -0.0368
vn -0.2604 0.9648 -0.0362
vn -0.2604 0.9648 -0.0368
vn -0.2604 0.9648 -0.0374
vn -0.2609 0.9647 -0.0368
vn 0.8297 0.5540 -0.0684
vn 0.8260 0.5602 -0.0628
vn 0.8298 0.5539 -0.0679
vn 0.8260 0.5602 -0.0626
vn 0.7194 0.4339 -0.5424
vn 0.7104 0.4662 -0.5272
vn 0.7162 0.4445 -0.5381
vn 0.7079 0.4661 -0.5307
vn 0.9580 0.2303 -0.1708
vn 0.9581 0.2287 -0.1726
vn 0.9579 0.2305 -0.1709
vn 0.9581 0.2286 -0.1726
vn 0.8692 0.4909 -0.0589
vn 0.8716 0.4875 -0.0521
vn 0.8840 0.4644 -0.0530
vn 0.8819 0.4661 -0.0710
vn 0.0514 -0.0234 -0.9984
vn 0.0530 -0.0142 -0.9985
vn 0.0520 -0.0204 -0.9984
vn 0.0526 -0.0145 -0.9985
vn 0.0313 -0.0307 -0.9990
vn 0.0270 -0.0317 -0.9991
vn 0.0316 -0.0305 -0.9990
vn 0.0269 -0.0317 -0.9991
vn 0.7205 -0.5547 -0.4160
vn 0.7098 -0.5601 -0.4271
vn 0.7132 -0.5491 -0.4356
vn 0.7240 -0.5436 -0.4246
vn 0.9434 -0.1447 -0.2985
vn 0.9419 -0.1259 -0.3114
vn 0.9433 -0.1443 -0.2989
vn 0.9418 -0.1262 -0.3116
vn 0.0263 -0.0328 -0.9991
vn 0.0247 -0.0326 -0.9992
vn 0.0250 -0.0312 -0.9992
vn 0.0267 -0.0312 -0.9992
vn 0.0245 -0.0331 -0.9992
vn 0.0238 -0.0329 -0.9992
vn 0.0237 -0.0320 -0.9992
vn 0.0247 -0.0322 -0.9992
vn 0.5492 -0.7057 -0.4476
vn 0.5524 -0.7028 -0.4482
vn 0.5492 -0.7058 -0.4475
vn 0.5931 -0.6744 -0.4397
vn 0.5882 -0.6759 -0.4442
vn 0.5903 -0.6713 -0.4482
vn 0.5953 -0.6698 -0.4438
vn -0.0000 -0.0000 -1.0000
vn -0.0007 0.0012 -1.0000
vn -0.0011 -0.0008 -1.0000
vn 0.0008 -0.0011 -1.0000
vn 0.0011 0.0008 -1.0000
vn 0.0002 0.0013 -1.0000
vn 0.0002 -0.0013 -1.0000
vn -0.0002 0.0013 -1.0000
vn 0.0005 -0.0013 -1.0000
vn 0.8259 0.5463 -0.1394
vn 0.8166 0.5571 -0.1508
vn 0.8101 0.5705 -0.1354
vn 0.8199 0.5593 -0.1218
vn 0.4794 0.3057 -0.8227
vn 0.4621 0.3184 -0.8277
vn 0.4935 0.2879 -0.8207
vn 0.4507 0.3088 -0.8376
vn 0.5982 0.3536 -0.7192
vn 0.5564 0.3791 -0.7393
vn 0.6367 0.3575 -0.6833
vn 0.5543 0.3666 -0.7472
vn 0.8142 0.5728 -0.0947
vn 0.8232 0.5617 -0.0830
vn 0.8139 0.5729 -0.0968
vn 0.8230 0.5619 -0.0830
vn 0.5931 -0.6744 0.4398
vn 0.5954 -0.6698 0.4438
vn 0.5904 -0.6713 0.4482
vn 0.5881 -0.6759 0.4442
vn 0.5503 -0.7069 0.4445
vn 0.5497 -0.7048 0.4484
vn 0.5502 -0.7068 0.4446
vn 0.0246 -0.0331 0.9991
vn 0.0248 -0.0322 0.9992
vn 0.0238 -0.0321 0.9992
vn 0.0236 -0.0330 0.9992
vn 0.0265 -0.0329 0.9991
vn 0.0266 -0.0313 0.9992
vn 0.0250 -0.0310 0.9992
vn 0.0249 -0.0326 0.9992
vn 0.9433 -0.1443 0.2988
vn 0.9418 -0.1263 0.3115
vn 0.9434 -0.1447 0.2984
vn 0.9419 -0.1260 0.3114
vn 0.7223 -0.5527 0.4157
vn 0.7219 -0.5526 0.4166
vn 0.7223 -0.5528 0.4157
vn 0.7215 -0.5527 0.4170
vn 0.0334 -0.0320 0.9989
vn 0.0286 -0.0305 0.9991
vn 0.0328 -0.0325 0.9989
vn 0.0285 -0.0306 0.9991
vn 0.0543 -0.0208 0.9983
vn 0.0510 -0.0156 0.9986
vn 0.0531 -0.0246 0.9983
vn 0.0517 -0.0152 0.9985
vn 0.8666 0.4952 0.0617
vn 0.8829 0.4651 0.0643
vn 0.8814 0.4691 0.0554
vn 0.8718 0.4876 0.0469
vn 0.9581 0.2303 0.1703
vn 0.9577 0.2312 0.1714
vn 0.9581 0.2302 0.1707
vn 0.9578 0.2304 0.1718
vn 0.7185 0.4436 0.5357
vn 0.7065 0.4648 0.5337
vn 0.7216 0.4322 0.5408
vn 0.7092 0.4648 0.5300
vn 0.8212 0.5662 0.0720
vn 0.8255 0.5592 0.0761
vn 0.8211 0.5663 0.0715
vn 0.8255 0.5593 0.0759
vn 0.8909 -0.1087 0.4410
vn 0.8909 -0.1088 0.4410
vn 0.8930 -0.0890 0.4411
vn 0.8931 -0.0889 0.4411
vn 0.8931 -0.0890 0.4410
vn 0.8931 -0.0890 0.4411
vn 0.0413 -0.0041 0.9991
vn 0.0413 -0.0042 0.9991
vn 0.0412 -0.0041 0.9991
vn 0.0412 -0.0051 0.9991
vn 0.0411 -0.0051 0.9991
vn 0.8749 -0.1990 0.4415
vn 0.8752 -0.1976 0.4416
vn 0.8844 -0.1513 0.4415
vn 0.8846 -0.1513 0.4411
vn 0.8846 -0.1513 0.4412
vn 0.0409 -0.0070 0.9991
vn 0.0409 -0.0069 0.9991
vn 0.0415 -0.0093 0.9991
vn 0.0402 -0.0103 0.9991
vn 0.0402 -0.0102 0.9991
vn 0.8573 -0.2643 0.4418
vn 0.8577 -0.2628 0.4418
vn 0.8570 -0.2643 0.4423
vn 0.8655 -0.2352 0.4422
vn 0.8655 -0.2359 0.4419
vn 0.8659 -0.2353 0.4414
vn 0.8658 -0.2350 0.4419
vn 0.0400 -0.0108 0.9991
vn 0.0401 -0.0102 0.9991
vn 0.0396 -0.0121 0.9991
vn 0.0396 -0.0122 0.9991
vn 0.8278 -0.3473 0.4406
vn 0.8279 -0.3485 0.4395
vn 0.8286 -0.3477 0.4387
vn 0.8286 -0.3465 0.4397
vn 0.8452 -0.3011 0.4416
vn 0.8461 -0.2993 0.4410
vn 0.0391 -0.0138 0.9991
vn 0.0385 -0.0159 0.9991
vn 0.0384 -0.0159 0.9991
vn 0.7988 -0.4123 0.4381
vn 0.7995 -0.4100 0.4390
vn 0.7994 -0.4101 0.4390
vn 0.8110 -0.3874 0.4385
vn 0.8120 -0.3848 0.4389
vn 0.8120 -0.3848 0.4388
vn 0.0377 -0.0177 0.9991
vn 0.0378 -0.0177 0.9991
vn 0.0363 -0.0185 0.9992
vn 0.0368 -0.0204 0.9991
vn 0.0367 -0.0204 0.9991
vn 0.7788 -0.4442 0.4429
vn 0.7788 -0.4458 0.4412
vn 0.7801 -0.4449 0.4398
vn 0.7802 -0.4432 0.4415
vn 0.7889 -0.4274 0.4415
vn 0.7889 -0.4291 0.4400
vn 0.7889 -0.4290 0.4400
vn 0.0366 -0.0195 0.9991
vn 0.0367 -0.0192 0.9991
vn 0.0367 -0.0195 0.9991
vn 0.0366 -0.0206 0.9991
vn 0.0363 -0.0195 0.9991
vn 0.0368 -0.0207 0.9991
vn 0.0363 -0.0197 0.9991
vn 0.7493 -0.4914 0.4440
vn 0.7491 -0.4928 0.4427
vn 0.7502 -0.4920 0.4417
vn 0.7504 -0.4906 0.4429
vn 0.7663 -0.4646 0.4439
vn 0.7662 -0.4660 0.4425
vn 0.7661 -0.4662 0.4425
vn 0.0354 -0.0211 0.9992
vn 0.0354 -0.0212 0.9991
vn 0.0355 -0.0212 0.9991
vn 0.0354 -0.0211 0.9991
vn 0.0347 -0.0225 0.9991
vn 0.0346 -0.0224 0.9991
vn 0.0346 -0.0224 0.9992
vn 0.7080 -0.5491 0.4441
vn 0.7077 -0.5505 0.4429
vn 0.7089 -0.5498 0.4418
vn 0.7091 -0.5485 0.4430
vn 0.7279 -0.5238 0.4425
vn 0.7289 -0.5219 0.4430
vn 0.7277 -0.5236 0.4431
vn 0.7289 -0.5221 0.4429
vn 0.0331 -0.0236 0.9992
vn 0.0341 -0.0230 0.9992
vn 0.0327 -0.0251 0.9992
vn 0.0327 -0.0251 0.9991
vn 0.6726 -0.5919 0.4441
vn 0.6729 -0.5908 0.4451
vn 0.6727 -0.5919 0.4440
vn 0.6730 -0.5908 0.4451
vn 0.6920 -0.5685 0.4450
vn 0.6917 -0.5696 0.4440
vn 0.6928 -0.5691 0.4430
vn 0.6930 -0.5679 0.4441
vn 0.0319 -0.0260 0.9992
vn 0.0319 -0.0259 0.9992
vn 0.0309 -0.0269 0.9992
vn 0.6240 -0.6400 0.4483
vn 0.6249 -0.6397 0.4475
vn 0.6471 -0.6173 0.4474
vn 0.6466 -0.6187 0.4462
vn 0.6479 -0.6181 0.4451
vn 0.6484 -0.6168 0.4463
vn 0.0297 -0.0280 0.9992
vn 0.0297 -0.0281 0.9992
vn 0.0280 -0.0284 0.9992
vn 0.0294 -0.0280 0.9992
vn 0.0281 -0.0285 0.9992
vn 0.0294 -0.0281 0.9992
vn 0.5779 -0.6806 0.4504
vn 0.5788 -0.6803 0.4496
vn 0.5779 -0.6806 0.4503
vn 0.5787 -0.6804 0.4496
vn 0.6003 -0.6618 0.4490
vn 0.5988 -0.6637 0.4483
vn 0.5988 -0.6636 0.4483
vn 0.0274 -0.0300 0.9992
vn 0.0274 -0.0299 0.9992
vn 0.0264 -0.0308 0.9992
vn 0.0264 -0.0307 0.9992
vn 0.0263 -0.0307 0.9992
vn 0.0263 -0.0308 0.9992
vn 0.5553 -0.6975 0.4529
vn 0.5549 -0.6981 0.4524
vn 0.5556 -0.6980 0.4518
vn 0.5560 -0.6973 0.4524
vn 0.5634 -0.6917 0.4518
vn 0.5642 -0.6915 0.4511
vn 0.5643 -0.6914 0.4511
vn 0.0256 -0.0312 0.9992
vn 0.0256 -0.0311 0.9992
vn 0.0256 -0.0319 0.9992
vn 0.0259 -0.0307 0.9992
vn 0.0254 -0.0317 0.9992
vn 0.5418 -0.7079 0.4531
vn 0.5421 -0.7077 0.4530
vn 0.5417 -0.7078 0.4535
vn 0.5416 -0.7081 0.4530
vn 0.5498 -0.7014 0.4536
vn 0.5508 -0.7010 0.4530
vn 0.5497 -0.7013 0.4539
vn 0.5505 -0.7012 0.4531
vn 0.0248 -0.0316 0.9992
vn 0.0247 -0.0316 0.9992
vn 0.0247 -0.0315 0.9992
vn 0.0248 -0.0315 0.9992
vn 0.0249 -0.0328 0.9992
vn 0.0251 -0.0313 0.9992
vn 0.5287 -0.7202 0.4493
vn 0.5272 -0.7204 0.4507
vn 0.5300 -0.7178 0.4514
vn 0.5306 -0.7169 0.4523
vn 0.5296 -0.7172 0.4530
vn 0.5290 -0.7181 0.4523
vn 0.0237 -0.0325 0.9992
vn 0.0236 -0.0325 0.9992
vn 0.0234 -0.0328 0.9992
vn 0.0237 -0.0327 0.9992
vn 0.0237 -0.0333 0.9992
vn -0.0011 0.0008 -1.0000
vn -0.0007 -0.0011 -1.0000
vn 0.0011 -0.0008 -1.0000
vn 0.0008 0.0011 -1.0000
vn 0.0010 -0.0008 -1.0000
vn -0.0009 0.0010 -1.0000
vn -0.0010 -0.0009 -1.0000
vn 0.0009 -0.0010 -1.0000
vn 0.0008 -0.0010 -1.0000
vn -0.0008 0.0011 -1.0000
vn -0.0511 -0.9698 0.2385
vn -0.0609 -0.9715 0.2291
vn -0.0513 -0.9742 0.2197
vn -0.0415 -0.9725 0.2291
vn -0.0517 -0.9749 0.2167
vn -0.0611 -0.9763 0.2074
vn -0.0612 -0.9763 0.2074
vn -0.0517 -0.9749 -0.2167
vn -0.0611 -0.9763 -0.2074
vn -0.0611 -0.9764 -0.2074
vn -0.0511 -0.9698 -0.2386
vn -0.0416 -0.9725 -0.2291
vn -0.0513 -0.9742 -0.2196
vn -0.0608 -0.9715 -0.2291
vn 0.8464 0.5326 0.0036
vn 0.8453 0.5342 0.0062
vn 0.8480 0.5299 0.0015
vn 0.8446 0.5354 0.0055
vn 0.8286 0.5597 0.0107
vn 0.8300 0.5576 0.0110
vn 0.8272 0.5617 0.0111
vn 0.8286 0.5597 -0.0092
vn 0.8294 0.5586 -0.0107
vn 0.8286 0.5596 -0.0122
vn 0.8279 0.5608 -0.0107
vn 0.8481 0.5299 -0.0007
vn 0.8449 0.5348 -0.0065
vn 0.8463 0.5327 -0.0035
vn 0.8454 0.5341 -0.0066
vn -0.0104 -0.0684 -0.9976
vn -0.0060 -0.0677 -0.9977
vn -0.0105 -0.0684 -0.9976
vn -0.0060 -0.0672 -0.9977
vn -0.0544 -0.5461 -0.8359
vn -0.0351 -0.5319 -0.8460
vn -0.0166 -0.5485 -0.8360
vn -0.0372 -0.5634 -0.8254
vn -0.0594 -0.5860 -0.8081
vn -0.0429 -0.6036 -0.7961
vn -0.0606 -0.5857 -0.8083
vn -0.0409 -0.5699 -0.8207
vn -0.0101 -0.0761 -0.9971
vn -0.0065 -0.0731 -0.9973
vn -0.0032 -0.0767 -0.9971
vn -0.0071 -0.0800 -0.9968
vn 0.8824 -0.1217 0.4545
vn 0.8855 -0.1280 0.4467
vn 0.8822 -0.1219 0.4548
vn 0.8854 -0.1281 0.4469
vn 0.8329 -0.3795 0.4029
vn 0.7564 -0.5041 0.4169
vn 0.8411 -0.3580 0.4054
vn 0.7434 -0.4799 0.4659
vn -0.0194 -0.6191 0.7851
vn -0.0102 -0.6114 0.7912
vn -0.0189 -0.6193 0.7850
vn -0.0097 -0.6118 0.7909
vn 0.0324 -0.0854 0.9958
vn 0.0333 -0.0864 0.9957
vn 0.0342 -0.0856 0.9957
vn 0.0334 -0.0845 0.9959
vn -0.8090 0.0217 -0.5874
vn -0.8047 0.0277 -0.5930
vn -0.8091 0.0218 -0.5873
vn -0.8048 0.0275 -0.5929
vn -0.7980 -0.2440 -0.5510
vn -0.7238 -0.1815 -0.6657
vn -0.8014 -0.2250 -0.5542
vn -0.7498 -0.1982 -0.6313
vn -0.0784 -0.5163 -0.8528
vn -0.0668 -0.5075 -0.8590
vn -0.0563 -0.5179 -0.8536
vn -0.0679 -0.5264 -0.8475
vn -0.0461 -0.0602 -0.9971
vn -0.0435 -0.0580 -0.9974
vn -0.0413 -0.0606 -0.9973
vn -0.0439 -0.0628 -0.9971
vn -0.6154 -0.7808 0.1080
vn -0.5857 -0.7901 0.1810
vn -0.6327 -0.7376 0.2358
vn -0.6970 -0.6979 0.1646
vn -0.0755 -0.9684 0.2376
vn -0.0798 -0.9662 0.2450
vn -0.0756 -0.9684 0.2378
vn -0.0799 -0.9662 0.2450
vn -0.0754 -0.9654 -0.2497
vn -0.0823 -0.9660 -0.2451
vn -0.0755 -0.9654 -0.2496
vn -0.0825 -0.9660 -0.2451
vn -0.6493 -0.7543 -0.0972
vn -0.6917 -0.7042 -0.1601
vn -0.6640 -0.7119 -0.2287
vn -0.5824 -0.7937 -0.1757
vn -0.3628 0.7163 -0.5960
vn -0.3651 0.7164 -0.5945
vn -0.3629 0.7164 -0.5959
vn -0.4259 0.6784 -0.5987
vn -0.4259 0.6775 -0.5997
vn -0.4259 0.6785 -0.5985
vn -0.4254 0.6777 -0.5998
vn -0.0196 0.0307 -0.9993
vn -0.0209 0.0313 -0.9993
vn -0.0195 0.0307 -0.9993
vn -0.0210 0.0312 -0.9993
vn -0.0173 0.0329 -0.9993
vn -0.0172 0.0342 -0.9993
vn -0.0172 0.0327 -0.9993
vn -0.0174 0.0340 -0.9993
vn -0.4689 0.6468 -0.6014
vn -0.4689 0.6468 -0.6015
vn -0.4687 0.6469 -0.6015
vn -0.4974 0.6260 -0.6006
vn -0.4959 0.6262 -0.6016
vn -0.4959 0.6262 -0.6017
vn -0.0234 0.0294 -0.9993
vn -0.0233 0.0294 -0.9993
vn -0.0214 0.0294 -0.9993
vn -0.0229 0.0297 -0.9993
vn -0.0215 0.0295 -0.9993
vn -0.5167 0.6105 -0.6003
vn -0.5151 0.6112 -0.6009
vn -0.5290 0.6001 -0.6001
vn -0.5297 0.6000 -0.5995
vn -0.5296 0.6007 -0.5989
vn -0.5287 0.6008 -0.5995
vn -0.0249 0.0284 -0.9993
vn -0.0248 0.0284 -0.9993
vn -0.0249 0.0283 -0.9993
vn -0.0242 0.0288 -0.9993
vn -0.0243 0.0287 -0.9993
vn -0.5416 0.5910 -0.5978
vn -0.5400 0.5920 -0.5983
vn -0.5417 0.5911 -0.5977
vn -0.5602 0.5743 -0.5970
vn -0.5603 0.5738 -0.5973
vn -0.0264 0.0272 -0.9993
vn -0.0264 0.0273 -0.9993
vn -0.0265 0.0272 -0.9993
vn -0.0255 0.0280 -0.9993
vn -0.5838 0.5503 -0.5970
vn -0.5846 0.5500 -0.5964
vn -0.5845 0.5510 -0.5956
vn -0.5834 0.5513 -0.5964
vn -0.6062 0.5266 -0.5960
vn -0.6071 0.5264 -0.5952
vn -0.6071 0.5274 -0.5944
vn -0.6060 0.5277 -0.5952
vn -0.0278 0.0243 -0.9993
vn -0.0278 0.0263 -0.9993
vn -0.0277 0.0263 -0.9993
vn -0.0267 0.0253 -0.9993
vn -0.0266 0.0273 -0.9993
vn -0.0267 0.0272 -0.9993
vn -0.6250 0.5057 -0.5947
vn -0.6257 0.5055 -0.5941
vn -0.6258 0.5054 -0.5941
vn -0.6411 0.4862 -0.5938
vn -0.6420 0.4858 -0.5932
vn -0.6418 0.4868 -0.5925
vn -0.6409 0.4872 -0.5931
vn -0.0318 0.0242 -0.9992
vn -0.0313 0.0219 -0.9993
vn -0.0315 0.0219 -0.9993
vn -0.0297 0.0242 -0.9993
vn -0.0297 0.0241 -0.9993
vn -0.6561 0.4665 -0.5932
vn -0.6569 0.4660 -0.5927
vn -0.6561 0.4666 -0.5931
vn -0.6728 0.4421 -0.5932
vn -0.6735 0.4417 -0.5927
vn -0.0321 0.0212 -0.9993
vn -0.0320 0.0212 -0.9993
vn -0.0320 0.0228 -0.9992
vn -0.0309 0.0231 -0.9993
vn -0.0319 0.0227 -0.9992
vn -0.0307 0.0232 -0.9993
vn -0.6929 0.4093 -0.5936
vn -0.6925 0.4114 -0.5927
vn -0.6930 0.4093 -0.5935
vn -0.6924 0.4115 -0.5927
vn -0.7110 0.3783 -0.5928
vn -0.7115 0.3767 -0.5931
vn -0.7109 0.3782 -0.5929
vn -0.7115 0.3768 -0.5931
vn -0.0333 0.0179 -0.9993
vn -0.0335 0.0189 -0.9993
vn -0.0332 0.0178 -0.9993
vn -0.0334 0.0191 -0.9993
vn -0.0330 0.0196 -0.9993
vn -0.7219 0.3572 -0.5926
vn -0.7229 0.3550 -0.5928
vn -0.7229 0.3550 -0.5927
vn -0.7299 0.3408 -0.5926
vn -0.7308 0.3402 -0.5918
vn -0.7309 0.3401 -0.5918
vn -0.0344 0.0162 -0.9993
vn -0.0347 0.0170 -0.9993
vn -0.0349 0.0165 -0.9993
vn -0.0344 0.0172 -0.9993
vn -0.7383 0.3234 -0.5919
vn -0.7395 0.3223 -0.5910
vn -0.7397 0.3240 -0.5897
vn -0.7385 0.3251 -0.5907
vn -0.7487 0.2992 -0.5915
vn -0.7499 0.2983 -0.5905
vn -0.7502 0.2998 -0.5893
vn -0.7490 0.3008 -0.5904
vn -0.0359 0.0146 -0.9993
vn -0.0358 0.0145 -0.9993
vn -0.0353 0.0157 -0.9993
vn -0.7609 0.2714 -0.5894
vn -0.7606 0.2704 -0.5903
vn -0.7609 0.2714 -0.5895
vn -0.7606 0.2702 -0.5903
vn -0.7689 0.2444 -0.5908
vn -0.7694 0.2441 -0.5903
vn -0.7695 0.2438 -0.5903
vn -0.0375 0.0120 -0.9992
vn -0.0367 0.0123 -0.9992
vn -0.0374 0.0120 -0.9992
vn -0.0367 0.0123 -0.9993
vn -0.0364 0.0132 -0.9993
vn -0.0363 0.0131 -0.9993
vn -0.0364 0.0131 -0.9993
vn -0.7766 0.2189 -0.5907
vn -0.7770 0.2183 -0.5904
vn -0.7769 0.2189 -0.5903
vn -0.7768 0.2194 -0.5903
vn -0.7842 0.1896 -0.5909
vn -0.7853 0.1872 -0.5901
vn -0.7841 0.1896 -0.5910
vn -0.0387 0.0095 -0.9992
vn -0.0378 0.0080 -0.9993
vn -0.0372 0.0106 -0.9993
vn -0.0372 0.0105 -0.9993
vn -0.7922 0.1567 -0.5897
vn -0.7926 0.1563 -0.5894
vn -0.7928 0.1568 -0.5890
vn -0.7924 0.1572 -0.5894
vn -0.7980 0.1291 -0.5887
vn -0.7983 0.1292 -0.5883
vn -0.0383 0.0062 -0.9992
vn -0.0383 0.0063 -0.9992
vn -0.0387 0.0077 -0.9992
vn -0.0378 0.0085 -0.9992
vn -0.0388 0.0078 -0.9992
vn -0.0379 0.0080 -0.9992
vn -0.8013 0.1071 -0.5886
vn -0.8013 0.1070 -0.5886
vn -0.8033 0.0815 -0.5900
vn -0.8044 0.0799 -0.5886
vn -0.8034 0.0815 -0.5898
vn -0.8045 0.0799 -0.5886
vn -0.0387 0.0039 -0.9992
vn -0.0386 0.0039 -0.9992
vn -0.0385 0.0051 -0.9992
vn 0.6811 0.7220 -0.1216
vn 0.7280 0.6747 -0.1216
vn 0.6875 0.7133 -0.1360
vn 0.7194 0.6845 -0.1179
vn 0.4104 0.8471 -0.3376
vn 0.4045 0.8511 -0.3347
vn 0.4090 0.8523 -0.3260
vn 0.4154 0.8482 -0.3286
vn 0.4214 0.3223 -0.8477
vn 0.4146 0.3276 -0.8490
vn 0.4248 0.3471 -0.8361
vn 0.4341 0.3405 -0.8340
vn 0.8153 0.5553 -0.1641
vn 0.8127 0.5616 -0.1552
vn 0.8152 0.5557 -0.1636
vn 0.8127 0.5618 -0.1548
vn 0.1728 0.8768 -0.4487
vn 0.1699 0.8790 -0.4456
vn 0.1728 0.8767 -0.4488
vn 0.1697 0.8790 -0.4456
vn -0.0389 0.8551 -0.5170
vn -0.0364 0.8528 -0.5210
vn -0.0366 0.8527 -0.5211
vn -0.0040 0.0460 -0.9989
vn -0.0031 0.0454 -0.9990
vn -0.0038 0.0436 -0.9990
vn -0.0049 0.0442 -0.9990
vn 0.0088 0.0553 -0.9984
vn 0.0096 0.0549 -0.9984
vn 0.0088 0.0557 -0.9984
vn 0.0098 0.0550 -0.9984
vn -0.2193 0.7953 -0.5652
vn -0.2152 0.7944 -0.5679
vn -0.3098 0.7517 -0.5822
vn -0.3075 0.7498 -0.5859
vn -0.3074 0.7499 -0.5858
vn -0.0164 0.0373 -0.9992
vn -0.0163 0.0351 -0.9993
vn -0.0166 0.0374 -0.9992
vn -0.0161 0.0353 -0.9992
vn -0.0119 0.0378 -0.9992
vn -0.0127 0.0381 -0.9992
vn -0.0118 0.0378 -0.9992
vn -0.0129 0.0379 -0.9992
vn -0.0000 -0.0000 1.0000
vn 0.0008 -0.0011 1.0000
vn -0.0011 -0.0008 1.0000
vn -0.0007 0.0012 1.0000
vn 0.0011 0.0008 1.0000
vn 0.0005 -0.0013 1.0000
vn -0.0002 0.0013 1.0000
vn 0.0002 -0.0013 1.0000
vn 0.0002 0.0013 1.0000
vn 0.8138 0.5730 0.0968
vn 0.8230 0.5619 0.0831
vn 0.8142 0.5729 0.0947
vn 0.8232 0.5617 0.0831
vn 0.6377 0.3563 0.6829
vn 0.5554 0.3673 0.7461
vn 0.5983 0.3526 0.7195
vn 0.5568 0.3799 0.7387
vn 0.4936 0.2872 0.8209
vn 0.4514 0.3090 0.8371
vn 0.4794 0.3054 0.8228
vn 0.4621 0.3186 0.8276
vn 0.8265 0.5459 0.1375
vn 0.8199 0.5593 0.1218
vn 0.8106 0.5701 0.1335
vn 0.8166 0.5571 0.1508
vn 0.0013 -0.0002 1.0000
vn -0.0002 -0.0013 1.0000
vn -0.0013 0.0002 1.0000
vn 0.0010 -0.0008 1.0000
vn -0.0007 -0.0011 1.0000
vn -0.0011 0.0008 1.0000
vn 0.0008 0.0011 1.0000
vn 0.0011 -0.0008 1.0000
vn -0.0008 0.0011 1.0000
vn 0.8280 0.5605 0.0125
vn 0.8294 0.5584 0.0147
vn 0.8281 0.5605 0.0125
vn 0.8295 0.5583 0.0146
vn 0.8280 0.5605 0.0183
vn 0.8264 0.5626 0.0209
vn 0.8279 0.5604 0.0238
vn 0.8294 0.5582 0.0211
vn 0.8280 0.5605 -0.0184
vn 0.8295 0.5582 -0.0211
vn 0.8279 0.5604 -0.0237
vn 0.8264 0.5627 -0.0210
vn 0.8280 0.5605 -0.0125
vn 0.8294 0.5585 -0.0147
vn 0.8281 0.5605 -0.0123
vn 0.8294 0.5585 -0.0146
vn -0.0104 -0.0760 0.9971
vn -0.0070 -0.0799 0.9968
vn -0.0035 -0.0766 0.9971
vn -0.0064 -0.0731 0.9973
vn -0.0603 -0.5857 0.8083
vn -0.0413 -0.5698 0.8208
vn -0.0591 -0.5861 0.8081
vn -0.0433 -0.6037 0.7960
vn -0.0554 -0.5458 0.8361
vn -0.0369 -0.5634 0.8254
vn -0.0178 -0.5483 0.8361
vn -0.0348 -0.5318 0.8461
vn -0.0078 -0.0686 0.9976
vn -0.0058 -0.0642 0.9979
vn -0.0073 -0.0687 0.9976
vn -0.0057 -0.0643 0.9979
vn 1.0000 -0.0000 -0.0000
vn 0.0013 -0.0000 1.0000
vn -0.0000 -0.0013 1.0000
vn -0.0013 -0.0000 1.0000
vn -0.0000 0.0013 1.0000
vn -1.0000 -0.0000 -0.0000
vn -0.0013 -0.0000 -1.0000
vn -0.0000 -0.0013 -1.0000
vn 0.0013 -0.0000 -1.0000
vn -0.0000 0.0013 -1.0000
vn -0.0231 0.9997 0.0011
vn -0.0240 0.9997 -0.0000
vn -0.0222 0.9998 -0.0000
vn -0.0000 -1.0000 -0.0000
vn -0.0012 0.0007 -1.0000
vn 0.0010 0.0009 -1.0000
vn -0.4875 0.8731 -0.0000
vn -0.4876 0.8731 -0.0000
vn -0.6452 0.7640 -0.0012
vn -0.6462 0.7632 0.0003
vn -0.6442 0.7649 0.0003
vn -0.7742 0.6330 -0.0000
vn -0.7742 0.6329 -0.0000
vn -0.9224 0.3861 -0.0009
vn -0.9228 0.3852 0.0001
vn -0.9221 0.3870 0.0001
vn -0.9962 0.0875 0.0011
vn -0.9963 0.0863 -0.0000
vn -0.9961 0.0885 -0.0000
vn -0.9999 -0.0135 -0.0000
vn -0.9999 -0.0134 -0.0000
vn -0.8698 0.4933 -0.0000
vn -0.8699 0.4933 -0.0000
vn -0.8698 0.4934 -0.0000
vn -0.9989 0.0472 -0.0000
vn -0.9989 0.0473 -0.0000
vn 0.0010 0.0009 1.0000
vn -0.0012 0.0007 1.0000
vn 0.5214 -0.8533 -0.0000
vn 0.5213 -0.8534 -0.0000
vn 0.6829 -0.7305 0.0006
vn 0.6826 -0.7308 -0.0000
vn 0.6833 -0.7301 -0.0000
vn 0.8156 -0.5786 -0.0000
vn 0.9738 -0.2272 -0.0000
vn 0.9738 -0.2273 -0.0000
vn 0.9999 0.0116 -0.0000
vn 0.9999 0.0117 -0.0000
vn 0.9434 0.3316 -0.0000
vn 0.9435 0.3315 -0.0000
vn 0.7594 0.6507 -0.0000
vn 0.7594 0.6506 -0.0000
vn 0.7593 0.6507 -0.0000
vn 0.0003 -0.0496 -0.9988
vn -0.0003 -0.0496 -0.9988
vn -0.0012 -0.1465 -0.9892
vn 0.0001 -0.1474 -0.9891
vn 0.0001 -0.1456 -0.9893
vn -0.0000 -0.2431 -0.9700
vn -0.0000 -0.3370 -0.9415
vn -0.0000 -0.3371 -0.9415
vn -0.0000 -0.4273 -0.9041
vn -0.0000 -0.4272 -0.9041
vn 0.0013 -0.5144 -0.8576
vn -0.0001 -0.5155 -0.8569
vn -0.0001 -0.5132 -0.8583
vn -0.0001 -0.5954 -0.8034
vn -0.0000 -0.5954 -0.8034
vn -0.0000 -0.5953 -0.8035
vn -0.0005 -0.6714 -0.7411
vn 0.0005 -0.6714 -0.7411
vn -0.0000 -0.7414 -0.6710
vn -0.0000 -0.7414 -0.6711
vn -0.0000 -0.8028 -0.5963
vn -0.0000 -0.8028 -0.5962
vn -0.0000 -0.8027 -0.5963
vn -0.0001 -0.8579 -0.5138
vn -0.0000 -0.8581 -0.5135
vn -0.0000 -0.8579 -0.5138
vn -0.0000 -0.8577 -0.5141
vn -0.0019 -0.9038 -0.4279
vn 0.0019 -0.9038 -0.4279
vn 0.0006 -0.9416 -0.3368
vn -0.0000 -0.9416 -0.3368
vn -0.0001 -0.9414 -0.3374
vn -0.0000 -0.9700 -0.2433
vn -0.0000 -0.9700 -0.2432
vn -0.0000 -0.9699 -0.2433
vn -0.0000 -0.9892 -0.1464
vn -0.0000 -0.9892 -0.1463
vn -0.0001 -0.9988 -0.0488
vn -0.0000 -0.9988 -0.0487
vn -0.0000 -0.9988 -0.0488
vn -0.0000 -0.9988 0.0488
vn 0.0001 -0.9988 0.0488
vn -0.0000 -0.9988 0.0487
vn -0.0000 -0.9892 0.1464
vn -0.0000 -0.9892 0.1463
vn -0.0000 -0.9700 0.2433
vn -0.0000 -0.9699 0.2433
vn -0.0000 -0.9700 0.2432
vn -0.0006 -0.9416 0.3368
vn 0.0001 -0.9414 0.3374
vn -0.0000 -0.9416 0.3368
vn 0.0019 -0.9038 0.4279
vn -0.0019 -0.9038 0.4279
vn -0.0000 -0.8579 0.5138
vn -0.0000 -0.8577 0.5141
vn 0.0001 -0.8579 0.5138
vn -0.0000 -0.8581 0.5135
vn -0.0000 -0.8028 0.5963
vn -0.0000 -0.8027 0.5963
vn -0.0000 -0.8028 0.5962
vn -0.0000 -0.7414 0.6710
vn -0.0000 -0.7414 0.6711
vn 0.0005 -0.6714 0.7411
vn -0.0005 -0.6714 0.7411
vn -0.0000 -0.5954 0.8034
vn -0.0000 -0.5953 0.8035
vn 0.0001 -0.5954 0.8034
vn -0.0013 -0.5144 0.8576
vn 0.0001 -0.5132 0.8583
vn 0.0001 -0.5155 0.8569
vn -0.0000 -0.4273 0.9041
vn -0.0000 -0.4272 0.9041
vn -0.0000 -0.3370 0.9415
vn -0.0000 -0.3371 0.9415
vn -0.0000 -0.2431 0.9700
vn 0.0012 -0.1465 0.9892
vn -0.0001 -0.1456 0.9893
vn -0.0001 -0.1474 0.9891
vn -0.0003 -0.0496 0.9988
vn 0.0003 -0.0496 0.9988
vn -0.0000 0.0496 0.9988
vn -0.0000 0.0495 0.9988
vn -0.0012 0.1465 0.9892
vn 0.0001 0.1474 0.9891
vn 0.0001 0.1456 0.9893
vn -0.0000 0.2433 0.9700
vn -0.0000 0.2433 0.9699
vn -0.0000 0.2432 0.9700
vn -0.0000 0.3368 0.9416
vn -0.0000 0.4273 0.9041
vn 0.0013 0.5144 0.8576
vn -0.0001 0.5155 0.8569
vn -0.0001 0.5132 0.8583
vn -0.0000 0.5954 0.8034
vn -0.0000 0.5953 0.8035
vn -0.0000 0.6714 0.7411
vn -0.0000 0.6715 0.7410
vn -0.0000 0.7414 0.6710
vn -0.0000 0.7414 0.6711
vn -0.0000 0.8028 0.5963
vn -0.0000 0.8028 0.5962
vn -0.0000 0.8027 0.5963
vn -0.0000 0.8579 0.5138
vn -0.0000 0.8581 0.5135
vn -0.0000 0.8577 0.5141
vn -0.0016 0.9038 0.4279
vn 0.0001 0.9045 0.4264
vn 0.0001 0.9031 0.4294
vn 0.0006 0.9416 0.3368
vn -0.0000 0.9416 0.3368
vn -0.0001 0.9414 0.3374
vn -0.0000 0.9701 0.2425
vn -0.0000 0.9702 0.2425
vn -0.0000 0.9701 0.2426
vn -0.0000 0.9891 0.1471
vn -0.0000 0.9891 0.1472
vn -0.0000 0.9988 0.0488
vn -0.0000 0.9988 0.0489
vn -0.0000 0.9988 -0.0488
vn -0.0000 0.9988 -0.0489
vn -0.0000 0.9891 -0.1471
vn -0.0000 0.9891 -0.1472
vn -0.0000 0.9701 -0.2425
vn -0.0000 0.9701 -0.2426
vn -0.0000 0.9702 -0.2425
vn -0.0006 0.9416 -0.3368
vn 0.0001 0.9414 -0.3374
vn -0.0000 0.9416 -0.3368
vn 0.0016 0.9038 -0.4279
vn -0.0001 0.9031 -0.4294
vn -0.0001 0.9045 -0.4264
vn -0.0000 0.8579 -0.5138
vn -0.0000 0.8577 -0.5141
vn -0.0000 0.8581 -0.5135
vn -0.0000 0.8028 -0.5963
vn -0.0000 0.8027 -0.5963
vn -0.0000 0.8028 -0.5962
vn -0.0000 0.7414 -0.6710
vn -0.0000 0.7414 -0.6711
vn -0.0000 0.6714 -0.7411
vn -0.0000 0.6715 -0.7410
vn -0.0000 0.5954 -0.8034
vn -0.0000 0.5953 -0.8035
vn -0.0013 0.5144 -0.8576
vn 0.0001 0.5132 -0.8583
vn 0.0001 0.5155 -0.8569
vn -0.0000 0.4273 -0.9041
vn -0.0000 0.3368 -0.9416
vn -0.0000 0.2433 -0.9700
vn -0.0000 0.2432 -0.9700
vn -0.0000 0.2433 -0.9699
vn 1.0000 -0.0001 -0.0000
vn 0.0012 0.1465 -0.9892
vn -0.0001 0.1456 -0.9893
vn -0.0001 0.1474 -0.9891
vn -0.0000 0.0496 -0.9988
vn -0.0000 0.0495 -0.9988
vn 0.0665 -0.0715 -0.9952
vn 0.0671 -0.0714 -0.9952
vn 0.1979 -0.2125 -0.9569
vn 0.3213 -0.3450 -0.8819
vn 0.4319 -0.4636 -0.7737
vn 0.4317 -0.4648 -0.7730
vn 0.4318 -0.4635 -0.7737
vn 0.4317 -0.4649 -0.7730
vn 0.5269 -0.5657 -0.6343
vn 0.6011 -0.6454 -0.4714
vn 0.6522 -0.7003 -0.2904
vn 0.6783 -0.7283 -0.0980
vn 0.6783 -0.7283 0.0980
vn 0.6522 -0.7003 0.2904
vn 0.6011 -0.6454 0.4714
vn 0.5269 -0.5657 0.6343
vn 0.4328 -0.4648 0.7724
vn 0.4331 -0.4635 0.7730
vn 0.4326 -0.4645 0.7727
vn 0.4332 -0.4635 0.7730
vn 0.3213 -0.3450 0.8819
vn 0.1979 -0.2125 0.9569
vn 0.0671 -0.0720 0.9951
vn 0.0663 -0.0721 0.9952
vn -0.0679 0.0729 0.9950
vn -0.0655 0.0729 0.9952
vn -0.1979 0.2124 0.9569
vn -0.3213 0.3450 0.8819
vn -0.4324 0.4642 0.7730
vn -0.5273 0.5661 0.6337
vn -0.5259 0.5666 0.6344
vn -0.5271 0.5659 0.6340
vn -0.6010 0.6453 0.4715
vn -0.6522 0.7003 0.2901
vn -0.6783 0.7283 0.0981
vn -0.6783 0.7283 -0.0981
vn -0.6522 0.7003 -0.2901
vn -0.6010 0.6453 -0.4715
vn -0.5264 0.5653 -0.6351
vn -0.5278 0.5649 -0.6343
vn -0.5278 0.5648 -0.6343
vn -0.4324 0.4642 -0.7730
vn -0.3213 0.3450 -0.8819
vn 0.7318 0.6815 -0.0000
vn -0.1979 0.2124 -0.9569
vn -0.0656 0.0705 -0.9953
vn -0.0681 0.0705 -0.9952
vn -0.0655 0.0704 -0.9954
vn -0.7318 -0.6815 -0.0000
vn 0.0661 -0.0711 -0.9953
vn 0.0670 -0.0715 -0.9952
vn 0.0664 -0.0713 -0.9952
vn 0.1971 -0.2117 -0.9572
vn 0.1985 -0.2118 -0.9570
vn 0.1969 -0.2115 -0.9573
vn 0.1984 -0.2118 -0.9570
vn 0.4316 -0.4633 -0.7740
vn 0.4314 -0.4650 -0.7731
vn 0.4318 -0.4635 -0.7738
vn 0.5261 -0.5650 -0.6356
vn 0.5280 -0.5647 -0.6344
vn 0.5278 -0.5648 -0.6344
vn 0.6522 -0.7003 -0.2903
vn 0.6781 -0.7282 -0.0992
vn 0.6791 -0.7275 -0.0980
vn 0.6781 -0.7282 -0.0994
vn 0.6790 -0.7275 -0.0980
vn 0.6783 -0.7284 0.0968
vn 0.6774 -0.7290 0.0981
vn 0.6783 -0.7283 0.0969
vn 0.6774 -0.7291 0.0981
vn 0.6522 -0.7003 0.2903
vn 0.5276 -0.5663 0.6333
vn 0.5260 -0.5664 0.6344
vn 0.5275 -0.5662 0.6334
vn 0.5259 -0.5665 0.6344
vn 0.4329 -0.4649 0.7723
vn 0.4332 -0.4633 0.7731
vn 0.1983 -0.2129 0.9567
vn 0.1969 -0.2132 0.9570
vn 0.1984 -0.2130 0.9567
vn 0.1970 -0.2131 0.9570
vn 0.0668 -0.0717 0.9952
vn -0.0675 0.0723 0.9951
vn -0.0665 0.0720 0.9952
vn -0.0674 0.0722 0.9951
vn -0.0664 0.0720 0.9952
vn -0.1985 0.2131 0.9567
vn -0.1971 0.2130 0.9570
vn -0.1986 0.2132 0.9566
vn -0.4323 0.4642 0.7731
vn -0.5269 0.5657 0.6343
vn -0.6011 0.6453 0.4714
vn -0.6524 0.7006 0.2889
vn -0.6530 0.6995 0.2903
vn -0.6524 0.7006 0.2890
vn -0.6532 0.6993 0.2904
vn -0.6783 0.7282 0.0980
vn -0.6783 0.7282 -0.0980
vn -0.6520 0.6999 -0.2915
vn -0.6513 0.7011 -0.2903
vn -0.6514 0.7010 -0.2903
vn -0.6011 0.6453 -0.4714
vn -0.5269 0.5657 -0.6343
vn -0.4323 0.4642 -0.7731
vn -0.1978 0.2124 -0.9570
vn -0.1986 0.2116 -0.9570
vn -0.1970 0.2116 -0.9573
vn -0.0661 0.0711 -0.9953
vn -0.0670 0.0715 -0.9952
vn 0.0027 0.3278 -0.9448
vn 0.6127 0.7903 -0.0000
vn 0.0027 0.3278 0.9448
vn -0.0038 -1.0000 -0.0000
vn -0.0047 -1.0000 -0.0000
vn -0.0029 -1.0000 -0.0000
vn 0.0086 1.0000 -0.0000
vn 0.0089 1.0000 -0.0000
vn 0.7162 0.6979 -0.0000
vn -0.0014 -0.0000 -1.0000
vn -0.0003 -0.0014 -1.0000
vn 0.0014 0.0003 -1.0000
vn -0.0003 0.0014 -1.0000
vn 0.9712 0.2383 -0.0016
vn 0.9716 0.2367 -0.0000
vn 0.9708 0.2398 -0.0000
vn 0.9891 0.1475 -0.0009
vn 0.9892 0.1467 0.0001
vn 0.9891 0.1475 -0.0000
vn 0.9189 0.3945 -0.0000
vn 0.7924 0.6099 -0.0000
vn 0.0014 0.0003 1.0000
vn 0.0003 -0.0014 1.0000
vn -0.0014 -0.0000 1.0000
vn 0.0003 0.0014 1.0000
vn 0.0020 0.3271 0.9450
vn 0.0021 0.3271 0.9450
vn 0.0023 0.3272 0.9449
vn 0.0024 0.3273 0.9449
vn 0.0016 0.3265 0.9452
vn 0.0015 0.3287 0.9444
vn 0.0010 0.3276 0.9448
vn 0.0036 0.3283 0.9446
vn 0.7136 0.7005 -0.0000
vn 0.7128 0.7013 -0.0005
vn 0.7127 0.7015 0.0002
vn 0.7129 0.7012 -0.0000
vn 0.7131 0.7010 0.0002
vn 0.7024 0.7117 -0.0000
vn 0.7091 0.7051 -0.0000
vn 0.6484 0.7613 -0.0000
vn 0.0020 0.3271 -0.9450
vn 0.0021 0.3271 -0.9450
vn 0.0023 0.3272 -0.9449
vn 0.0024 0.3273 -0.9449
vn 0.0041 0.3276 -0.9448
vn 0.0014 0.3267 -0.9451
vn 0.0035 0.3285 -0.9445
vn 0.0036 0.3265 -0.9452
vn -1.0000 0.0005 0.0014
vn -1.0000 -0.0011 0.0009
vn -1.0000 0.0005 -0.0014
vn -1.0000 0.0011 0.0009
vn -0.0333 -0.1877 -0.9817
vn 0.9888 -0.1491 -0.0035
vn 0.9917 -0.1230 -0.0380
vn 0.9917 -0.1229 -0.0387
vn 0.9924 -0.1231 -0.0010
vn 0.9927 -0.1209 -0.0035
vn 0.9924 -0.1231 -0.0011
vn 0.9924 -0.1231 -0.0053
vn 0.9922 -0.1231 0.0220
vn -0.3375 0.0004 0.9413
vn -0.0572 -0.9984 -0.0000
vn -1.0000 0.0066 -0.0000
vn -0.0304 0.9995 -0.0000
vn -0.0582 -0.9983 0.0017
vn -0.0600 -0.9982 -0.0000
vn -0.0564 -0.9984 -0.0000
vn -0.0320 -0.1805 0.9831
vn 0.0032 0.3525 -0.9358
vn 0.0838 0.9965 -0.0000
vn 0.0238 -0.2383 0.9709
vn 0.6827 -0.7307 -0.0000
vn 0.9821 -0.1882 -0.0000
vn 0.7539 -0.0116 -0.6569
vn -0.0563 0.2944 -0.9540
vn -0.0543 0.2928 -0.9546
vn -0.0564 0.2944 -0.9540
vn -0.0544 0.2927 -0.9547
vn -0.3416 -0.9399 -0.0013
vn -0.3428 -0.9394 0.0001
vn -0.3416 -0.9399 -0.0012
vn -0.3404 -0.9403 0.0001
vn 0.0374 0.2765 0.9603
vn 0.1331 0.9911 -0.0000
vn -0.3415 -0.9399 -0.0000
vn -0.0548 0.3452 -0.9369
vn -0.1022 0.3414 0.9344
vn -0.3025 0.9532 -0.0000
vn 0.0056 -0.2727 -0.9621
vn 0.0069 -0.2740 -0.9617
vn 0.0057 -0.2726 -0.9621
vn 0.0068 -0.2740 -0.9617
vn 0.0759 0.3285 -0.9415
vn 0.0743 0.3276 -0.9419
vn 0.0757 0.3285 -0.9415
vn 0.0742 0.3274 -0.9420
vn 0.0710 0.3353 -0.9394
vn 0.0669 0.3408 -0.9378
vn -0.3488 -0.9372 -0.0013
vn -0.3479 -0.9375 0.0005
vn -0.3491 -0.9371 -0.0013
vn -0.3499 -0.9368 0.0004
vn -0.3416 -0.9399 -0.0000
vn -0.3416 -0.9399 0.0008
vn -0.3424 -0.9396 -0.0001
vn -0.3416 -0.9399 0.0007
vn -0.3408 -0.9402 -0.0001
vn 0.0138 0.3481 0.9373
vn 0.0129 0.3493 0.9369
vn 0.0130 0.3482 0.9373
vn 0.0669 0.3408 0.9378
vn 0.0718 0.3352 0.9394
vn 0.0706 0.3343 0.9398
vn 0.0746 0.3286 0.9415
vn 0.0326 0.9995 -0.0000
vn 0.1942 0.9810 0.0011
vn 0.1953 0.9807 -0.0001
vn 0.1931 0.9812 -0.0001
vn 0.2092 0.9779 0.0015
vn 0.2106 0.9776 -0.0001
vn 0.2076 0.9782 -0.0001
vn 0.2240 0.9746 -0.0000
vn -0.1953 0.9807 -0.0000
vn -0.3360 0.9418 -0.0000
vn -0.4575 0.8892 -0.0000
vn -0.4574 0.8893 -0.0000
vn -0.0556 0.2943 0.9541
vn -0.0548 0.2953 0.9538
vn -0.0558 0.2943 0.9541
vn -0.0548 0.2954 0.9538
vn -0.1030 0.3052 0.9467
vn -0.1561 0.3191 0.9348
vn -0.1627 0.3326 0.9289
vn -0.1022 0.3414 -0.9344
vn -0.1627 0.3326 -0.9289
vn -0.1561 0.3191 -0.9348
vn -0.1039 0.3052 -0.9466
vn -0.1026 0.3045 -0.9470
vn -0.1036 0.3052 -0.9466
vn -0.1025 0.3043 -0.9471
vn -0.1685 0.9857 0.0015
vn -0.1670 0.9860 -0.0001
vn -0.1700 0.9854 -0.0001
vn -0.0837 0.9965 -0.0006
vn -0.0826 0.9966 -0.0000
vn -0.0846 0.9964 -0.0000
vn -0.0837 0.9965 -0.0009
vn -0.0827 0.9966 -0.0000
vn -0.0548 0.3452 0.9369
vn -0.0251 0.3463 0.9378
vn -0.0261 0.3471 0.9375
vn -0.0254 0.3464 0.9378
vn -0.0262 0.3474 0.9373
vn -0.0251 0.3495 0.9366
vn -0.0264 0.3507 0.9361
vn -0.0253 0.3495 0.9366
vn -0.0264 0.3506 0.9361
vn 0.0121 0.3483 -0.9373
vn 0.0131 0.3472 -0.9377
vn 0.0119 0.3483 -0.9373
vn 0.0130 0.3473 -0.9377
vn -0.0262 0.3496 -0.9365
vn -0.0271 0.3465 -0.9377
vn -0.0258 0.3453 -0.9381
vn -0.0266 0.3465 -0.9377
vn 0.2144 0.9767 -0.0000
vn 0.0572 0.2683 0.9616
vn 0.0374 0.2765 -0.9603
vn 0.7539 -0.0116 0.6569
vn 0.1832 0.2598 0.9481
vn 0.1815 0.2595 0.9485
vn 0.1831 0.2598 0.9481
vn 0.1819 0.2598 0.9484
vn 0.1513 0.2604 0.9536
vn 0.0881 0.2674 0.9596
vn 0.0900 0.2685 0.9591
vn 0.0882 0.2674 0.9596
vn 0.0899 0.2685 0.9591
vn 0.0680 0.2683 0.9609
vn 0.9887 0.1502 -0.0006
vn 0.9888 0.1493 0.0001
vn 0.9885 0.1511 0.0001
vn 0.5901 0.8073 -0.0009
vn 0.5912 0.8065 0.0002
vn 0.5890 0.8081 0.0002
vn 0.5164 0.8564 -0.0014
vn 0.5176 0.8556 0.0001
vn 0.5151 0.8571 0.0001
vn 0.3282 0.9446 -0.0014
vn 0.3296 0.9441 0.0001
vn 0.3268 0.9451 0.0001
vn 0.2536 0.9673 -0.0014
vn 0.2548 0.9670 -0.0000
vn 0.2536 0.9673 -0.0015
vn 0.2521 0.9677 -0.0000
vn 0.0572 0.2683 -0.9616
vn 0.0671 0.2684 -0.9610
vn 0.0681 0.2686 -0.9609
vn 0.0674 0.2683 -0.9610
vn 0.0682 0.2687 -0.9608
vn 0.0895 0.2672 -0.9595
vn 0.1513 0.2604 -0.9536
vn 0.1816 0.2602 -0.9483
vn 0.1826 0.2605 -0.9481
vn 0.1813 0.2603 -0.9483
vn 0.1826 0.2605 -0.9480
vn -0.1272 -0.9919 0.0009
vn -0.1281 -0.9918 -0.0001
vn -0.1262 -0.9920 -0.0001
vn -0.0851 -0.9964 -0.0000
vn -0.0858 -0.9963 -0.0000
vn -0.0842 -0.9964 -0.0000
vn -0.0426 -0.9991 -0.0016
vn -0.0440 -0.9990 -0.0000
vn -0.0411 -0.9992 -0.0000
vn 0.1483 -0.9889 -0.0000
vn 0.1941 0.1989 -0.9606
vn 0.1931 0.1964 -0.9613
vn 0.1942 0.1988 -0.9606
vn 0.1925 0.1968 -0.9614
vn -0.0581 -0.9983 0.0013
vn -0.0596 -0.9982 -0.0000
vn -0.0566 -0.9984 -0.0000
vn 0.0066 1.0000 -0.0000
vn 0.0032 0.3525 0.9358
vn 0.2206 0.0726 0.9727
vn 0.1921 0.2016 0.9605
vn 0.1927 0.2028 0.9601
vn 0.1920 0.2012 0.9606
vn 0.1928 0.2027 0.9601
vn 1.0000 -0.0066 -0.0000
vn -0.3372 0.0012 -0.9414
vn -0.3382 0.0024 -0.9411
vn 0.0026 0.3911 -0.9204
vn 0.2174 0.2015 0.9551
vn -0.0582 -0.9983 -0.0000
vn 0.0066 1.0000 0.0013
vn 0.0081 1.0000 -0.0000
vn 0.0052 1.0000 -0.0000
vn -0.1753 0.0759 -0.9816
vn -1.0000 0.0057 -0.0000
vn -1.0000 0.0066 0.0009
vn -1.0000 0.0075 -0.0000
vn 1.0000 -0.0075 -0.0000
vn 1.0000 -0.0066 0.0009
vn 1.0000 -0.0057 -0.0000
vn 0.6604 -0.1304 0.7395
vn -0.0014 0.0003 -1.0000
vn 0.0001 -0.0014 -1.0000
vn 0.0014 -0.0003 -1.0000
vn 0.0004 0.0014 -1.0000
vn 0.0004 -0.0014 -1.0000
vn 0.0014 -0.0003 1.0000
vn 0.0004 -0.0014 1.0000
vn -0.0014 0.0003 1.0000
vn 0.0004 0.0014 1.0000
vn -0.0003 -0.0014 1.0000
vn 0.0005 0.0014 -1.0000
vn -0.0002 -0.0014 1.0000
vn 0.0005 0.0014 1.0000
vn 0.6604 -0.1304 -0.7395
vn 0.3626 -0.1590 -0.9183
vn 0.3632 -0.1602 -0.9178
vn 0.3648 -0.1592 -0.9174
vn 0.3646 -0.1602 -0.9173
vn -0.1001 -0.2925 -0.9510
vn -0.0748 -0.2136 0.9741
vn -0.1200 -0.3536 -0.9277
vn -0.1209 -0.3525 -0.9280
vn -0.1201 -0.3536 -0.9277
vn -0.1208 -0.3522 -0.9281
vn -0.1164 -0.3432 0.9320
vn -0.1675 -0.4756 -0.8635
vn -0.1518 -0.4315 -0.8892
vn -0.1381 -0.3929 -0.9092
vn -0.1296 -0.3728 0.9188
vn -0.1381 -0.3929 0.9092
vn -0.1518 -0.4315 0.8892
vn -0.1619 -0.4354 0.8856
vn -0.1001 -0.2925 0.9510
vn -0.1024 -0.3025 0.9476
vn -0.1064 -0.3148 0.9432
vn -0.1055 -0.3161 0.9428
vn -0.1063 -0.3149 0.9432
vn -0.1055 -0.3155 0.9430
vn -0.1102 -0.3293 0.9378
vn -0.1164 -0.3432 -0.9320
vn -0.1102 -0.3293 -0.9378
vn -0.1046 -0.3152 -0.9432
vn -0.1052 -0.3140 -0.9436
vn -0.1053 -0.3147 -0.9433
vn -0.1024 -0.3025 -0.9476
vn -0.1222 -0.3531 0.9276
vn -0.1213 -0.3544 0.9272
vn -0.1221 -0.3531 0.9276
vn -0.1213 -0.3543 0.9272
vn -0.1241 -0.3600 0.9247
vn -0.1252 -0.3669 0.9218
vn -0.1262 -0.3654 0.9223
vn -0.1262 -0.3655 0.9222
vn -0.1296 -0.3728 -0.9188
vn -0.1264 -0.3667 -0.9217
vn -0.1241 -0.3600 -0.9247
vn -0.0221 -0.1736 0.9846
vn -0.0748 -0.2136 -0.9741
vn 0.3651 -0.1595 0.9172
vn 0.3646 -0.1583 0.9176
vn 0.3624 -0.1593 0.9183
vn 0.3629 -0.1585 0.9183
vn 0.0229 -0.1812 0.9832
vn -0.0152 -0.1755 0.9844
vn -0.0167 -0.1739 0.9846
vn -0.0153 -0.1755 0.9844
vn -0.0167 -0.1737 0.9847
vn -0.0086 -0.1756 0.9844
vn -0.0153 -0.1744 0.9845
vn -0.0221 -0.1736 -0.9846
vn -0.0153 -0.1744 -0.9845
vn -0.0086 -0.1756 -0.9844
vn -0.0182 -0.1751 -0.9844
vn -0.0168 -0.1768 -0.9841
vn -0.0183 -0.1751 -0.9844
vn -0.0168 -0.1770 -0.9841
vn 0.0229 -0.1812 -0.9832
vn -0.3402 0.0004 0.9404
vn -0.1869 -0.2164 0.9582
vn -0.0186 -0.3348 -0.9421
vn -0.0209 -0.3763 -0.9263
vn -0.0186 -0.3348 0.9421
vn -0.0223 -0.4016 -0.9156
vn -0.0198 -0.3887 0.9212
vn -0.0218 -0.3901 0.9205
vn -0.0217 -0.3871 0.9218
vn -0.1869 -0.2164 -0.9582
vn -0.0237 -0.4065 0.9133
vn -0.0226 -0.4077 0.9128
vn -0.0226 -0.4076 0.9129
vn -0.3402 0.0004 -0.9404
vn 0.0010 0.1506 -0.9886
vn -0.3375 0.0004 -0.9413
vn -0.0582 -0.9983 0.0013
vn -0.0567 -0.9984 -0.0000
vn -0.3372 0.0034 0.9414
vn -0.3362 0.0021 0.9418
vn -0.1753 0.0759 0.9816
vn 0.2174 0.2015 -0.9551
vn 0.2206 0.0726 -0.9727
vn -0.0223 -0.4016 0.9156
vn -0.0214 -0.4066 -0.9134
vn -0.0226 -0.4054 -0.9139
vn 0.0010 0.1506 0.9886
vn -0.3372 0.0031 0.9414
vn -0.3363 0.0021 0.9417
vn -0.3372 0.0013 -0.9414
vn -0.3381 0.0023 -0.9411
vn 0.3691 -0.0030 0.9294
vn 0.3682 -0.0023 0.9297
vn 0.3691 -0.0029 0.9294
vn 0.3683 -0.0024 0.9297
vn 0.3691 -0.0015 -0.9294
vn 0.3696 -0.0025 -0.9292
vn -0.0209 -0.3763 0.9263
vn -0.0233 -0.3886 -0.9211
vn -0.0215 -0.3903 -0.9205
vn -0.0235 -0.3885 -0.9211
vn -0.0213 -0.3870 -0.9218
vn 0.1907 0.1991 0.9613
vn 0.1929 0.2002 0.9606
vn 0.1908 0.1989 0.9613
vn 0.1928 0.2003 0.9606
vn 0.1920 0.2036 -0.9600
vn 0.1905 0.2027 -0.9605
vn 0.1921 0.2036 -0.9600
vn 0.1908 0.2028 -0.9605
vn 0.0026 0.3911 0.9204
vn 0.1061 0.1366 0.9849
vn 0.1045 0.1379 0.9849
vn 0.1047 0.1380 0.9849
vn -0.0203 0.1488 0.9887
vn -0.0188 0.1468 0.9890
vn -0.0204 0.1490 0.9886
vn -0.0188 0.1469 0.9890
vn 0.1064 0.1406 -0.9843
vn 0.1049 0.1387 -0.9848
vn 0.1065 0.1407 -0.9843
vn 0.1048 0.1388 -0.9848
vn -0.0204 0.1479 -0.9888
vn 0.0720 -0.0110 0.9973
vn 0.0715 -0.0111 -0.9974
vn 0.0651 0.9979 -0.0000
vn 0.0651 0.9979 0.0003
vn 0.0656 0.9978 -0.0000
vn 0.0646 0.9979 -0.0000
vn -0.0000 1.0000 -0.0000
vn 0.9994 -0.0343 -0.0000
vn -0.9998 -0.0214 -0.0000
vn 0.9288 0.3705 -0.0000
vn 0.9289 0.3702 -0.0000
vn 0.9291 0.3697 -0.0000
vn 0.9818 0.1900 -0.0000
vn -0.9680 -0.2511 -0.0000
vn 0.7546 0.6562 -0.0000
vn -0.8902 -0.4556 -0.0000
vn -0.0010 0.0010 1.0000
vn 0.0012 0.0008 1.0000
vn 0.0012 -0.0007 1.0000
vn -0.0008 -0.0012 1.0000
vn -0.7472 -0.6646 -0.0000
vn 0.5462 0.8376 -0.0000
vn -0.0010 0.0010 -1.0000
vn -0.0012 -0.0008 -1.0000
vn 0.0012 -0.0007 -1.0000
vn 0.0007 0.0012 -1.0000
vn 0.7055 0.7087 -0.0000
vn -0.6720 -0.7406 -0.0000
vn -0.2438 -0.9698 -0.0000
vn -0.4932 -0.8699 -0.0000
vn 0.0010 0.0010 1.0000
vn 0.0014 -0.0004 1.0000
vn -0.0005 -0.0014 1.0000
vn -0.0011 -0.0010 -1.0000
vn 0.0014 -0.0004 -1.0000
vn 0.0014 -0.0000 1.0000
vn -0.0001 -0.0014 1.0000
vn 0.3574 0.9340 -0.0000
vn 0.3578 0.9338 -0.0000
vn 0.3587 0.9335 -0.0001
vn -0.0311 0.9995 -0.0000
vn -0.0000 -0.0014 -1.0000
vn 0.0014 -0.0000 -1.0000
vn -0.0000 0.0014 -1.0000
vn 0.0346 0.9994 -0.0000
vn -0.0327 -0.9995 -0.0000
vn -0.0346 -0.9994 0.0019
vn 0.0311 -0.9995 -0.0000
vn -0.0227 0.9997 -0.0000
vn 0.0380 -0.9993 -0.0000
vn -0.3676 0.9300 -0.0000
vn -0.3673 0.9301 -0.0003
vn -0.3668 0.9303 -0.0000
vn -0.3673 0.9301 -0.0006
vn -0.1366 0.9906 0.0001
vn -0.1377 0.9905 -0.0011
vn 0.1948 -0.9808 -0.0001
vn 0.1964 -0.9805 0.0018
vn 0.1980 -0.9802 -0.0001
vn 0.6647 -0.7471 -0.0000
vn 0.4362 -0.8999 -0.0000
vn -0.0010 0.0011 1.0000
vn 0.0005 0.0013 1.0000
vn 0.0013 -0.0006 1.0000
vn -0.5938 0.8046 -0.0000
vn -0.8897 0.4565 -0.0000
vn -0.0008 -0.0012 -1.0000
vn 0.0009 -0.0011 -1.0000
vn 0.0005 0.0013 -1.0000
vn -0.0014 0.0005 -1.0000
vn -0.7853 0.6192 -0.0000
vn 0.8289 -0.5594 -0.0000
vn -1.0000 0.0064 -0.0000
vn -1.0000 0.0083 -0.0018
vn -0.9999 0.0102 -0.0000
vn 0.9453 -0.3261 0.0012
vn 0.9453 -0.3261 -0.0012
vn 0.9453 -0.3261 0.0013
vn 0.9453 -0.3261 -0.0013
vn 0.0396 0.9992 0.0017
vn 0.0412 0.9992 -0.0000
vn 0.0413 0.9991 -0.0000
vn 1.0000 -0.0083 -0.0000
vn -0.0000 0.7564 -0.6541
vn -0.0000 0.7565 -0.6540
vn 0.9989 0.0461 -0.0000
vn 0.9989 0.0462 -0.0000
vn 0.0003 0.7557 0.6549
vn -0.0009 0.7564 0.6541
vn 0.0002 0.7570 0.6534
vn 0.0012 0.0039 1.0000
vn -0.0000 0.0053 1.0000
vn -0.0000 0.0026 1.0000
vn -0.0000 0.7564 0.6541
vn -0.0000 0.7565 0.6540
vn -0.0002 0.7559 -0.6547
vn 0.0009 0.7564 -0.6541
vn -0.0003 0.7572 -0.6532
vn -0.0000 0.0292 -0.9996
vn -0.0000 0.0293 -0.9996
vn -0.0000 0.0292 0.9996
vn -0.0000 0.0293 0.9996
vn -1.0000 -0.0072 -0.0000
vn -1.0000 -0.0082 -0.0011
vn -1.0000 -0.0093 -0.0000
vn 0.0013 1.0000 -0.0000
vn -0.0000 1.0000 0.0013
vn -0.0013 1.0000 -0.0000
vn -0.0000 1.0000 -0.0013
vn -0.0012 0.0039 -1.0000
vn -0.0000 0.0053 -1.0000
vn -0.0000 0.0026 -1.0000
vn -1.0000 -0.0000 -0.0013
vn -1.0000 0.0013 -0.0000
vn -1.0000 -0.0000 0.0013
vn -1.0000 -0.0013 -0.0000
vn 1.0000 -0.0000 0.0013
vn 1.0000 0.0013 -0.0000
vn 1.0000 -0.0000 -0.0013
vn 1.0000 -0.0013 -0.0000
vn -0.6054 0.7959 -0.0006
vn -0.6062 0.7953 0.0002
vn -0.6056 0.7957 -0.0006
vn -0.6050 0.7962 0.0001
vn -0.0000 0.3640 -0.9314
vn -0.0000 0.3641 -0.9314
vn -0.0000 0.3641 0.9314
vn -0.0000 0.3640 0.9314
vn -0.0000 0.3550 -0.9349
vn 0.0006 0.3550 -0.9349
vn -0.0001 0.3556 -0.9346
vn -0.0000 0.7902 -0.6129
vn -0.0000 0.3550 0.9349
vn -0.0000 0.3551 0.9348
vn -0.0002 0.7894 0.6139
vn 0.0016 0.7902 0.6129
vn -0.0002 0.7912 0.6116
vn 0.0016 0.7904 0.6126
vn 0.0001 0.3544 0.9351
vn -0.0006 0.3550 0.9349
vn -0.0000 0.3553 0.9347
vn -0.0000 0.7902 0.6128
vn -0.0000 0.7902 0.6129
vn 0.9554 0.2952 -0.0000
vn 0.9557 0.2942 0.0015
vn 0.9564 0.2921 -0.0000
vn 0.9561 0.2931 0.0015
vn 0.9451 0.3267 -0.0001
vn 0.9452 0.3266 0.0008
vn 0.9458 0.3247 -0.0001
vn 0.9458 0.3248 0.0008
vn -0.0000 0.3551 -0.9348
vn 0.0002 0.7893 -0.6140
vn -0.0016 0.7900 -0.6131
vn 0.0002 0.7912 -0.6116
vn -0.0016 0.7902 -0.6128
vn -0.0000 1.0000 -0.0014
vn 0.0014 1.0000 -0.0000
vn -0.0000 1.0000 0.0014
vn -0.0014 1.0000 -0.0000
vn -1.0000 0.0001 -0.0000
vn 1.0000 -0.0001 -0.0014
vn 1.0000 -0.0015 -0.0000
vn 1.0000 0.0014 -0.0000
vn -0.0000 -0.0491 -0.9988
vn -0.0001 -0.1461 -0.9893
vn 0.0007 -0.1467 -0.9892
vn -0.0001 -0.1473 -0.9891
vn -0.0000 -0.2416 -0.9704
vn -0.0012 -0.2430 -0.9700
vn -0.0000 -0.2443 -0.9697
vn -0.0013 -0.2430 -0.9700
vn -0.0001 -0.3360 -0.9419
vn 0.0011 -0.3368 -0.9416
vn -0.0001 -0.3377 -0.9413
vn 0.0003 -0.4277 -0.9039
vn -0.0003 -0.4277 -0.9039
vn 0.0001 -0.5127 -0.8586
vn -0.0015 -0.5140 -0.8578
vn 0.0001 -0.5129 -0.8585
vn 0.0002 -0.5948 -0.8039
vn -0.0014 -0.5957 -0.8032
vn 0.0002 -0.5965 -0.8026
vn -0.0013 -0.5957 -0.8032
vn -0.0000 -0.6716 -0.7409
vn -0.0000 -0.7409 -0.6716
vn -0.0000 -0.8032 -0.5957
vn -0.0001 -0.8570 -0.5154
vn 0.0015 -0.8577 -0.5141
vn -0.0001 -0.8585 -0.5128
vn -0.0000 -0.9040 -0.4276
vn -0.0000 -0.9416 -0.3367
vn -0.0000 -0.9700 -0.2430
vn -0.0000 -0.9892 -0.1467
vn -0.0000 -0.9988 -0.0491
vn -0.0000 -0.9988 0.0491
vn -0.0000 -0.9892 0.1467
vn -0.0000 -0.9700 0.2430
vn -0.0000 -0.9416 0.3367
vn -0.0000 -0.9040 0.4276
vn 0.0001 -0.8585 0.5128
vn -0.0015 -0.8577 0.5141
vn 0.0001 -0.8570 0.5154
vn -0.0000 -0.8032 0.5957
vn -0.0000 -0.7409 0.6716
vn -0.0000 -0.6716 0.7409
vn -0.0002 -0.5966 0.8026
vn 0.0013 -0.5957 0.8032
vn -0.0002 -0.5948 0.8039
vn 0.0014 -0.5957 0.8032
vn -0.0001 -0.5152 0.8570
vn 0.0014 -0.5140 0.8578
vn 0.0013 -0.5140 0.8578
vn -0.0003 -0.4277 0.9039
vn 0.0005 -0.4277 0.9039
vn 0.0001 -0.3377 0.9413
vn -0.0011 -0.3368 0.9416
vn 0.0001 -0.3360 0.9419
vn -0.0000 -0.2443 0.9697
vn 0.0013 -0.2430 0.9700
vn -0.0000 -0.2416 0.9704
vn 0.0012 -0.2430 0.9700
vn 0.0001 -0.1473 0.9891
vn -0.0007 -0.1467 0.9892
vn 0.0001 -0.1461 0.9893
vn -0.0000 -0.0491 0.9988
vn -0.0000 0.0491 0.9988
vn -0.0001 0.1457 0.9893
vn 0.0010 0.1467 0.9892
vn -0.0001 0.1478 0.9890
vn -0.0000 0.2430 0.9700
vn -0.0001 0.3357 0.9420
vn 0.0009 0.3368 0.9416
vn -0.0000 0.4277 0.9039
vn -0.0000 0.5140 0.8578
vn -0.0000 0.5957 0.8032
vn -0.0000 0.6716 0.7409
vn -0.0000 0.7409 0.6716
vn -0.0003 0.8023 0.5969
vn 0.0014 0.8032 0.5957
vn -0.0002 0.8041 0.5945
vn -0.0001 0.8570 0.5154
vn 0.0015 0.8577 0.5141
vn -0.0001 0.8585 0.5128
vn -0.0000 0.9040 0.4276
vn -0.0000 0.9415 0.3369
vn -0.0000 0.9700 0.2430
vn -0.0000 0.9892 0.1467
vn -0.0000 0.9988 0.0491
vn -0.0000 0.9988 -0.0491
vn -0.0000 0.9892 -0.1467
vn -0.0000 0.9700 -0.2430
vn -0.0000 0.9415 -0.3369
vn -0.0000 0.9040 -0.4276
vn 0.0001 0.8585 -0.5128
vn -0.0015 0.8577 -0.5141
vn 0.0001 0.8570 -0.5154
vn 0.0002 0.8041 -0.5945
vn -0.0014 0.8032 -0.5957
vn 0.0003 0.8023 -0.5969
vn -0.0000 0.7409 -0.6716
vn -0.0000 0.6716 -0.7409
vn -0.0000 0.5957 -0.8032
vn -0.0000 0.5140 -0.8578
vn -0.0000 0.4277 -0.9039
vn 0.0001 0.3378 -0.9412
vn -0.0011 0.3368 -0.9416
vn 0.0001 0.3376 -0.9413
vn -0.0000 0.2430 -0.9700
vn 0.0001 0.1478 -0.9890
vn -0.0010 0.1467 -0.9892
vn 0.0001 0.1457 -0.9893
vn -0.0000 0.0491 -0.9988
vn -0.0000 -1.0000 -0.0014
vn -0.0014 -1.0000 -0.0000
vn -0.0000 -1.0000 0.0014
vn 0.0014 -1.0000 -0.0000
vn -0.0000 -0.0014 1.0000
vn -0.0000 0.0014 1.0000
vn 1.0000 -0.0000 -0.0014
vn 1.0000 -0.0014 -0.0000
vn 1.0000 -0.0000 0.0014
vn -0.9964 -0.0853 -0.0000
vn 0.9964 0.0853 -0.0000
vn 0.0852 -0.9964 -0.0000
vn -0.0852 0.9964 -0.0000
vn 0.9964 0.0852 -0.0000
vn -0.9964 -0.0852 -0.0000
vn -1.0000 -0.0000 0.0014
vn -1.0000 -0.0014 -0.0000
vn -1.0000 -0.0000 -0.0014
vn -1.0000 0.0014 -0.0000
vn -0.0000 -0.0500 -0.9987
vn -0.0000 -0.0482 -0.9988
vn -0.0000 -0.1467 -0.9892
vn -0.0000 -0.1466 -0.9892
vn -0.0001 -0.2430 -0.9700
vn -0.0000 -0.2430 -0.9700
vn 0.0001 -0.2430 -0.9700
vn -0.0000 -0.2429 -0.9700
vn -0.0000 -0.3369 -0.9415
vn -0.0000 -0.4276 -0.9040
vn -0.0000 -0.4275 -0.9040
vn 0.0013 -0.5140 -0.8578
vn -0.0001 -0.5151 -0.8572
vn -0.0001 -0.5132 -0.8582
vn -0.0000 -0.5957 -0.8032
vn -0.0000 -0.5958 -0.8032
vn -0.0000 -0.6717 -0.7409
vn 0.0013 -0.7409 -0.6716
vn -0.0001 -0.7416 -0.6708
vn -0.0001 -0.7402 -0.6724
vn -0.0000 -0.8032 -0.5958
vn -0.0012 -0.8578 -0.5140
vn 0.0001 -0.8584 -0.5130
vn 0.0001 -0.8572 -0.5151
vn 0.0006 -0.9040 -0.4275
vn -0.0000 -0.9041 -0.4272
vn -0.0000 -0.9415 -0.3369
vn -0.0000 -0.9415 -0.3370
vn -0.0000 -0.9700 -0.2429
vn -0.0000 -0.9701 -0.2429
vn 0.0009 -0.9892 -0.1468
vn -0.0001 -0.9890 -0.1480
vn 0.0007 -0.9892 -0.1468
vn 0.0001 -0.9988 -0.0490
vn -0.0000 -0.9988 -0.0490
vn -0.0000 -0.9988 0.0490
vn -0.0011 -0.9892 0.1468
vn 0.0001 -0.9893 0.1459
vn -0.0000 -0.9700 0.2429
vn -0.0000 -0.9701 0.2429
vn -0.0000 -0.9415 0.3369
vn -0.0000 -0.9415 0.3370
vn -0.0006 -0.9040 0.4275
vn -0.0000 -0.9041 0.4272
vn 0.0012 -0.8578 0.5140
vn -0.0001 -0.8572 0.5151
vn -0.0001 -0.8584 0.5130
vn -0.0000 -0.8032 0.5958
vn -0.0013 -0.7409 0.6716
vn 0.0001 -0.7402 0.6724
vn 0.0001 -0.7416 0.6708
vn -0.0000 -0.6717 0.7409
vn -0.0000 -0.5957 0.8032
vn -0.0000 -0.5958 0.8032
vn -0.0013 -0.5140 0.8578
vn 0.0001 -0.5132 0.8582
vn 0.0001 -0.5151 0.8572
vn -0.0000 -0.4276 0.9040
vn -0.0000 -0.4275 0.9040
vn -0.0000 -0.3369 0.9415
vn -0.0000 -0.2430 0.9700
vn -0.0000 -0.2429 0.9701
vn -0.0001 -0.1467 0.9892
vn -0.0000 -0.1466 0.9892
vn 0.0001 -0.1467 0.9892
vn -0.0000 -0.1467 0.9892
vn -0.0000 -0.0482 0.9988
vn -0.0000 -0.0500 0.9987
vn -0.0000 0.0490 0.9988
vn -0.0000 0.1467 0.9892
vn -0.0000 0.1466 0.9892
vn -0.0000 0.2429 0.9700
vn -0.0000 0.2429 0.9701
vn -0.0000 0.3369 0.9415
vn -0.0000 0.3370 0.9415
vn -0.0000 0.4276 0.9040
vn -0.0000 0.4275 0.9040
vn -0.0000 0.5141 0.8578
vn -0.0000 0.5958 0.8032
vn -0.0000 0.6717 0.7409
vn 0.0013 0.7409 0.6716
vn -0.0001 0.7416 0.6708
vn -0.0001 0.7402 0.6724
vn -0.0000 0.8032 0.5957
vn -0.0000 0.8032 0.5958
vn -0.0011 0.8578 0.5140
vn 0.0001 0.8583 0.5131
vn -0.0012 0.8578 0.5140
vn 0.0001 0.8572 0.5150
vn 0.0006 0.9040 0.4275
vn -0.0000 0.9041 0.4272
vn 0.0011 0.9415 0.3369
vn -0.0001 0.9418 0.3361
vn -0.0001 0.9412 0.3378
vn -0.0003 0.9700 0.2429
vn -0.0000 0.9703 0.2421
vn -0.0000 0.9698 0.2438
vn -0.0000 0.9892 0.1466
vn -0.0000 0.9988 0.0490
vn -0.0000 0.9988 -0.0490
vn -0.0000 0.9892 -0.1466
vn 0.0003 0.9700 -0.2429
vn -0.0000 0.9698 -0.2438
vn -0.0000 0.9703 -0.2421
vn -0.0011 0.9415 -0.3369
vn 0.0001 0.9412 -0.3378
vn 0.0001 0.9418 -0.3361
vn -0.0006 0.9040 -0.4275
vn -0.0000 0.9041 -0.4272
vn 0.0012 0.8578 -0.5140
vn -0.0001 0.8572 -0.5150
vn 0.0011 0.8578 -0.5140
vn -0.0001 0.8583 -0.5131
vn -0.0000 0.8032 -0.5957
vn -0.0000 0.8032 -0.5958
vn -0.0013 0.7409 -0.6716
vn 0.0001 0.7402 -0.6724
vn 0.0001 0.7416 -0.6708
vn -0.0000 0.6717 -0.7409
vn -0.0000 0.5958 -0.8032
vn -0.0000 0.5141 -0.8578
vn -0.0000 0.4276 -0.9040
vn -0.0000 0.4275 -0.9040
vn -0.0000 0.3369 -0.9415
vn -0.0000 0.3370 -0.9415
vn -0.0000 0.2429 -0.9700
vn -0.0000 0.2429 -0.9701
vn -0.0000 0.1467 -0.9892
vn -0.0000 0.1466 -0.9892
vn -0.0000 0.0490 -0.9988
vn -0.0000 -0.2429 -0.9701
vn -0.0011 -0.4276 -0.9040
vn -0.0000 -0.4286 -0.9035
vn -0.0000 -0.4265 -0.9045
vn -0.0009 -0.5140 -0.8578
vn 0.0002 -0.5148 -0.8573
vn 0.0002 -0.5133 -0.8582
vn -0.0006 -0.6716 -0.7409
vn -0.0000 -0.6721 -0.7405
vn -0.0000 -0.6713 -0.7412
vn -0.0000 -0.7409 -0.6717
vn -0.0013 -0.8033 -0.5956
vn 0.0002 -0.8041 -0.5945
vn 0.0003 -0.8024 -0.5968
vn -0.0000 -0.8577 -0.5142
vn -0.0000 -0.9040 -0.4275
vn -0.0001 -0.9418 -0.3362
vn -0.0001 -0.9413 -0.3376
vn -0.0015 -0.9700 -0.2431
vn -0.0000 -0.9703 -0.2418
vn -0.0000 -0.9697 -0.2444
vn -0.0000 -0.9892 -0.1466
vn -0.0000 -0.9892 0.1466
vn 0.0015 -0.9700 0.2431
vn -0.0000 -0.9697 0.2444
vn -0.0000 -0.9703 0.2418
vn 0.0001 -0.9413 0.3376
vn 0.0001 -0.9418 0.3362
vn -0.0000 -0.9040 0.4275
vn -0.0000 -0.8577 0.5142
vn 0.0013 -0.8033 0.5956
vn -0.0003 -0.8024 0.5968
vn -0.0002 -0.8041 0.5945
vn -0.0000 -0.7409 0.6717
vn 0.0006 -0.6716 0.7409
vn -0.0000 -0.6713 0.7412
vn -0.0000 -0.6721 0.7405
vn 0.0009 -0.5140 0.8578
vn -0.0002 -0.5133 0.8582
vn -0.0002 -0.5148 0.8573
vn 0.0011 -0.4276 0.9040
vn -0.0000 -0.4265 0.9045
vn -0.0000 -0.4286 0.9035
vn -0.0000 -0.2429 0.9700
vn -0.0013 0.0491 0.9988
vn -0.0000 0.0504 0.9987
vn -0.0000 0.0477 0.9989
vn 0.0013 0.2429 0.9700
vn -0.0000 0.2440 0.9698
vn -0.0000 0.2419 0.9703
vn -0.0011 0.4276 0.9040
vn -0.0000 0.4286 0.9035
vn -0.0000 0.4265 0.9045
vn -0.0000 0.5141 0.8577
vn -0.0003 0.6715 0.7410
vn -0.0000 0.6719 0.7407
vn -0.0000 0.7410 0.6715
vn -0.0000 0.7410 0.6716
vn -0.0000 0.8577 0.5142
vn -0.0000 0.9040 0.4275
vn -0.0001 0.9418 0.3362
vn -0.0001 0.9413 0.3376
vn -0.0015 0.9700 0.2431
vn -0.0000 0.9703 0.2418
vn -0.0000 0.9697 0.2444
vn 0.0015 0.9700 -0.2431
vn -0.0000 0.9697 -0.2444
vn -0.0000 0.9703 -0.2418
vn 0.0001 0.9413 -0.3376
vn 0.0001 0.9418 -0.3362
vn -0.0000 0.9040 -0.4275
vn -0.0000 0.8577 -0.5142
vn -0.0000 0.7410 -0.6715
vn -0.0000 0.7410 -0.6716
vn 0.0003 0.6715 -0.7410
vn -0.0000 0.6719 -0.7407
vn -0.0000 0.5141 -0.8577
vn 0.0011 0.4276 -0.9040
vn -0.0000 0.4265 -0.9045
vn -0.0000 0.4286 -0.9035
vn -0.0013 0.2429 -0.9700
vn -0.0000 0.2419 -0.9703
vn -0.0000 0.2440 -0.9698
vn 0.0013 0.0491 -0.9988
vn -0.0000 0.0477 -0.9989
vn -0.0000 0.0504 -0.9987
vn 1.0000 -0.0014 0.0001
vn 1.0000 0.0001 -0.0000
vn 1.0000 -0.0000 0.0001
vn 1.0000 -0.0000 -0.0001
vn 1.0000 0.0004 -0.0013
vn 1.0000 -0.0013 -0.0003
vn 1.0000 -0.0003 0.0013
vn 1.0000 0.0013 0.0003
vn 1.0000 0.0003 -0.0013
vn 1.0000 -0.0013 -0.0002
vn 1.0000 -0.0001 0.0013
vn 1.0000 0.0013 0.0002
vn 1.0000 -0.0001 -0.0013
vn 1.0000 -0.0013 0.0002
vn 1.0000 0.0003 0.0013
vn 1.0000 0.0013 -0.0002
vn 1.0000 -0.0003 -0.0013
vn 1.0000 -0.0013 0.0003
vn 1.0000 0.0004 0.0013
vn 1.0000 0.0013 -0.0003
vn 1.0000 -0.0014 -0.0001
vn 1.0000 0.0001 0.0014
vn 1.0000 0.0014 -0.0001
vn 1.0000 -0.0012 0.0006
vn 1.0000 0.0006 0.0011
vn 1.0000 0.0011 -0.0008
vn 1.0000 -0.0008 -0.0012
vn 1.0000 -0.0004 0.0013
vn 1.0000 -0.0004 -0.0013
vn 1.0000 0.0011 0.0007
vn 1.0000 0.0007 -0.0012
vn 1.0000 -0.0012 -0.0006
vn 1.0000 -0.0007 0.0011
vn 1.0000 0.0014 0.0001
vn 1.0000 0.0001 -0.0013
vn -0.0000 -0.8034 0.5955
vn -0.0000 -0.8033 0.5955
vn -0.0000 -0.8031 0.5958
vn -0.0000 0.2424 0.9702
vn 0.0006 0.2430 0.9700
vn -0.0000 0.2439 0.9698
vn -0.0000 -0.7408 0.6717
vn -0.0000 0.2439 -0.9698
vn -0.0006 0.2430 -0.9700
vn -0.0000 0.2424 -0.9702
vn -0.0001 -0.6726 0.7400
vn 0.0016 -0.6715 0.7410
vn -0.0001 -0.6702 0.7422
vn -0.0000 0.4274 0.9041
vn -0.0000 -0.5958 0.8031
vn -0.0003 0.0490 -0.9988
vn 0.0003 0.0490 -0.9988
vn -0.0000 0.5142 0.8577
vn -0.0000 -0.5142 0.8577
vn -0.0000 -0.5141 0.8577
vn 0.0003 -0.0490 -0.9988
vn -0.0003 -0.0490 -0.9988
vn -0.0000 0.5958 0.8031
vn -0.0000 -0.4274 0.9041
vn 0.0001 0.6702 0.7422
vn -0.0016 0.6715 0.7410
vn 0.0001 0.6726 0.7400
vn 0.0001 -0.3381 0.9411
vn -0.0011 -0.3370 0.9415
vn 0.0001 -0.3361 0.9418
vn -0.0009 -0.3370 0.9415
vn -0.0000 0.7408 0.6717
vn -0.0000 0.7409 0.6717
vn -0.0001 -0.3361 -0.9418
vn 0.0009 -0.3370 -0.9415
vn -0.0001 -0.3381 -0.9411
vn 0.0011 -0.3370 -0.9415
vn -0.0000 0.8031 0.5958
vn -0.0000 0.8033 0.5955
vn -0.0000 0.8034 0.5955
vn -0.0000 -0.4274 -0.9041
vn -0.0000 0.8576 0.5143
vn -0.0001 0.8576 0.5142
vn -0.0000 0.8576 0.5142
vn -0.0003 -0.0490 0.9988
vn 0.0003 -0.0490 0.9988
vn -0.0000 -0.5141 -0.8577
vn -0.0000 -0.5142 -0.8577
vn -0.0000 0.9035 0.4286
vn 0.0012 0.9040 0.4276
vn -0.0000 0.9045 0.4265
vn -0.0000 -0.5958 -0.8031
vn -0.0000 0.9416 0.3367
vn 0.0001 -0.6702 -0.7422
vn -0.0016 -0.6715 -0.7410
vn 0.0001 -0.6726 -0.7400
vn -0.0000 0.9700 0.2429
vn -0.0000 0.9701 0.2429
vn -0.0000 -0.7408 -0.6717
vn -0.0000 0.9892 0.1468
vn -0.0000 -0.8031 -0.5958
vn -0.0000 -0.8033 -0.5955
vn -0.0000 -0.8034 -0.5955
vn -0.0000 0.9988 0.0493
vn -0.0000 0.9988 0.0492
vn -0.0000 -0.8576 -0.5143
vn -0.0000 -0.8576 -0.5142
vn -0.0000 0.9988 -0.0492
vn -0.0000 0.9988 -0.0493
vn -0.0000 -0.9035 -0.4286
vn 0.0012 -0.9040 -0.4276
vn -0.0000 -0.9045 -0.4265
vn -0.0000 0.9892 -0.1468
vn -0.0000 0.9701 -0.2429
vn -0.0000 0.9700 -0.2429
vn -0.0000 0.9416 -0.3367
vn -0.0000 0.9045 -0.4265
vn -0.0012 0.9040 -0.4276
vn -0.0000 0.9035 -0.4286
vn -0.0000 -0.9988 -0.0493
vn -0.0000 -0.9988 -0.0492
vn -0.0000 0.8576 -0.5142
vn -0.0000 0.8576 -0.5143
vn 0.0001 0.8576 -0.5142
vn -0.0000 -0.9988 0.0492
vn -0.0000 -0.9988 0.0493
vn -0.0000 0.8034 -0.5955
vn -0.0000 0.8033 -0.5955
vn -0.0000 0.8031 -0.5958
vn -0.0000 0.7409 -0.6717
vn -0.0000 0.7408 -0.6717
vn -0.0001 0.6726 -0.7400
vn 0.0016 0.6715 -0.7410
vn -0.0001 0.6702 -0.7422
vn -0.0000 0.5958 -0.8031
vn -0.0000 -0.9045 0.4265
vn -0.0012 -0.9040 0.4276
vn -0.0000 -0.9035 0.4286
vn -0.0000 0.5142 -0.8577
vn 0.0003 0.0490 0.9988
vn -0.0003 0.0490 0.9988
vn -0.0000 -0.8576 0.5142
vn -0.0000 -0.8576 0.5143
vn -0.0000 0.4274 -0.9041
vn 0.9156 0.4020 -0.0000
vn 0.9156 0.4020 -0.0012
vn 0.9161 0.4010 0.0001
vn 0.9153 0.4029 -0.0000
vn 0.9982 0.0607 -0.0000
vn -0.9377 -0.3474 -0.0000
vn -0.9344 0.3563 0.0009
vn -0.9340 0.3572 -0.0001
vn -0.9346 0.3557 -0.0001
vn -0.8924 0.4513 -0.0000
vn -0.8419 0.5397 -0.0000
vn -0.7837 0.6212 -0.0000
vn -0.7450 0.6670 -0.0000
vn -0.6005 0.7996 0.0012
vn -0.5994 0.8005 -0.0003
vn -0.6017 0.7988 -0.0003
vn -0.6270 0.7791 -0.0000
vn -0.4917 0.8708 0.0014
vn -0.4907 0.8713 -0.0001
vn -0.4917 0.8708 0.0015
vn -0.4926 0.8702 -0.0001
vn -0.4430 0.8965 -0.0016
vn -0.4417 0.8972 -0.0000
vn -0.4442 0.8959 -0.0000
vn -0.2072 0.9783 -0.0016
vn -0.2058 0.9786 0.0001
vn -0.2088 0.9780 0.0001
vn -0.0704 0.9975 -0.0000
vn 0.0011 -0.0009 1.0000
vn 0.0006 -0.0013 1.0000
vn 0.0006 -0.0013 -1.0000
vn 0.0011 -0.0009 -1.0000
vn -0.9840 -0.1782 0.0014
vn -0.9837 -0.1797 -0.0001
vn -0.9842 -0.1768 -0.0001
vn 0.8912 -0.4535 -0.0000
vn -0.9847 0.1741 -0.0000
vn 0.8112 0.5847 -0.0000
vn -1.0000 0.0030 -0.0000
vn 0.9985 0.0554 -0.0000
vn 0.5651 -0.8250 -0.0000
vn 0.9460 0.3241 -0.0000
vn -0.9534 -0.3017 -0.0000
vn 0.9719 0.2352 -0.0000
vn 0.9985 0.0553 -0.0005
vn 0.9985 0.0544 -0.0000
vn 0.9984 0.0562 -0.0000
vn 0.9689 -0.2476 -0.0000
vn 0.9688 -0.2479 -0.0000
vn 0.9691 -0.2467 -0.0000
vn 0.9146 -0.4044 0.0015
vn 0.9141 -0.4056 -0.0001
vn 0.9146 -0.4044 0.0014
vn 0.9151 -0.4031 -0.0001
vn 0.9146 -0.4044 0.0009
vn 0.9144 -0.4048 -0.0000
vn 0.9150 -0.4035 -0.0000
vn 0.8466 -0.5322 -0.0013
vn 0.8460 -0.5333 0.0001
vn 0.8466 -0.5322 -0.0012
vn 0.8472 -0.5312 0.0001
vn 0.8929 -0.4503 -0.0000
vn 0.9249 -0.3802 0.0012
vn 0.9245 -0.3813 -0.0001
vn 0.9254 -0.3790 -0.0001
vn 0.9976 -0.0688 -0.0000
vn 1.0000 -0.0068 0.0018
vn 1.0000 -0.0085 -0.0000
vn 1.0000 -0.0050 -0.0000
vn -0.7045 -0.7097 0.0006
vn -0.7042 -0.7100 -0.0000
vn -0.7048 -0.7094 -0.0000
vn -0.5569 -0.8306 0.0008
vn -0.5561 -0.8311 -0.0002
vn -0.5573 -0.8303 -0.0001
vn -0.5395 -0.8420 -0.0000
vn -0.9278 -0.3732 -0.0010
vn -0.9274 -0.3741 0.0001
vn -0.9279 -0.3727 -0.0000
vn -1.0000 -0.0047 -0.0000
vn -1.0000 -0.0046 0.0014
vn -1.0000 -0.0061 -0.0000
vn -1.0000 -0.0032 -0.0000
vn -1.0000 0.0063 -0.0000
vn -1.0000 0.0043 -0.0000
vn -0.9998 0.0203 0.0006
vn -0.9998 0.0203 -0.0000
vn -0.9998 0.0208 -0.0000
vn -0.9994 -0.0348 -0.0009
vn -0.9994 -0.0360 -0.0000
vn -0.9994 -0.0338 -0.0000
vn -0.9994 -0.0351 0.0014
vn -0.9993 -0.0365 -0.0000
vn -0.9994 -0.0336 -0.0000
vn -0.9464 -0.3231 -0.0000
vn -0.9341 -0.3571 0.0013
vn -0.9335 -0.3585 -0.0002
vn -0.9346 -0.3557 -0.0002
vn -0.9403 -0.3403 -0.0000
vn -0.9369 -0.3497 -0.0003
vn -0.9367 -0.3501 0.0001
vn -0.9369 -0.3497 -0.0000
vn -0.9370 -0.3492 0.0001
vn -0.9334 -0.3589 -0.0000
vn -0.9261 -0.3772 -0.0000
vn 0.9947 0.1029 0.0018
vn 0.9949 0.1011 -0.0000
vn 0.9945 0.1048 -0.0000
vn 0.9873 0.1587 -0.0005
vn 0.9874 0.1584 -0.0000
vn 0.9873 0.1587 -0.0000
vn 0.9539 0.3002 -0.0000
vn 0.9198 0.3924 -0.0000
vn 0.9055 0.4243 -0.0000
vn 0.9460 0.3242 -0.0000
vn 0.9460 0.3241 -0.0012
vn 0.9464 0.3231 0.0001
vn 0.9460 0.3241 -0.0011
vn 0.9456 0.3252 0.0002
vn 0.7844 -0.6202 -0.0012
vn 0.7836 -0.6213 0.0003
vn 0.7853 -0.6191 0.0003
vn 0.8935 -0.4490 -0.0000
vn 0.9863 -0.1652 0.0009
vn 0.9863 -0.1652 -0.0000
vn -0.4446 -0.8957 -0.0000
vn -0.8818 -0.4716 -0.0000
vn -0.9864 -0.1642 -0.0009
vn -0.9863 -0.1651 0.0001
vn -0.9866 -0.1632 0.0001
vn -0.0014 0.0004 -1.0000
vn 0.0013 -0.0006 -1.0000
vn -0.0006 0.0013 -1.0000
vn 0.0014 0.0005 1.0000
vn -0.0014 -0.0005 1.0000
vn -0.0013 -0.0005 1.0000
vn 0.0013 0.0005 1.0000
vn -0.0001 0.0014 1.0000
vn 0.0001 -0.0014 1.0000
vn -0.0002 0.0014 1.0000
vn 0.0002 -0.0014 1.0000
vn -0.0003 0.0014 1.0000
vn 0.0014 0.0004 1.0000
vn -0.0014 -0.0003 1.0000
vn 0.0014 0.0002 1.0000
vn -0.0014 -0.0001 1.0000
vn -0.0004 0.0014 1.0000
vn -0.0013 -0.0005 -1.0000
vn 0.0013 0.0005 -1.0000
vn 0.0014 0.0005 -1.0000
vn -0.0014 -0.0005 -1.0000
vn -0.0001 0.0014 -1.0000
vn -0.0002 0.0014 -1.0000
vn 0.0002 -0.0014 -1.0000
vn 0.0003 -0.0014 -1.0000
vn -0.0014 -0.0001 -1.0000
vn 0.0014 0.0001 -1.0000
vn -0.0004 0.0014 -1.0000
vn 0.0014 0.0002 -1.0000
vn -0.0014 -0.0003 -1.0000
vn 0.0014 0.0004 -1.0000
vn -0.0001 -0.0014 -1.0000
vn 0.0001 0.0014 -1.0000
vn -0.0014 0.0001 -1.0000
vn 0.0014 -0.0002 -1.0000
vn 0.0002 0.0014 -1.0000
vn -0.0014 0.0002 -1.0000
vn 0.0014 -0.0005 -1.0000
vn 0.0014 -0.0001 -1.0000
vn -0.0010 -0.0010 -1.0000
vn 0.0011 0.0009 -1.0000
vn -0.0013 -0.0006 -1.0000
vn 0.0003 0.0014 -1.0000
vn -0.0011 -0.0009 -1.0000
vn 0.0012 0.0008 -1.0000
vn 0.0013 0.0007 -1.0000
vn 0.0001 0.0014 1.0000
vn -0.0014 0.0002 1.0000
vn 0.0014 -0.0002 1.0000
vn -0.0014 0.0001 1.0000
vn 0.0014 -0.0005 1.0000
vn -0.0014 0.0004 1.0000
vn 0.0014 -0.0001 1.0000
vn -0.0013 -0.0006 1.0000
vn 0.0011 0.0009 1.0000
vn -0.0010 -0.0010 1.0000
vn -0.0011 -0.0009 1.0000
vn 0.0013 0.0007 1.0000
vn -0.0012 -0.0008 1.0000
vn -0.3025 -0.9531 -0.0000
vn -0.0667 -0.9978 -0.0000
vn 0.0001 -1.0000 -0.0000
vn 0.0667 -0.9978 -0.0000
vn 0.2277 -0.9737 -0.0015
vn 0.2261 -0.9741 -0.0000
vn 0.2293 -0.9734 -0.0000
vn 0.2732 -0.9620 -0.0000
vn 0.3587 -0.9335 0.0012
vn 0.3575 -0.9339 -0.0002
vn 0.3599 -0.9330 -0.0002
vn 0.4828 -0.8758 -0.0000
vn 0.5650 -0.8251 -0.0000
vn 0.7806 -0.6250 0.0006
vn 0.7806 -0.6250 -0.0000
vn -0.4120 -0.9112 -0.0000
vn -0.0621 -0.9981 -0.0000
vn 0.1564 -0.9877 -0.0000
vn 0.3111 -0.9504 -0.0000
vn 0.4769 -0.8790 -0.0000
vn 0.5253 -0.8509 -0.0000
vn -0.0080 -1.0000 0.0006
vn -0.0084 -1.0000 -0.0000
vn -0.0075 -1.0000 -0.0000
vn -0.0743 -0.9972 -0.0000
vn -0.1073 -0.9942 -0.0000
vn -0.1079 -0.9942 -0.0000
vn -0.1067 -0.9943 -0.0000
vn -0.2193 -0.9757 -0.0000
vn -0.2651 -0.9642 -0.0000
vn -0.2946 -0.9556 -0.0000
vn -0.4042 -0.9147 -0.0000
vn -0.4168 -0.9090 -0.0000
vn -0.4293 -0.9032 -0.0000
vn -0.4451 -0.8955 0.0009
vn -0.4460 -0.8951 -0.0000
vn -0.4443 -0.8959 -0.0000
vn -0.2564 -0.9666 -0.0014
vn -0.2579 -0.9662 -0.0000
vn -0.2564 -0.9666 -0.0013
vn -0.2548 -0.9670 -0.0000
vn -0.0081 -1.0000 0.0009
vn -0.0090 -1.0000 -0.0000
vn -0.0071 -1.0000 -0.0000
vn 0.4203 0.9074 -0.0000
vn -0.4870 0.8734 -0.0000
vn -0.1895 0.9819 -0.0000
vn 0.0214 0.9998 -0.0000
vn 0.0120 0.9999 0.0013
vn 0.0132 0.9999 -0.0000
vn 0.0109 0.9999 -0.0000
vn 0.2678 0.9635 -0.0000
vn -0.0080 -1.0000 -0.0000
vn -0.0081 -1.0000 -0.0000
vn 0.5259 0.8506 -0.0000
vn -0.0080 -1.0000 0.0011
vn -0.0091 -1.0000 -0.0000
vn -0.0070 -1.0000 -0.0000
vn -0.0080 -1.0000 0.0009
vn -0.5176 0.8556 -0.0000
vn -0.2280 0.9737 -0.0000
vn -0.0971 0.9953 -0.0000
vn -0.0778 0.9970 -0.0000
vn -0.0195 0.9998 -0.0000
vn -0.0336 0.9994 -0.0000
vn 0.0561 0.9984 -0.0000
vn 0.3196 0.9476 0.0006
vn 0.3206 0.9472 -0.0002
vn 0.3187 0.9479 -0.0001
vn 0.0007 -0.0012 1.0000
vn -0.0008 0.0012 1.0000
vn -0.0007 0.0013 1.0000
vn -0.0007 0.0013 -1.0000
vn 0.0007 -0.0012 -1.0000
vn -0.0008 0.0012 -1.0000
vn 0.3196 0.9476 -0.0000
vn -0.0077 -1.0000 -0.0000
vn -0.0080 -1.0000 -0.0014
vn -0.0095 -1.0000 -0.0000
vn -0.0066 -1.0000 -0.0000
vn -0.0080 -1.0000 0.0016
vn -0.0080 -1.0000 0.0018
vn -0.0098 -1.0000 -0.0000
vn -0.0063 -1.0000 -0.0000
vn 0.2678 0.9635 -0.0013
vn 0.2692 0.9631 -0.0000
vn 0.2665 0.9638 -0.0000
vn 0.0120 0.9999 -0.0000
vn -0.0240 0.9997 -0.0012
vn -0.0226 0.9997 -0.0000
vn -0.0254 0.9997 -0.0000
vn -0.1895 0.9819 -0.0012
vn -0.1884 0.9821 0.0001
vn -0.1908 0.9816 0.0001
vn -0.4461 -0.8950 -0.0000
vn -0.4168 -0.9090 0.0011
vn -0.4160 -0.9093 -0.0000
vn -0.2193 -0.9757 0.0017
vn -0.2209 -0.9753 -0.0000
vn -0.2177 -0.9760 -0.0000
vn -0.0743 -0.9972 -0.0013
vn -0.0756 -0.9971 -0.0000
vn -0.0730 -0.9973 -0.0000
vn 0.3111 -0.9504 -0.0014
vn 0.3097 -0.9508 -0.0000
vn 0.3125 -0.9499 -0.0000
vn 0.7806 -0.6250 -0.0014
vn 0.7797 -0.6262 0.0003
vn 0.7815 -0.6239 0.0003
vn -0.0621 -0.9981 0.0012
vn -0.0630 -0.9980 -0.0000
vn -0.0612 -0.9981 -0.0000
vn 0.1564 -0.9877 0.0016
vn 0.1550 -0.9879 -0.0000
vn 0.1578 -0.9875 -0.0000
vn 0.3111 -0.9504 -0.0003
vn 0.3108 -0.9505 -0.0000
vn 0.4769 -0.8790 0.0014
vn 0.4756 -0.8796 -0.0000
vn 0.4782 -0.8783 -0.0000
vn -0.2946 -0.9556 -0.0016
vn -0.2960 -0.9552 0.0001
vn -0.2932 -0.9560 0.0001
vn -0.4293 -0.9032 0.0018
vn -0.4308 -0.9025 -0.0000
vn -0.4277 -0.9039 -0.0000
vn -0.2564 -0.9666 -0.0000
vn -0.1895 0.9819 -0.0011
vn -0.1907 0.9817 0.0001
vn 0.0214 0.9998 0.0011
vn 0.0224 0.9998 -0.0000
vn 0.0205 0.9998 -0.0000
vn -0.0085 -1.0000 -0.0000
vn -0.2280 0.9736 -0.0021
vn -0.2261 0.9741 -0.0000
vn -0.2300 0.9732 -0.0000
vn -0.0336 0.9994 -0.0005
vn -0.0332 0.9994 -0.0000
vn -0.0340 0.9994 -0.0000
vn 0.0561 0.9984 0.0017
vn 0.0578 0.9983 -0.0000
vn 0.0561 0.9984 0.0016
vn 0.0544 0.9985 -0.0000
vn -0.0040 0.0380 0.9993
vn -0.8809 0.4734 -0.0011
vn -0.8803 0.4744 -0.0000
vn -0.8809 0.4734 -0.0010
vn -0.8814 0.4724 -0.0000
vn 0.6745 -0.7383 -0.0000
vn 0.4460 -0.8950 -0.0000
vn -0.3613 -0.9324 -0.0000
vn -0.7156 -0.6985 -0.0005
vn -0.7159 -0.6982 -0.0000
vn -0.7152 -0.6989 -0.0000
vn 0.6562 0.7546 -0.0000
vn 0.0457 0.9990 -0.0000
vn 0.3809 0.9246 0.0012
vn 0.3820 0.9242 -0.0001
vn 0.3798 0.9251 -0.0001
vn 0.5114 0.8593 -0.0000
vn -0.0104 0.9999 -0.0000
vn -0.0468 0.9989 0.0013
vn -0.0453 0.9990 -0.0000
vn -0.0483 0.9988 -0.0000
vn -0.0932 0.9956 -0.0000
vn -0.1271 0.9919 -0.0000
vn -0.2042 0.9789 -0.0000
vn -0.4639 0.8859 -0.0000
vn -0.6648 0.7470 -0.0000
vn -0.7685 -0.6398 -0.0000
vn -0.0103 0.9999 -0.0000
vn -0.0104 0.9999 -0.0009
vn -0.0093 1.0000 -0.0000
vn -0.0115 0.9999 -0.0000
vn -0.0104 0.9999 0.0014
vn -0.0118 0.9999 -0.0000
vn 0.7798 -0.6261 -0.0000
vn 0.6250 -0.7806 -0.0000
vn 0.5006 -0.8657 -0.0009
vn 0.5002 -0.8659 0.0001
vn 0.5006 -0.8657 -0.0000
vn 0.2973 -0.9548 -0.0000
vn 0.1752 -0.9845 -0.0000
vn -0.2171 -0.9761 -0.0000
vn -0.3717 -0.9283 -0.0000
vn -0.4709 -0.8822 -0.0000
vn -0.6031 -0.7976 -0.0000
vn 0.0395 0.1145 -0.9926
vn 0.0410 0.1129 -0.9928
vn 0.0402 0.1131 -0.9928
vn 0.0291 0.1185 -0.9925
vn 0.0299 0.1194 -0.9924
vn 0.0292 0.1185 -0.9925
vn 0.0302 0.1192 -0.9924
vn 0.0228 0.1216 -0.9923
vn 0.0231 0.1224 -0.9922
vn 0.0126 0.1238 -0.9922
vn 0.0004 0.1247 -0.9922
vn -0.0007 0.1259 -0.9920
vn -0.0007 0.1258 -0.9921
vn -0.0007 0.1247 -0.9922
vn -0.0007 0.1248 -0.9922
vn 0.0002 0.1249 -0.9922
vn -0.0007 0.1240 -0.9923
vn -0.0007 0.1250 -0.9922
vn -0.0019 0.1250 -0.9922
vn -0.0005 0.1239 -0.9923
vn -0.0016 0.1251 -0.9921
vn -0.0005 0.1241 -0.9923
vn -0.0007 0.1252 -0.9921
vn -0.0013 0.1252 -0.9921
vn -0.0006 0.1243 -0.9922
vn -0.0018 0.1253 -0.9921
vn -0.0007 0.1254 -0.9921
vn -0.0007 0.1255 -0.9921
vn -0.0019 0.1255 -0.9921
vn -0.0006 0.1246 -0.9922
vn -0.0018 0.1255 -0.9921
vn -0.0007 0.1256 -0.9921
vn -0.0014 0.1257 -0.9921
vn -0.0006 0.1248 -0.9922
vn -0.0114 0.1251 -0.9921
vn -0.0203 0.1235 -0.9921
vn -0.0192 0.1225 -0.9923
vn -0.0189 0.1224 -0.9923
vn -0.0343 0.1205 -0.9921
vn -0.0471 0.1162 -0.9921
vn -0.0456 0.1178 -0.9920
vn -0.0472 0.1162 -0.9921
vn -0.0464 0.1176 -0.9920
vn -0.0668 0.1103 -0.9917
vn -0.0451 0.1152 0.9923
vn -0.0442 0.1152 0.9924
vn -0.0454 0.1156 0.9923
vn -0.0323 0.1195 0.9923
vn -0.0339 0.1180 0.9924
vn -0.0324 0.1195 0.9923
vn -0.0333 0.1181 0.9924
vn -0.0177 0.1224 0.9923
vn -0.0191 0.1238 0.9921
vn -0.0194 0.1238 0.9921
vn -0.0113 0.1241 0.9922
vn -0.0007 0.1246 0.9922
vn -0.0007 0.1245 0.9922
vn -0.0016 0.1244 0.9922
vn -0.0007 0.1255 0.9921
vn -0.0007 0.1251 0.9921
vn -0.0011 0.1243 0.9922
vn -0.0007 0.1252 0.9921
vn -0.0007 0.1253 0.9921
vn -0.0007 0.1243 0.9922
vn -0.0018 0.1242 0.9923
vn -0.0006 0.1228 0.9924
vn -0.0007 0.1229 0.9924
vn -0.0007 0.1241 0.9923
vn -0.0016 0.1240 0.9923
vn -0.0015 0.1240 0.9923
vn -0.0007 0.1250 0.9922
vn 0.0009 0.1240 0.9923
vn -0.0006 0.1224 0.9925
vn -0.0007 0.1224 0.9925
vn 0.0011 0.1239 0.9923
vn -0.0007 0.1238 0.9923
vn 0.0011 0.1238 0.9923
vn -0.0006 0.1222 0.9925
vn 0.0010 0.1238 0.9923
vn -0.0007 0.1222 0.9925
vn 0.0004 0.1237 0.9923
vn -0.0007 0.1249 0.9922
vn 0.0003 0.1236 0.9923
vn 0.0125 0.1228 0.9924
vn 0.0226 0.1206 0.9924
vn 0.0296 0.1175 0.9926
vn 0.0408 0.1135 0.9927
vn 0.0632 0.1079 0.9921
vn 0.0617 0.1064 0.9924
vn 0.0632 0.1079 0.9922
vn 0.0609 0.1070 0.9924
vn -0.0662 0.1093 0.9918
vn -0.0017 0.1074 -0.9942
vn -0.0006 0.1083 -0.9941
vn 0.0624 0.1088 -0.9921
vn -0.0006 0.1048 0.9945
vn -0.0524 0.1157 0.9919
vn -0.0535 0.1159 0.9918
vn -0.0526 0.1157 0.9919
vn -0.0535 0.1168 0.9917
vn -0.0301 0.1111 0.9934
vn -0.0138 0.1089 0.9940
vn -0.0114 0.1069 0.9942
vn -0.0117 0.1069 0.9942
vn -0.0072 0.1079 0.9941
vn -0.0038 0.1072 0.9942
vn -0.0051 0.1057 0.9944
vn -0.0052 0.1055 0.9944
vn -0.0011 0.1068 0.9943
vn -0.0025 0.1053 0.9944
vn -0.0026 0.1053 0.9944
vn -0.0066 0.1081 -0.9941
vn -0.0053 0.1095 -0.9940
vn -0.0052 0.1095 -0.9940
vn -0.0072 0.1088 -0.9940
vn -0.0119 0.1098 -0.9939
vn -0.0304 0.1121 -0.9932
vn -0.0538 0.1167 -0.9917
vn -0.1218 0.1263 -0.9845
vn -0.0006 0.1065 0.9943
vn -0.0041 0.1077 -0.9942
vn -0.0026 0.1092 -0.9940
vn -0.0040 0.1077 -0.9942
vn -0.0018 0.1211 -0.9926
vn -0.0000 0.1194 -0.9928
vn -0.0000 0.1229 -0.9924
vn -0.0009 0.1211 -0.9926
vn -0.0000 0.1203 -0.9927
vn -0.0000 0.1218 -0.9926
vn -0.0000 0.1219 -0.9925
vn -0.0000 0.1211 -0.9926
vn 0.0029 0.1209 -0.9927
vn 0.0015 0.1205 -0.9927
vn 0.0028 0.1192 -0.9929
vn 0.0029 0.1192 -0.9929
vn 0.0253 0.1184 -0.9926
vn 0.0352 0.1141 -0.9928
vn 0.0480 0.1084 -0.9930
vn 0.0494 0.1092 -0.9928
vn 0.0478 0.1084 -0.9930
vn 0.0489 0.1087 -0.9929
vn 0.0358 0.1132 0.9929
vn 0.0354 0.1142 0.9928
vn 0.0356 0.1132 0.9929
vn 0.0350 0.1142 0.9928
vn 0.0262 0.1174 0.9927
vn 0.0249 0.1170 0.9928
vn 0.0250 0.1163 0.9929
vn 0.0039 0.1195 0.9928
vn 0.0028 0.1186 0.9929
vn 0.0028 0.1185 0.9929
vn 0.0035 0.1199 0.9928
vn 0.0028 0.1190 0.9929
vn 0.0034 0.1199 0.9928
vn -0.0000 0.1201 0.9928
vn 0.0015 0.1201 0.9928
vn -0.0000 0.1185 0.9930
vn -0.0000 0.1217 0.9926
vn -0.0000 0.1054 -0.9944
vn -0.0000 0.1051 -0.9945
vn -0.0000 0.1059 -0.9944
vn 0.0484 0.1075 0.9930
vn -0.0275 0.1146 0.9930
vn -0.0000 0.1170 0.9931
vn 0.0215 0.1151 0.9931
vn 0.0214 0.1140 0.9932
vn 0.0212 0.1143 0.9932
vn 0.0536 0.1086 0.9926
vn 0.0009 0.1045 0.9945
vn -0.0000 0.1035 0.9946
vn -0.0000 0.1056 0.9944
vn 0.0541 0.1095 -0.9925
vn 0.0217 0.1161 -0.9930
vn -0.0000 0.1180 -0.9930
vn -0.0011 0.1180 -0.9930
vn -0.0000 0.1172 -0.9931
vn -0.0000 0.1190 -0.9929
vn -0.0288 0.1155 -0.9929
vn -0.0277 0.1146 -0.9930
vn -0.0274 0.1146 -0.9930
vn -0.0480 0.1091 -0.9929
vn -0.0000 0.1045 0.9945
vn -0.0006 0.1057 -0.9944
vn -0.0466 0.1081 0.9930
vn -0.0477 0.1090 0.9929
vn -0.0468 0.1081 0.9930
vn -0.0484 0.1090 0.9929
vn -0.0539 0.1206 0.9912
vn 0.0008 -0.0012 1.0000
vn -0.0009 0.0011 1.0000
vn 0.0008 -0.0012 -1.0000
vn -0.0009 0.0011 -1.0000
vn -0.3717 -0.9283 0.0009
vn -0.3727 -0.9280 -0.0001
vn -0.3707 -0.9288 -0.0001
vn -0.2171 -0.9761 0.0018
vn -0.2189 -0.9757 -0.0000
vn -0.2154 -0.9765 -0.0000
vn 0.0001 -1.0000 0.0013
vn -0.0001 -1.0000 -0.0000
vn -0.0104 0.9999 -0.0007
vn -0.0100 0.9999 -0.0000
vn -0.0109 0.9999 -0.0000
vn -0.2042 0.9789 -0.0015
vn -0.2026 0.9793 0.0001
vn -0.1271 0.9919 0.0017
vn -0.1254 0.9921 -0.0000
vn -0.1287 0.9917 -0.0000
vn -0.0926 0.9957 -0.0000
vn -0.0940 0.9956 -0.0000
vn 0.3809 0.9246 -0.0000
vn 0.0460 0.9989 -0.0000
vn 0.6562 0.7546 -0.0012
vn 0.6571 0.7538 0.0003
vn 0.6553 0.7554 0.0003
vn -0.7156 -0.6985 -0.0000
vn -0.3613 -0.9324 0.0006
vn -0.3622 -0.9321 -0.0001
vn -0.3613 -0.9324 0.0005
vn -0.3605 -0.9328 -0.0001
vn 0.4460 -0.8950 -0.0007
vn 0.4457 -0.8952 -0.0000
vn 0.4460 -0.8950 -0.0008
vn -0.8809 0.4734 -0.0000
vn 0.6745 -0.7383 -0.0005
vn 0.6741 -0.7386 -0.0000
vn 0.6748 -0.7380 -0.0000
vn 0.5114 0.8593 -0.0007
vn 0.5123 0.8588 0.0001
vn 0.5105 0.8599 0.0001
vn -0.0468 0.9989 -0.0000
vn -0.4639 0.8859 0.0012
vn -0.4627 0.8865 -0.0000
vn -0.4650 0.8853 -0.0000
vn -0.6648 0.7470 -0.0005
vn -0.6644 0.7473 -0.0000
vn -0.6652 0.7467 -0.0000
vn -0.0104 0.9999 -0.0018
vn -0.0086 1.0000 -0.0000
vn -0.0122 0.9999 -0.0000
vn 0.6250 -0.7806 0.0011
vn 0.6241 -0.7813 -0.0003
vn 0.6250 -0.7806 0.0012
vn 0.6260 -0.7798 -0.0003
vn -0.3717 -0.9283 -0.0014
vn -0.3729 -0.9279 0.0002
vn -0.3706 -0.9288 0.0002
vt 0.375000 0.000000
vt 0.375000 1.000000
vt 0.125000 0.750000
vt 0.625000 0.000000
vt 0.625000 1.000000
vt 0.875000 0.750000
vt 0.375000 0.250000
vt 0.125000 0.500000
vt 0.875000 0.500000
vt 0.625000 0.250000
vt 0.375000 0.750000
vt 0.625000 0.750000
vt 0.375000 0.500000
vt 0.625000 0.500000
vt 0.391667 1.000000
vt 0.391667 0.000000
vt 0.408333 1.000000
vt 0.408333 0.000000
vt 0.425000 1.000000
vt 0.425000 0.000000
vt 0.441667 1.000000
vt 0.441667 0.000000
vt 0.458333 1.000000
vt 0.458333 0.000000
vt 0.475000 1.000000
vt 0.475000 0.000000
vt 0.491667 1.000000
vt 0.491667 0.000000
vt 0.508333 1.000000
vt 0.508333 0.000000
vt 0.525000 1.000000
vt 0.525000 0.000000
vt 0.541667 1.000000
vt 0.541667 0.000000
vt 0.558333 1.000000
vt 0.558333 0.000000
vt 0.575000 1.000000
vt 0.575000 0.000000
vt 0.591667 1.000000
vt 0.591667 0.000000
vt 0.608333 1.000000
vt 0.608333 0.000000
vt 0.608333 0.208333
vt 0.591667 0.208333
vt 0.575000 0.208333
vt 0.558333 0.208333
vt 0.541667 0.208333
vt 0.525000 0.208333
vt 0.508333 0.208333
vt 0.491667 0.208333
vt 0.475000 0.208333
vt 0.458333 0.250000
vt 0.441667 0.250000
vt 0.425000 0.250000
vt 0.408333 0.250000
vt 0.391667 0.250000
vt 0.608333 0.540449
vt 0.591667 0.540449
vt 0.575000 0.540449
vt 0.558333 0.540449
vt 0.541667 0.540449
vt 0.525000 0.540449
vt 0.508333 0.540449
vt 0.491667 0.540449
vt 0.475000 0.540449
vt 0.458333 0.540449
vt 0.441666 0.540449
vt 0.425000 0.540449
vt 0.408333 0.540449
vt 0.393484 0.540449
vt 0.608333 0.709551
vt 0.591667 0.709550
vt 0.575000 0.709551
vt 0.558333 0.709551
vt 0.541667 0.709551
vt 0.525000 0.709551
vt 0.508333 0.709551
vt 0.491667 0.709551
vt 0.475000 0.709551
vt 0.458333 0.709551
vt 0.441667 0.709551
vt 0.425000 0.709551
vt 0.408333 0.709551
vt 0.393484 0.709551
vt 0.386171 0.208333
vt 0.381739 0.208333
vt 0.377838 0.208333
vt 0.386171 0.540449
vt 0.381739 0.540449
vt 0.377838 0.540449
vt 0.386171 0.709551
vt 0.381739 0.709551
vt 0.377838 0.709551
vt 0.377572 0.000000
vt 0.377572 1.000000
vt 0.381739 0.000000
vt 0.381739 1.000000
vt 0.385906 0.000000
vt 0.385906 1.000000
vt 0.375000 0.250000
vt 0.125000 0.500000
vt 0.875000 0.500000
vt 0.625000 0.250000
vt 0.375000 1.000000
vt 0.125000 0.750000
vt 0.875000 0.750000
vt 0.625000 1.000000
vt 0.393484 0.959551
vt 0.408333 0.959551
vt 0.425000 0.959551
vt 0.441667 0.959551
vt 0.458333 0.959551
vt 0.475000 0.959551
vt 0.491667 0.959551
vt 0.508333 0.959551
vt 0.525000 0.959551
vt 0.541667 0.959551
vt 0.558333 0.959551
vt 0.575002 0.959531
vt 0.591675 0.959472
vt 0.608335 0.959531
vt 0.391667 0.250000
vt 0.408333 0.250000
vt 0.425000 0.250000
vt 0.441362 0.249912
vt 0.458333 0.250000
vt 0.475000 0.290449
vt 0.491667 0.290449
vt 0.508333 0.290449
vt 0.525000 0.290449
vt 0.541667 0.290449
vt 0.558333 0.290449
vt 0.575000 0.290449
vt 0.591667 0.290449
vt 0.608333 0.290449
vt 0.377838 0.290449
vt 0.381739 0.290449
vt 0.386171 0.290449
vt 0.377838 0.959551
vt 0.381739 0.959551
vt 0.386171 0.959551
vt 0.632307 0.500000
vt 0.625000 0.492693
vt 0.375000 0.757307
vt 0.367693 0.750000
vt 0.393484 0.453462
vt 0.408333 0.453462
vt 0.424991 0.453460
vt 0.441629 0.453451
vt 0.458324 0.453460
vt 0.475000 0.453462
vt 0.491667 0.453462
vt 0.508333 0.453462
vt 0.525000 0.453462
vt 0.541667 0.453462
vt 0.558333 0.453462
vt 0.575000 0.453462
vt 0.591667 0.453462
vt 0.608333 0.453462
vt 0.377838 0.453462
vt 0.381739 0.453462
vt 0.386171 0.453462
vt 0.375000 0.492693
vt 0.367693 0.500000
vt 0.625000 0.757307
vt 0.632307 0.750000
vt 0.393484 0.796538
vt 0.408333 0.796538
vt 0.425000 0.796538
vt 0.441667 0.796538
vt 0.458333 0.796538
vt 0.475000 0.796538
vt 0.491667 0.796538
vt 0.508333 0.796538
vt 0.525000 0.796538
vt 0.541667 0.796538
vt 0.558333 0.796538
vt 0.575001 0.796532
vt 0.591669 0.796516
vt 0.608334 0.796532
vt 0.377838 0.796538
vt 0.381739 0.796538
vt 0.386171 0.796538
vt 0.375000 0.125000
vt 0.125000 0.625000
vt 0.616667 0.000000
vt 0.616667 1.000000
vt 0.625000 0.125000
vt 0.875000 0.625000
vt 0.376319 0.211806
vt 0.375000 0.250000
vt 0.125000 0.500000
vt 0.625000 0.496347
vt 0.628653 0.500000
vt 0.376303 0.537078
vt 0.374342 0.625000
vt 0.623700 0.625000
vt 0.376303 0.712922
vt 0.371347 0.750000
vt 0.375000 0.753653
vt 0.625000 1.000000
vt 0.875000 0.750000
vt 0.388786 1.000000
vt 0.388786 0.000000
vt 0.400000 1.000000
vt 0.400000 0.000000
vt 0.416667 1.000000
vt 0.416667 0.000000
vt 0.433333 1.000000
vt 0.433333 0.000000
vt 0.450000 1.000000
vt 0.450000 0.000000
vt 0.466667 1.000000
vt 0.466667 0.000000
vt 0.483333 1.000000
vt 0.483333 0.000000
vt 0.500000 1.000000
vt 0.500000 0.000000
vt 0.516667 1.000000
vt 0.516667 0.000000
vt 0.533333 1.000000
vt 0.533333 0.000000
vt 0.550000 1.000000
vt 0.550000 0.000000
vt 0.566667 1.000000
vt 0.566667 0.000000
vt 0.583333 1.000000
vt 0.583333 0.000000
vt 0.600000 1.000000
vt 0.600000 0.000000
vt 0.616667 0.211806
vt 0.600000 0.208333
vt 0.583333 0.208333
vt 0.566667 0.208333
vt 0.550000 0.208333
vt 0.533333 0.208333
vt 0.516667 0.208333
vt 0.500000 0.208333
vt 0.483333 0.208333
vt 0.466667 0.211806
vt 0.450000 0.250000
vt 0.433333 0.250000
vt 0.416667 0.250000
vt 0.400000 0.250000
vt 0.616634 0.537078
vt 0.600000 0.540449
vt 0.583333 0.540449
vt 0.566667 0.540449
vt 0.550000 0.540449
vt 0.533333 0.540449
vt 0.516667 0.540449
vt 0.500000 0.540449
vt 0.483333 0.540449
vt 0.466667 0.540449
vt 0.449999 0.540449
vt 0.433333 0.540449
vt 0.416667 0.540449
vt 0.400227 0.540449
vt 0.616634 0.712922
vt 0.600000 0.709551
vt 0.583333 0.709551
vt 0.566667 0.709551
vt 0.550000 0.709551
vt 0.533333 0.709551
vt 0.516667 0.709551
vt 0.500000 0.709551
vt 0.483333 0.709551
vt 0.466667 0.709551
vt 0.450000 0.709551
vt 0.433333 0.709551
vt 0.416667 0.709551
vt 0.400227 0.709551
vt 0.393333 0.994944
vt 0.408333 0.994944
vt 0.425000 0.994944
vt 0.441667 0.994944
vt 0.458333 0.994944
vt 0.475000 0.994944
vt 0.491667 0.994944
vt 0.508333 0.994944
vt 0.525000 0.994944
vt 0.541667 0.994944
vt 0.558333 0.994944
vt 0.575001 0.994930
vt 0.591672 0.994890
vt 0.608335 0.994930
vt 0.393484 0.625000
vt 0.408333 0.625000
vt 0.425000 0.625000
vt 0.441667 0.625000
vt 0.458333 0.625000
vt 0.475000 0.625000
vt 0.491667 0.625000
vt 0.508333 0.625000
vt 0.525000 0.625000
vt 0.541667 0.625000
vt 0.558333 0.625000
vt 0.575000 0.625000
vt 0.591667 0.625000
vt 0.608333 0.625000
vt 0.393484 0.496499
vt 0.408333 0.496499
vt 0.424998 0.496498
vt 0.441660 0.496497
vt 0.458332 0.496498
vt 0.475000 0.496499
vt 0.491667 0.496499
vt 0.508333 0.496499
vt 0.525000 0.496499
vt 0.541667 0.496499
vt 0.558333 0.496499
vt 0.575000 0.496499
vt 0.591667 0.496499
vt 0.608333 0.496499
vt 0.393181 0.124132
vt 0.408333 0.125000
vt 0.425000 0.125000
vt 0.441667 0.125000
vt 0.458333 0.124132
vt 0.475000 0.119792
vt 0.491667 0.119792
vt 0.508333 0.119792
vt 0.525000 0.119792
vt 0.541667 0.119792
vt 0.558333 0.119792
vt 0.575000 0.119792
vt 0.591667 0.119792
vt 0.608333 0.119792
vt 0.388857 0.211806
vt 0.383855 0.208333
vt 0.379689 0.208333
vt 0.389047 0.540449
vt 0.383855 0.540449
vt 0.379689 0.540449
vt 0.389047 0.709551
vt 0.383855 0.709551
vt 0.379689 0.709551
vt 0.376286 0.000000
vt 0.376286 1.000000
vt 0.379656 0.000000
vt 0.379656 1.000000
vt 0.383822 0.000000
vt 0.383822 1.000000
vt 0.377816 0.119792
vt 0.381739 0.119792
vt 0.386149 0.119792
vt 0.377838 0.496499
vt 0.381739 0.496499
vt 0.386171 0.496499
vt 0.377838 0.625000
vt 0.381739 0.625000
vt 0.386171 0.625000
vt 0.377816 0.994944
vt 0.381739 0.994944
vt 0.386149 0.994944
vt 0.375000 0.371347
vt 0.246347 0.500000
vt 0.875000 0.500000
vt 0.625000 0.250000
vt 0.375000 1.000000
vt 0.125000 0.750000
vt 0.753653 0.750000
vt 0.625000 0.878653
vt 0.393484 0.878501
vt 0.408333 0.878501
vt 0.425000 0.878501
vt 0.441667 0.878501
vt 0.458333 0.878501
vt 0.475000 0.878501
vt 0.491667 0.878501
vt 0.508333 0.878501
vt 0.525000 0.878501
vt 0.541667 0.878501
vt 0.558333 0.878501
vt 0.575001 0.878487
vt 0.591673 0.878443
vt 0.608335 0.878487
vt 0.391667 0.250000
vt 0.408333 0.250000
vt 0.424979 0.249994
vt 0.441557 0.249968
vt 0.458333 0.250000
vt 0.475000 0.249848
vt 0.491667 0.249848
vt 0.508333 0.249848
vt 0.525000 0.249848
vt 0.541667 0.249848
vt 0.558333 0.249848
vt 0.575000 0.249848
vt 0.591667 0.249848
vt 0.608333 0.249848
vt 0.377838 0.249848
vt 0.381739 0.249848
vt 0.386171 0.249848
vt 0.377838 0.878501
vt 0.381739 0.878501
vt 0.386171 0.878501
vt 0.383855 0.959551
vt 0.379689 0.959551
vt 0.376319 0.962922
vt 0.383855 0.290449
vt 0.379689 0.290449
vt 0.376319 0.287078
vt 0.600000 0.290449
vt 0.583333 0.290449
vt 0.566667 0.290449
vt 0.550000 0.290449
vt 0.533333 0.290449
vt 0.516667 0.290449
vt 0.500000 0.290449
vt 0.483333 0.290449
vt 0.466666 0.287078
vt 0.449848 0.249956
vt 0.433181 0.249956
vt 0.416667 0.250000
vt 0.400000 0.250000
vt 0.388857 0.287078
vt 0.600006 0.959494
vt 0.583339 0.959494
vt 0.566667 0.959549
vt 0.550000 0.959551
vt 0.533333 0.959551
vt 0.516667 0.959551
vt 0.500000 0.959551
vt 0.483333 0.959551
vt 0.466667 0.959551
vt 0.450000 0.959551
vt 0.433333 0.959551
vt 0.416667 0.959551
vt 0.400227 0.959551
vt 0.389047 0.959551
vt 0.841293 0.625000
vt 0.158707 0.625000
vt 0.616667 0.962919
vt 0.616667 0.287078
vt 0.753653 0.500000
vt 0.625000 0.371347
vt 0.375000 0.878653
vt 0.246347 0.750000
vt 0.393333 0.367286
vt 0.408333 0.366443
vt 0.424977 0.366436
vt 0.441550 0.366409
vt 0.458311 0.367279
vt 0.475000 0.371499
vt 0.491667 0.371499
vt 0.508333 0.371499
vt 0.525000 0.371499
vt 0.541667 0.371499
vt 0.558333 0.371499
vt 0.575000 0.371499
vt 0.591667 0.371499
vt 0.608333 0.371499
vt 0.377838 0.371499
vt 0.381739 0.371499
vt 0.386171 0.371499
vt 0.371347 0.500000
vt 0.375000 0.496347
vt 0.625000 0.753653
vt 0.628653 0.750000
vt 0.393484 0.753501
vt 0.408333 0.753501
vt 0.425000 0.753501
vt 0.441667 0.753501
vt 0.458333 0.753501
vt 0.475000 0.753501
vt 0.491667 0.753501
vt 0.508333 0.753501
vt 0.525000 0.753501
vt 0.541667 0.753501
vt 0.558333 0.753501
vt 0.575000 0.753500
vt 0.591667 0.753497
vt 0.608333 0.753500
vt 0.377838 0.753501
vt 0.381739 0.753501
vt 0.386171 0.753501
vt 0.616667 0.793268
vt 0.664999 0.625000
vt 0.389047 0.796538
vt 0.400227 0.796538
vt 0.416667 0.796538
vt 0.433333 0.796538
vt 0.450000 0.796538
vt 0.466667 0.796538
vt 0.483333 0.796538
vt 0.500000 0.796538
vt 0.516667 0.796538
vt 0.533333 0.796538
vt 0.550000 0.796538
vt 0.566667 0.796537
vt 0.583335 0.796522
vt 0.600002 0.796522
vt 0.376319 0.793269
vt 0.379689 0.796538
vt 0.383855 0.796538
vt 0.383855 0.453462
vt 0.379689 0.453462
vt 0.376319 0.456732
vt 0.600000 0.453462
vt 0.583333 0.453462
vt 0.566667 0.453462
vt 0.550000 0.453462
vt 0.533333 0.453462
vt 0.516667 0.453462
vt 0.500000 0.453462
vt 0.483333 0.453462
vt 0.466666 0.453462
vt 0.449973 0.453454
vt 0.433306 0.453454
vt 0.416666 0.453462
vt 0.400227 0.453462
vt 0.389047 0.453462
vt 0.335001 0.625000
vt 0.616667 0.456732
vt 0.616667 0.120660
vt 0.616667 0.496474
vt 0.616537 0.625000
vt 0.616667 0.995785
vt 0.368012 0.625000
vt 0.871629 0.625000
vt 0.389003 0.994944
vt 0.400189 0.994944
vt 0.416667 0.994944
vt 0.433333 0.994944
vt 0.450000 0.994944
vt 0.466667 0.994944
vt 0.483333 0.994944
vt 0.500000 0.994944
vt 0.516667 0.994944
vt 0.533333 0.994944
vt 0.550000 0.994944
vt 0.566667 0.994942
vt 0.583337 0.994905
vt 0.600004 0.994905
vt 0.389047 0.625000
vt 0.400227 0.625000
vt 0.416667 0.625000
vt 0.433333 0.625000
vt 0.450000 0.625000
vt 0.466667 0.625000
vt 0.483333 0.625000
vt 0.500000 0.625000
vt 0.516667 0.625000
vt 0.533333 0.625000
vt 0.550000 0.625000
vt 0.566667 0.625000
vt 0.583333 0.625000
vt 0.600000 0.625000
vt 0.389047 0.496499
vt 0.400227 0.496499
vt 0.416667 0.496499
vt 0.433328 0.496498
vt 0.449995 0.496498
vt 0.466667 0.496499
vt 0.483333 0.496499
vt 0.500000 0.496499
vt 0.516667 0.496499
vt 0.533333 0.496499
vt 0.550000 0.496499
vt 0.566667 0.496499
vt 0.583333 0.496499
vt 0.600000 0.496499
vt 0.388965 0.120660
vt 0.400151 0.125000
vt 0.416667 0.125000
vt 0.433333 0.125000
vt 0.450000 0.125000
vt 0.466667 0.120660
vt 0.483333 0.119792
vt 0.500000 0.119792
vt 0.516667 0.119792
vt 0.533333 0.119792
vt 0.550000 0.119792
vt 0.566667 0.119792
vt 0.583333 0.119792
vt 0.600000 0.119792
vt 0.376314 0.120660
vt 0.379683 0.119792
vt 0.383850 0.119792
vt 0.376319 0.496474
vt 0.379689 0.496499
vt 0.383855 0.496499
vt 0.376254 0.625000
vt 0.379689 0.625000
vt 0.383855 0.625000
vt 0.376314 0.995787
vt 0.379683 0.994944
vt 0.383850 0.994944
vt 0.383855 0.878501
vt 0.379689 0.878501
vt 0.376319 0.878527
vt 0.383855 0.249848
vt 0.379689 0.249848
vt 0.376319 0.249873
vt 0.600000 0.249848
vt 0.583333 0.249848
vt 0.566667 0.249848
vt 0.550000 0.249848
vt 0.533333 0.249848
vt 0.516667 0.249848
vt 0.500000 0.249848
vt 0.483333 0.249848
vt 0.466667 0.249873
vt 0.449928 0.249979
vt 0.433259 0.249979
vt 0.416665 0.249999
vt 0.400000 0.250000
vt 0.388819 0.249873
vt 0.600004 0.878459
vt 0.583338 0.878459
vt 0.566667 0.878499
vt 0.550000 0.878501
vt 0.533333 0.878501
vt 0.516667 0.878501
vt 0.500000 0.878501
vt 0.483333 0.878501
vt 0.466667 0.878501
vt 0.450000 0.878501
vt 0.433333 0.878501
vt 0.416667 0.878501
vt 0.400227 0.878501
vt 0.389047 0.878501
vt 0.753552 0.625000
vt 0.128371 0.625000
vt 0.616667 0.878525
vt 0.616667 0.249873
vt 0.616667 0.753526
vt 0.631793 0.625000
vt 0.389047 0.753501
vt 0.400227 0.753501
vt 0.416667 0.753501
vt 0.433333 0.753501
vt 0.450000 0.753501
vt 0.466667 0.753501
vt 0.483333 0.753501
vt 0.500000 0.753501
vt 0.516667 0.753501
vt 0.533333 0.753501
vt 0.550000 0.753501
vt 0.566667 0.753501
vt 0.583334 0.753498
vt 0.600000 0.753498
vt 0.376319 0.753527
vt 0.379689 0.753501
vt 0.383855 0.753501
vt 0.383855 0.371499
vt 0.379689 0.371499
vt 0.376319 0.371474
vt 0.600000 0.371499
vt 0.583333 0.371499
vt 0.566667 0.371499
vt 0.550000 0.371499
vt 0.533333 0.371499
vt 0.516667 0.371499
vt 0.500000 0.371499
vt 0.483333 0.371499
vt 0.466664 0.370656
vt 0.449921 0.366420
vt 0.433254 0.366420
vt 0.416664 0.366442
vt 0.400189 0.366443
vt 0.389009 0.370656
vt 0.246448 0.625000
vt 0.616667 0.371474
vt 0.125000 0.750000
vt 0.375000 1.000000
vt 0.375000 0.000000
vt 0.625000 0.000000
vt 0.625000 1.000000
vt 0.875000 0.750000
vt 0.125000 0.500000
vt 0.375000 0.250000
vt 0.625000 0.250000
vt 0.875000 0.500000
vt 0.375000 0.750000
vt 0.625000 0.750000
vt 0.375000 0.500000
vt 0.625000 0.500000
vt 0.402778 1.000000
vt 0.402778 0.000000
vt 0.430556 1.000000
vt 0.430556 0.000000
vt 0.458333 1.000000
vt 0.458333 0.000000
vt 0.486111 1.000000
vt 0.486111 0.000000
vt 0.513889 1.000000
vt 0.513889 0.000000
vt 0.541667 1.000000
vt 0.541667 0.000000
vt 0.569444 1.000000
vt 0.569444 0.000000
vt 0.597222 1.000000
vt 0.597222 0.000000
vt 0.597222 0.250000
vt 0.569444 0.250000
vt 0.541667 0.250000
vt 0.513889 0.250000
vt 0.486111 0.250000
vt 0.458333 0.250000
vt 0.430556 0.250000
vt 0.402778 0.250000
vt 0.597222 0.500000
vt 0.569444 0.500000
vt 0.541667 0.500000
vt 0.513889 0.500000
vt 0.486111 0.500000
vt 0.458333 0.500000
vt 0.430556 0.500000
vt 0.402778 0.500000
vt 0.597222 0.750000
vt 0.569444 0.750000
vt 0.541667 0.750000
vt 0.513889 0.750000
vt 0.486111 0.750000
vt 0.458333 0.750000
vt 0.430556 0.750000
vt 0.402778 0.750000
vt 1.000000 0.500000
vt 0.000000 0.500000
vt 0.750000 0.490000
vt 1.000000 1.000000
vt 0.250000 0.490000
vt 0.000000 1.000000
vt 0.984375 0.500000
vt 0.773524 0.488844
vt 0.984375 1.000000
vt 0.273524 0.488844
vt 0.968750 0.500000
vt 0.796822 0.485388
vt 0.968750 1.000000
vt 0.296822 0.485388
vt 0.953125 0.500000
vt 0.819668 0.479666
vt 0.953125 1.000000
vt 0.319668 0.479666
vt 0.937500 0.500000
vt 0.841844 0.471731
vt 0.937500 1.000000
vt 0.341844 0.471731
vt 0.921875 0.500000
vt 0.863135 0.461661
vt 0.921875 1.000000
vt 0.363135 0.461661
vt 0.906250 0.500000
vt 0.883337 0.449553
vt 0.906250 1.000000
vt 0.383337 0.449553
vt 0.890625 0.500000
vt 0.902254 0.435522
vt 0.890625 1.000000
vt 0.402254 0.435522
vt 0.875000 0.500000
vt 0.919706 0.419706
vt 0.875000 1.000000
vt 0.419706 0.419706
vt 0.859375 0.500000
vt 0.935522 0.402254
vt 0.859375 1.000000
vt 0.435522 0.402254
vt 0.843750 0.500000
vt 0.949553 0.383337
vt 0.843750 1.000000
vt 0.449553 0.383337
vt 0.828125 0.500000
vt 0.961661 0.363135
vt 0.828125 1.000000
vt 0.461661 0.363135
vt 0.812500 0.500000
vt 0.971731 0.341844
vt 0.812500 1.000000
vt 0.471731 0.341844
vt 0.796875 0.500000
vt 0.979666 0.319668
vt 0.796875 1.000000
vt 0.479666 0.319668
vt 0.781250 0.500000
vt 0.985388 0.296822
vt 0.781250 1.000000
vt 0.485388 0.296822
vt 0.765625 0.500000
vt 0.988844 0.273524
vt 0.765625 1.000000
vt 0.488844 0.273524
vt 0.750000 0.500000
vt 0.990000 0.250000
vt 0.750000 1.000000
vt 0.490000 0.250000
vt 0.734375 0.500000
vt 0.988844 0.226476
vt 0.734375 1.000000
vt 0.488844 0.226476
vt 0.718750 0.500000
vt 0.985388 0.203178
vt 0.718750 1.000000
vt 0.485388 0.203178
vt 0.703125 0.500000
vt 0.979666 0.180332
vt 0.703125 1.000000
vt 0.479666 0.180332
vt 0.687500 0.500000
vt 0.971731 0.158156
vt 0.687500 1.000000
vt 0.471731 0.158156
vt 0.671875 0.500000
vt 0.961661 0.136865
vt 0.671875 1.000000
vt 0.461661 0.136865
vt 0.656250 0.500000
vt 0.949553 0.116663
vt 0.656250 1.000000
vt 0.449553 0.116663
vt 0.640625 0.500000
vt 0.935522 0.097746
vt 0.640625 1.000000
vt 0.435522 0.097746
vt 0.625000 0.500000
vt 0.919706 0.080294
vt 0.625000 1.000000
vt 0.419706 0.080294
vt 0.609375 0.500000
vt 0.902254 0.064478
vt 0.609375 1.000000
vt 0.402254 0.064478
vt 0.593750 0.500000
vt 0.883337 0.050447
vt 0.593750 1.000000
vt 0.383337 0.050447
vt 0.578125 0.500000
vt 0.863135 0.038339
vt 0.578125 1.000000
vt 0.363135 0.038339
vt 0.562500 0.500000
vt 0.841844 0.028269
vt 0.562500 1.000000
vt 0.341844 0.028269
vt 0.546875 0.500000
vt 0.819668 0.020334
vt 0.546875 1.000000
vt 0.319668 0.020334
vt 0.531250 0.500000
vt 0.796822 0.014612
vt 0.531250 1.000000
vt 0.296822 0.014612
vt 0.515625 0.500000
vt 0.773524 0.011156
vt 0.515625 1.000000
vt 0.273524 0.011156
vt 0.500000 0.500000
vt 0.750000 0.010000
vt 0.500000 1.000000
vt 0.250000 0.010000
vt 0.484375 0.500000
vt 0.726476 0.011156
vt 0.484375 1.000000
vt 0.226476 0.011156
vt 0.468750 0.500000
vt 0.703178 0.014612
vt 0.468750 1.000000
vt 0.203178 0.014612
vt 0.453125 0.500000
vt 0.680332 0.020334
vt 0.453125 1.000000
vt 0.180332 0.020334
vt 0.437500 0.500000
vt 0.658156 0.028269
vt 0.437500 1.000000
vt 0.158156 0.028269
vt 0.421875 0.500000
vt 0.636865 0.038339
vt 0.421875 1.000000
vt 0.136865 0.038339
vt 0.406250 0.500000
vt 0.616663 0.050447
vt 0.406250 1.000000
vt 0.116663 0.050447
vt 0.390625 0.500000
vt 0.597746 0.064478
vt 0.390625 1.000000
vt 0.097746 0.064478
vt 0.375000 0.500000
vt 0.580294 0.080294
vt 0.375000 1.000000
vt 0.080294 0.080294
vt 0.359375 0.500000
vt 0.564478 0.097746
vt 0.359375 1.000000
vt 0.064478 0.097746
vt 0.343750 0.500000
vt 0.550447 0.116663
vt 0.343750 1.000000
vt 0.050447 0.116663
vt 0.328125 0.500000
vt 0.538339 0.136865
vt 0.328125 1.000000
vt 0.038339 0.136865
vt 0.312500 0.500000
vt 0.528269 0.158156
vt 0.312500 1.000000
vt 0.028269 0.158156
vt 0.296875 0.500000
vt 0.520334 0.180332
vt 0.296875 1.000000
vt 0.020334 0.180332
vt 0.281250 0.500000
vt 0.514612 0.203178
vt 0.281250 1.000000
vt 0.014612 0.203178
vt 0.265625 0.500000
vt 0.511156 0.226476
vt 0.265625 1.000000
vt 0.011156 0.226476
vt 0.250000 0.500000
vt 0.510000 0.250000
vt 0.250000 1.000000
vt 0.010000 0.250000
vt 0.234375 0.500000
vt 0.511156 0.273524
vt 0.234375 1.000000
vt 0.011156 0.273524
vt 0.218750 0.500000
vt 0.514612 0.296822
vt 0.218750 1.000000
vt 0.014612 0.296822
vt 0.203125 0.500000
vt 0.520334 0.319668
vt 0.203125 1.000000
vt 0.020334 0.319668
vt 0.187500 0.500000
vt 0.528269 0.341844
vt 0.187500 1.000000
vt 0.028269 0.341844
vt 0.171875 0.500000
vt 0.538339 0.363135
vt 0.171875 1.000000
vt 0.038339 0.363135
vt 0.156250 0.500000
vt 0.550447 0.383337
vt 0.156250 1.000000
vt 0.050447 0.383337
vt 0.140625 0.500000
vt 0.564478 0.402254
vt 0.140625 1.000000
vt 0.064478 0.402254
vt 0.125000 0.500000
vt 0.580294 0.419706
vt 0.125000 1.000000
vt 0.080294 0.419706
vt 0.109375 0.500000
vt 0.597746 0.435522
vt 0.109375 1.000000
vt 0.097746 0.435522
vt 0.093750 0.500000
vt 0.616663 0.449553
vt 0.093750 1.000000
vt 0.116663 0.449553
vt 0.078125 0.500000
vt 0.636865 0.461661
vt 0.078125 1.000000
vt 0.136865 0.461661
vt 0.062500 0.500000
vt 0.658156 0.471731
vt 0.062500 1.000000
vt 0.158156 0.471731
vt 0.046875 0.500000
vt 0.680332 0.479666
vt 0.046875 1.000000
vt 0.180332 0.479666
vt 0.031250 0.500000
vt 0.703178 0.485388
vt 0.203178 0.485388
vt 0.031250 1.000000
vt 0.015625 0.500000
vt 0.726476 0.488844
vt 0.226476 0.488844
vt 0.015625 1.000000
vt 1.000000 0.500000
vt 0.000000 0.500000
vt 0.750000 0.490000
vt 1.000000 1.000000
vt 0.250000 0.490000
vt 0.000000 1.000000
vt 0.968750 0.500000
vt 0.796822 0.485388
vt 0.968750 1.000000
vt 0.296822 0.485388
vt 0.937500 0.500000
vt 0.841844 0.471731
vt 0.937500 1.000000
vt 0.341844 0.471731
vt 0.906250 0.500000
vt 0.883337 0.449553
vt 0.906250 1.000000
vt 0.383337 0.449553
vt 0.875000 0.500000
vt 0.919706 0.419706
vt 0.875000 1.000000
vt 0.419706 0.419706
vt 0.843750 0.500000
vt 0.949553 0.383337
vt 0.843750 1.000000
vt 0.449553 0.383337
vt 0.812500 0.500000
vt 0.971731 0.341844
vt 0.812500 1.000000
vt 0.471731 0.341844
vt 0.781250 0.500000
vt 0.985388 0.296822
vt 0.781250 1.000000
vt 0.485388 0.296822
vt 0.750000 0.500000
vt 0.990000 0.250000
vt 0.750000 1.000000
vt 0.490000 0.250000
vt 0.718750 0.500000
vt 0.985388 0.203178
vt 0.718750 1.000000
vt 0.485388 0.203178
vt 0.687500 0.500000
vt 0.971731 0.158156
vt 0.687500 1.000000
vt 0.471731 0.158156
vt 0.656250 0.500000
vt 0.949553 0.116663
vt 0.656250 1.000000
vt 0.449553 0.116663
vt 0.625000 0.500000
vt 0.919706 0.080294
vt 0.625000 1.000000
vt 0.419706 0.080294
vt 0.593750 0.500000
vt 0.883337 0.050447
vt 0.593750 1.000000
vt 0.383337 0.050447
vt 0.562500 0.500000
vt 0.841844 0.028269
vt 0.562500 1.000000
vt 0.341844 0.028269
vt 0.531250 0.500000
vt 0.796822 0.014612
vt 0.531250 1.000000
vt 0.296822 0.014612
vt 0.500000 0.500000
vt 0.750000 0.010000
vt 0.500000 1.000000
vt 0.250000 0.010000
vt 0.468750 0.500000
vt 0.703178 0.014612
vt 0.468750 1.000000
vt 0.203178 0.014612
vt 0.437500 0.500000
vt 0.658156 0.028269
vt 0.437500 1.000000
vt 0.158156 0.028269
vt 0.406250 0.500000
vt 0.616663 0.050447
vt 0.406250 1.000000
vt 0.116663 0.050447
vt 0.375000 0.500000
vt 0.580294 0.080294
vt 0.375000 1.000000
vt 0.080294 0.080294
vt 0.343750 0.500000
vt 0.550447 0.116663
vt 0.343750 1.000000
vt 0.050447 0.116663
vt 0.312500 0.500000
vt 0.528269 0.158156
vt 0.312500 1.000000
vt 0.028269 0.158156
vt 0.281250 0.500000
vt 0.514612 0.203178
vt 0.281250 1.000000
vt 0.014612 0.203178
vt 0.250000 0.500000
vt 0.510000 0.250000
vt 0.250000 1.000000
vt 0.010000 0.250000
vt 0.218750 0.500000
vt 0.514612 0.296822
vt 0.218750 1.000000
vt 0.014612 0.296822
vt 0.187500 0.500000
vt 0.528269 0.341844
vt 0.187500 1.000000
vt 0.028269 0.341844
vt 0.156250 0.500000
vt 0.550447 0.383337
vt 0.156250 1.000000
vt 0.050447 0.383337
vt 0.125000 0.500000
vt 0.580294 0.419706
vt 0.125000 1.000000
vt 0.080294 0.419706
vt 0.093750 0.500000
vt 0.616663 0.449553
vt 0.093750 1.000000
vt 0.116663 0.449553
vt 0.062500 0.500000
vt 0.658156 0.471731
vt 0.158156 0.471731
vt 0.062500 1.000000
vt 0.031250 0.500000
vt 0.703178 0.485388
vt 0.203178 0.485388
vt 0.031250 1.000000
vt 1.000000 0.500000
vt 0.000000 0.500000
vt 0.750000 0.490000
vt 1.000000 1.000000
vt 0.250000 0.490000
vt 0.000000 1.000000
vt 0.968750 0.500000
vt 0.796822 0.485388
vt 0.968750 1.000000
vt 0.296822 0.485388
vt 0.937500 0.500000
vt 0.841844 0.471731
vt 0.937500 1.000000
vt 0.341844 0.471731
vt 0.906250 0.500000
vt 0.883337 0.449553
vt 0.906250 1.000000
vt 0.383337 0.449553
vt 0.875000 0.500000
vt 0.919706 0.419706
vt 0.875000 1.000000
vt 0.419706 0.419706
vt 0.843750 0.500000
vt 0.949553 0.383337
vt 0.843750 1.000000
vt 0.449553 0.383337
vt 0.812500 0.500000
vt 0.971731 0.341844
vt 0.812500 1.000000
vt 0.471731 0.341844
vt 0.781250 0.500000
vt 0.985388 0.296822
vt 0.781250 1.000000
vt 0.485388 0.296822
vt 0.750000 0.500000
vt 0.990000 0.250000
vt 0.750000 1.000000
vt 0.490000 0.250000
vt 0.718750 0.500000
vt 0.985388 0.203178
vt 0.718750 1.000000
vt 0.485388 0.203178
vt 0.687500 0.500000
vt 0.971731 0.158156
vt 0.687500 1.000000
vt 0.471731 0.158156
vt 0.656250 0.500000
vt 0.949553 0.116663
vt 0.656250 1.000000
vt 0.449553 0.116663
vt 0.625000 0.500000
vt 0.919706 0.080294
vt 0.625000 1.000000
vt 0.419706 0.080294
vt 0.593750 0.500000
vt 0.883337 0.050447
vt 0.593750 1.000000
vt 0.383337 0.050447
vt 0.562500 0.500000
vt 0.841844 0.028269
vt 0.562500 1.000000
vt 0.341844 0.028269
vt 0.531250 0.500000
vt 0.796822 0.014612
vt 0.531250 1.000000
vt 0.296822 0.014612
vt 0.500000 0.500000
vt 0.750000 0.010000
vt 0.500000 1.000000
vt 0.250000 0.010000
vt 0.468750 0.500000
vt 0.703178 0.014612
vt 0.468750 1.000000
vt 0.203178 0.014612
vt 0.437500 0.500000
vt 0.658156 0.028269
vt 0.437500 1.000000
vt 0.158156 0.028269
vt 0.406250 0.500000
vt 0.616663 0.050447
vt 0.406250 1.000000
vt 0.116663 0.050447
vt 0.375000 0.500000
vt 0.580294 0.080294
vt 0.375000 1.000000
vt 0.080294 0.080294
vt 0.343750 0.500000
vt 0.550447 0.116663
vt 0.343750 1.000000
vt 0.050447 0.116663
vt 0.312500 0.500000
vt 0.528269 0.158156
vt 0.312500 1.000000
vt 0.028269 0.158156
vt 0.281250 0.500000
vt 0.514612 0.203178
vt 0.281250 1.000000
vt 0.014612 0.203178
vt 0.250000 0.500000
vt 0.510000 0.250000
vt 0.250000 1.000000
vt 0.010000 0.250000
vt 0.218750 0.500000
vt 0.514612 0.296822
vt 0.218750 1.000000
vt 0.014612 0.296822
vt 0.187500 0.500000
vt 0.528269 0.341844
vt 0.187500 1.000000
vt 0.028269 0.341844
vt 0.156250 0.500000
vt 0.550447 0.383337
vt 0.156250 1.000000
vt 0.050447 0.383337
vt 0.125000 0.500000
vt 0.580294 0.419706
vt 0.125000 1.000000
vt 0.080294 0.419706
vt 0.093750 0.500000
vt 0.616663 0.449553
vt 0.093750 1.000000
vt 0.116663 0.449553
vt 0.062500 0.500000
vt 0.658156 0.471731
vt 0.158156 0.471731
vt 0.062500 1.000000
vt 0.031250 0.500000
vt 0.703178 0.485388
vt 0.203178 0.485388
vt 0.031250 1.000000
vt 0.125000 0.750000
vt 0.375000 0.000000
vt 0.375000 1.000000
vt 0.625000 0.000000
vt 0.625000 1.000000
vt 0.875000 0.750000
vt 0.125000 0.500000
vt 0.375000 0.250000
vt 0.625000 0.250000
vt 0.875000 0.500000
vt 0.375000 0.750000
vt 0.625000 0.750000
vt 0.375000 0.500000
vt 0.625000 0.500000
vt 0.500000 1.000000
vt 0.500000 0.000000
vt 0.500000 0.250000
vt 0.500000 0.500000
vt 0.500000 0.750000
vt 0.475000 0.250000
vt 0.450000 0.250000
vt 0.425000 0.250000
vt 0.400000 0.250000
vt 0.475000 0.500000
vt 0.450000 0.500000
vt 0.425000 0.500000
vt 0.400000 0.500000
vt 0.475000 0.750000
vt 0.450000 0.750000
vt 0.425000 0.750000
vt 0.400000 0.750000
vt 0.400000 0.000000
vt 0.400000 1.000000
vt 0.425000 0.000000
vt 0.425000 1.000000
vt 0.450000 0.000000
vt 0.450000 1.000000
vt 0.475000 0.000000
vt 0.475000 1.000000
vt 0.520833 1.000000
vt 0.520833 0.000000
vt 0.541667 1.000000
vt 0.541667 0.000000
vt 0.562500 1.000000
vt 0.562500 0.000000
vt 0.583333 1.000000
vt 0.583333 0.000000
vt 0.604167 1.000000
vt 0.604167 0.000000
vt 0.604167 0.250000
vt 0.583333 0.250000
vt 0.562500 0.250000
vt 0.541667 0.250000
vt 0.520833 0.250000
vt 0.604167 0.500000
vt 0.583333 0.500000
vt 0.562500 0.500000
vt 0.541667 0.500000
vt 0.520833 0.500000
vt 0.604167 0.750000
vt 0.583333 0.750000
vt 0.562500 0.750000
vt 0.541667 0.750000
vt 0.520833 0.750000
vt 0.375000 0.000000
vt 0.375000 1.000000
vt 0.125000 0.750000
vt 0.625000 1.000000
vt 0.625000 0.000000
vt 0.375000 0.250000
vt 0.125000 0.500000
vt 0.625000 0.250000
vt 0.375000 0.750000
vt 0.375000 1.000000
vt 0.125000 0.750000
vt 0.875000 0.750000
vt 0.625000 1.000000
vt 0.625000 0.750000
vt 0.375000 0.500000
vt 0.375000 0.250000
vt 0.125000 0.500000
vt 0.875000 0.500000
vt 0.625000 0.250000
vt 0.625000 0.500000
vt 0.343047 0.500000
vt 0.375000 0.468047
vt 0.656953 0.500000
vt 0.625000 0.468047
vt 0.343047 0.750000
vt 0.375000 0.781953
vt 0.656953 0.750000
vt 0.625000 0.781953
vt 0.625000 0.500000
vt 0.375000 0.500000
vt 0.625000 0.750000
vt 0.375000 0.750000
vt 0.223522 0.500000
vt 0.375000 0.348522
vt 0.776478 0.750000
vt 0.625000 0.901478
vt 0.223522 0.750000
vt 0.375000 0.901478
vt 0.776478 0.500000
vt 0.625000 0.348522
vt 0.204834 0.500000
vt 0.375000 0.329834
vt 0.795166 0.750000
vt 0.625000 0.920166
vt 0.204834 0.750000
vt 0.375000 0.920166
vt 0.625000 0.329834
vt 0.795166 0.500000
vt 0.196164 0.500000
vt 0.375000 0.321164
vt 0.180197 0.500000
vt 0.375000 0.305197
vt 0.164230 0.500000
vt 0.375000 0.289230
vt 0.148263 0.500000
vt 0.375000 0.273263
vt 0.625000 0.928836
vt 0.803836 0.750000
vt 0.625000 0.944803
vt 0.819803 0.750000
vt 0.625000 0.960770
vt 0.835770 0.750000
vt 0.851737 0.750000
vt 0.625000 0.976737
vt 0.148263 0.750000
vt 0.375000 0.976737
vt 0.164230 0.750000
vt 0.375000 0.960770
vt 0.180197 0.750000
vt 0.375000 0.944803
vt 0.196164 0.750000
vt 0.375000 0.928836
vt 0.851737 0.500000
vt 0.625000 0.273263
vt 0.625000 0.289230
vt 0.835770 0.500000
vt 0.625000 0.305197
vt 0.819803 0.500000
vt 0.803836 0.500000
vt 0.625000 0.321164
vt 0.208572 0.750000
vt 0.375000 0.916428
vt 0.212309 0.750000
vt 0.375000 0.912691
vt 0.216047 0.750000
vt 0.375000 0.908953
vt 0.219784 0.750000
vt 0.375000 0.905216
vt 0.791428 0.500000
vt 0.625000 0.333572
vt 0.787691 0.500000
vt 0.625000 0.337309
vt 0.783953 0.500000
vt 0.625000 0.341047
vt 0.780216 0.500000
vt 0.625000 0.344784
vt 0.219784 0.500000
vt 0.375000 0.344784
vt 0.216047 0.500000
vt 0.375000 0.341047
vt 0.212309 0.500000
vt 0.375000 0.337309
vt 0.208572 0.500000
vt 0.375000 0.333572
vt 0.780216 0.750000
vt 0.625000 0.905216
vt 0.783953 0.750000
vt 0.625000 0.908953
vt 0.787691 0.750000
vt 0.625000 0.912691
vt 0.791428 0.750000
vt 0.625000 0.916428
vt 0.198331 0.750000
vt 0.375000 0.926669
vt 0.200499 0.750000
vt 0.375000 0.924501
vt 0.202667 0.750000
vt 0.375000 0.922333
vt 0.801669 0.500000
vt 0.625000 0.323331
vt 0.799501 0.500000
vt 0.625000 0.325499
vt 0.797333 0.500000
vt 0.625000 0.327667
vt 0.202667 0.500000
vt 0.375000 0.327666
vt 0.200499 0.500000
vt 0.375000 0.325499
vt 0.198331 0.500000
vt 0.375000 0.323331
vt 0.797333 0.750000
vt 0.625000 0.922333
vt 0.799501 0.750000
vt 0.625000 0.924501
vt 0.801669 0.750000
vt 0.625000 0.926669
vt 0.362669 0.750000
vt 0.375000 0.762331
vt 0.637331 0.500000
vt 0.625000 0.487669
vt 0.362669 0.500000
vt 0.375000 0.487669
vt 0.637331 0.750000
vt 0.625000 0.762331
vt 0.364724 0.750000
vt 0.375000 0.760276
vt 0.366779 0.750000
vt 0.375000 0.758221
vt 0.368834 0.750000
vt 0.375000 0.756166
vt 0.370890 0.750000
vt 0.375000 0.754110
vt 0.372945 0.750000
vt 0.375000 0.752055
vt 0.635276 0.500000
vt 0.625000 0.489724
vt 0.633221 0.500000
vt 0.625000 0.491779
vt 0.631166 0.500000
vt 0.625000 0.493834
vt 0.629110 0.500000
vt 0.625000 0.495890
vt 0.627055 0.500000
vt 0.625000 0.497945
vt 0.372945 0.500000
vt 0.375000 0.497945
vt 0.370890 0.500000
vt 0.375000 0.495890
vt 0.368834 0.500000
vt 0.375000 0.493834
vt 0.366779 0.500000
vt 0.375000 0.491779
vt 0.364724 0.500000
vt 0.375000 0.489724
vt 0.625000 0.752055
vt 0.627055 0.750000
vt 0.625000 0.754110
vt 0.629110 0.750000
vt 0.625000 0.756166
vt 0.631166 0.750000
vt 0.625000 0.758221
vt 0.633221 0.750000
vt 0.625000 0.760276
vt 0.635276 0.750000
vt 0.185119 0.500000
vt 0.375000 0.310119
vt 0.814881 0.750000
vt 0.625000 0.939881
vt 0.814881 0.500000
vt 0.625000 0.310119
vt 0.185119 0.750000
vt 0.375000 0.939881
vt 0.625000 0.000000
vt 0.625000 1.000000
vt 0.625000 0.250000
vt 0.625000 0.939881
vt 0.814881 0.750000
vt 0.814881 0.500000
vt 0.625000 0.310119
vt 0.375000 0.268507
vt 0.143507 0.500000
vt 0.625000 0.981493
vt 0.625000 0.268507
vt 0.375000 0.981493
vt 0.143507 0.750000
vt 0.856493 0.750000
vt 0.625000 0.981493
vt 0.856493 0.500000
vt 0.625000 0.268507
vt 0.875000 0.750000
vt 0.625000 0.000000
vt 0.625000 1.000000
vt 0.875000 0.500000
vt 0.625000 0.250000
vt 0.625000 0.981493
vt 0.856493 0.750000
vt 0.856493 0.500000
vt 0.625000 0.268507
vt 0.616046 0.500000
vt 0.616046 0.750000
vt 0.616046 0.348522
vt 0.616046 0.901478
vt 0.616046 0.329834
vt 0.616046 0.920166
vt 0.616046 0.273263
vt 0.616046 0.289230
vt 0.616046 0.305197
vt 0.616046 0.321164
vt 0.616046 0.928836
vt 0.616046 0.944803
vt 0.616046 0.960770
vt 0.616045 0.976737
vt 0.616046 0.905216
vt 0.616046 0.908953
vt 0.616046 0.912691
vt 0.616046 0.916428
vt 0.616046 0.333572
vt 0.616046 0.337309
vt 0.616046 0.341047
vt 0.616046 0.344784
vt 0.616046 0.922334
vt 0.616046 0.924501
vt 0.616046 0.926669
vt 0.616046 0.323331
vt 0.616046 0.325499
vt 0.616046 0.327667
vt 0.616045 0.762331
vt 0.616046 0.487669
vt 0.616046 0.752055
vt 0.616046 0.754110
vt 0.616046 0.756166
vt 0.616046 0.758221
vt 0.616046 0.760276
vt 0.616045 0.489724
vt 0.616046 0.491779
vt 0.616046 0.493834
vt 0.616046 0.495890
vt 0.616046 0.497945
vt 0.386651 0.500000
vt 0.386651 0.750000
vt 0.386651 0.348522
vt 0.386651 0.901478
vt 0.386651 0.329834
vt 0.386651 0.920166
vt 0.386651 0.273263
vt 0.386651 0.289230
vt 0.386651 0.305197
vt 0.386651 0.321164
vt 0.386651 0.928836
vt 0.386651 0.944803
vt 0.386650 0.960770
vt 0.386651 0.976737
vt 0.386651 0.905216
vt 0.386651 0.908953
vt 0.386651 0.912691
vt 0.386651 0.916428
vt 0.386651 0.333572
vt 0.386651 0.337309
vt 0.386650 0.341047
vt 0.386651 0.344784
vt 0.386651 0.922333
vt 0.386651 0.924501
vt 0.386651 0.926669
vt 0.386651 0.323331
vt 0.386651 0.325499
vt 0.386651 0.327666
vt 0.386651 0.762331
vt 0.386651 0.487669
vt 0.386651 0.752055
vt 0.386651 0.754110
vt 0.386651 0.756166
vt 0.386651 0.758221
vt 0.386651 0.760276
vt 0.386651 0.489724
vt 0.386651 0.491779
vt 0.386651 0.493834
vt 0.386651 0.495890
vt 0.386651 0.497945
vt 0.600962 1.000000
vt 0.600962 0.000000
vt 0.600962 0.250000
vt 0.600962 0.781953
vt 0.600962 0.468047
vt 0.600962 0.310119
vt 0.600962 0.939881
vt 0.600962 0.268507
vt 0.600962 0.981493
vt 0.400386 0.250000
vt 0.400386 0.781953
vt 0.400386 0.468047
vt 0.400386 0.310119
vt 0.400386 0.939881
vt 0.400386 0.268507
vt 0.400386 0.981493
vt 0.400386 0.000000
vt 0.400386 1.000000
vt 0.375000 0.253337
vt 0.128337 0.500000
vt 0.625000 0.996663
vt 0.625000 0.996663
vt 0.625000 0.253337
vt 0.375000 0.996663
vt 0.128337 0.750000
vt 0.625000 0.253337
vt 0.871663 0.750000
vt 0.625000 0.996663
vt 0.625000 0.253337
vt 0.871663 0.500000
vt 0.600962 0.253337
vt 0.600962 0.996663
vt 0.400386 0.996663
vt 0.400386 0.253337
vt 0.625000 0.265866
vt 0.375000 0.984134
vt 0.140866 0.750000
vt 0.625000 0.265866
vt 0.859134 0.500000
vt 0.625000 0.265866
vt 0.600962 0.265866
vt 0.400386 0.265866
vt 0.375000 0.265866
vt 0.140866 0.500000
vt 0.625000 0.984134
vt 0.625000 0.984135
vt 0.859134 0.750000
vt 0.625000 0.984134
vt 0.600962 0.984135
vt 0.400386 0.984135
vt 0.625000 1.000000
vt 0.625000 0.000000
vt 0.625000 0.250000
vt 0.814881 0.750000
vt 0.625000 0.939881
vt 0.814881 0.500000
vt 0.625000 0.310119
vt 0.625000 0.268507
vt 0.625000 0.981493
vt 0.625000 0.996663
vt 0.625000 0.253337
vt 0.625000 0.265866
vt 0.625000 0.984135
vt 0.625000 0.307110
vt 0.375000 0.942890
vt 0.182110 0.750000
vt 0.817890 0.500000
vt 0.625000 0.307110
vt 0.375000 0.307110
vt 0.182110 0.500000
vt 0.625000 0.942890
vt 0.817890 0.750000
vt 0.625000 0.942890
vt 0.600962 0.942890
vt 0.600962 0.307110
vt 0.400386 0.307110
vt 0.400386 0.942890
vt 0.625000 0.307110
vt 0.625000 0.942890
vt 0.595952 0.750000
vt 0.595952 1.000000
vt 0.596255 0.250000
vt 0.596255 0.500000
vt 0.397887 0.750000
vt 0.397887 1.000000
vt 0.385600 0.250000
vt 0.385600 0.500000
vt 0.375000 1.000000
vt 0.375000 0.000000
vt 0.125000 0.750000
vt 0.875000 0.750000
vt 0.625000 0.000000
vt 0.625000 1.000000
vt 0.375000 0.250000
vt 0.125000 0.500000
vt 0.875000 0.500000
vt 0.625000 0.250000
vt 0.375000 0.750000
vt 0.625000 0.750000
vt 0.375000 0.500000
vt 0.625000 0.500000
vt 0.545653 1.000000
vt 0.545653 0.000000
vt 0.545653 0.250000
vt 0.545653 0.500000
vt 0.545653 0.750000
vt 0.552866 1.000000
vt 0.552866 0.000000
vt 0.560079 1.000000
vt 0.560079 0.000000
vt 0.567293 1.000000
vt 0.567293 0.000000
vt 0.574506 1.000000
vt 0.574506 0.000000
vt 0.581720 1.000000
vt 0.581720 0.000000
vt 0.588933 1.000000
vt 0.588933 0.000000
vt 0.596146 1.000000
vt 0.596146 0.000000
vt 0.603360 1.000000
vt 0.603360 0.000000
vt 0.610573 1.000000
vt 0.610573 0.000000
vt 0.617787 1.000000
vt 0.617787 0.000000
vt 0.617787 0.250000
vt 0.610573 0.250000
vt 0.603360 0.250000
vt 0.596146 0.250000
vt 0.588933 0.250000
vt 0.581720 0.250000
vt 0.574506 0.250000
vt 0.567293 0.250000
vt 0.560079 0.250000
vt 0.552866 0.250000
vt 0.617787 0.500000
vt 0.610573 0.500000
vt 0.603360 0.500000
vt 0.596146 0.500000
vt 0.588933 0.500000
vt 0.581720 0.500000
vt 0.574506 0.500000
vt 0.567293 0.500000
vt 0.560079 0.500000
vt 0.552866 0.500000
vt 0.617787 0.750000
vt 0.610573 0.750000
vt 0.603360 0.750000
vt 0.596146 0.750000
vt 0.588933 0.750000
vt 0.581720 0.750000
vt 0.574506 0.750000
vt 0.567293 0.750000
vt 0.560079 0.750000
vt 0.552866 0.750000
vt 0.526691 0.250000
vt 0.507730 0.250000
vt 0.488768 0.250000
vt 0.469807 0.250000
vt 0.450846 0.250000
vt 0.431884 0.250000
vt 0.412923 0.250000
vt 0.393961 0.250000
vt 0.526691 0.500000
vt 0.507730 0.500000
vt 0.488768 0.500000
vt 0.469807 0.500000
vt 0.450846 0.500000
vt 0.431884 0.500000
vt 0.412923 0.500000
vt 0.393961 0.500000
vt 0.526691 0.750000
vt 0.507730 0.750000
vt 0.488768 0.750000
vt 0.469807 0.750000
vt 0.450846 0.750000
vt 0.431884 0.750000
vt 0.412923 0.750000
vt 0.393961 0.750000
vt 0.393961 0.000000
vt 0.393961 1.000000
vt 0.412923 0.000000
vt 0.412923 1.000000
vt 0.431884 0.000000
vt 0.431884 1.000000
vt 0.450846 0.000000
vt 0.450846 1.000000
vt 0.469807 0.000000
vt 0.469807 1.000000
vt 0.488768 0.000000
vt 0.488768 1.000000
vt 0.507730 0.000000
vt 0.507730 1.000000
vt 0.526691 0.000000
vt 0.526691 1.000000
vt 0.389221 0.250000
vt 0.384481 0.250000
vt 0.379740 0.250000
vt 0.389221 0.500000
vt 0.384481 0.500000
vt 0.379740 0.500000
vt 0.389221 0.750000
vt 0.384481 0.750000
vt 0.379740 0.750000
vt 0.379740 1.000000
vt 0.379740 0.000000
vt 0.384481 1.000000
vt 0.384481 0.000000
vt 0.389221 1.000000
vt 0.389221 0.000000
vt 0.375000 0.475000
vt 0.350000 0.500000
vt 0.375000 0.450000
vt 0.325000 0.500000
vt 0.375000 0.425000
vt 0.300000 0.500000
vt 0.375000 0.400000
vt 0.275000 0.500000
vt 0.375000 0.375000
vt 0.250000 0.500000
vt 0.375000 0.350000
vt 0.225000 0.500000
vt 0.375000 0.325000
vt 0.200000 0.500000
vt 0.375000 0.300000
vt 0.175000 0.500000
vt 0.375000 0.275000
vt 0.150000 0.500000
vt 0.850000 0.500000
vt 0.625000 0.275000
vt 0.825000 0.500000
vt 0.625000 0.300000
vt 0.800000 0.500000
vt 0.625000 0.325000
vt 0.775000 0.500000
vt 0.625000 0.350000
vt 0.750000 0.500000
vt 0.625000 0.375000
vt 0.725000 0.500000
vt 0.625000 0.400000
vt 0.700000 0.500000
vt 0.625000 0.425000
vt 0.675000 0.500000
vt 0.625000 0.450000
vt 0.650000 0.500000
vt 0.625000 0.475000
vt 0.375000 0.975000
vt 0.150000 0.750000
vt 0.375000 0.950000
vt 0.175000 0.750000
vt 0.375000 0.925000
vt 0.200000 0.750000
vt 0.375000 0.900000
vt 0.225000 0.750000
vt 0.375000 0.875000
vt 0.250000 0.750000
vt 0.375000 0.850000
vt 0.275000 0.750000
vt 0.375000 0.825000
vt 0.300000 0.750000
vt 0.375000 0.800000
vt 0.325000 0.750000
vt 0.375000 0.775000
vt 0.350000 0.750000
vt 0.650000 0.750000
vt 0.625000 0.775000
vt 0.675000 0.750000
vt 0.625000 0.800000
vt 0.700000 0.750000
vt 0.625000 0.825000
vt 0.725000 0.750000
vt 0.625000 0.850000
vt 0.750000 0.750000
vt 0.625000 0.875000
vt 0.775000 0.750000
vt 0.625000 0.900000
vt 0.800000 0.750000
vt 0.625000 0.925000
vt 0.825000 0.750000
vt 0.625000 0.950000
vt 0.850000 0.750000
vt 0.625000 0.975000
vt 0.545653 0.775000
vt 0.545653 0.800000
vt 0.545653 0.825000
vt 0.545653 0.850000
vt 0.545653 0.875000
vt 0.545653 0.900000
vt 0.545653 0.925000
vt 0.545653 0.950000
vt 0.545653 0.975000
vt 0.545653 0.275000
vt 0.545653 0.300000
vt 0.545653 0.325000
vt 0.545653 0.350000
vt 0.545653 0.375000
vt 0.545653 0.400000
vt 0.545653 0.425000
vt 0.545653 0.450000
vt 0.545653 0.475000
vt 0.552866 0.775000
vt 0.552866 0.800000
vt 0.552866 0.825000
vt 0.552866 0.850000
vt 0.552866 0.875000
vt 0.552866 0.900000
vt 0.552866 0.925000
vt 0.552866 0.950000
vt 0.552866 0.975000
vt 0.560079 0.775000
vt 0.560079 0.800000
vt 0.560079 0.825000
vt 0.560079 0.850000
vt 0.560079 0.875000
vt 0.560079 0.900000
vt 0.560079 0.925000
vt 0.560079 0.950000
vt 0.560079 0.975000
vt 0.567293 0.775000
vt 0.567293 0.800000
vt 0.567293 0.825000
vt 0.567293 0.850000
vt 0.567293 0.875000
vt 0.567293 0.900000
vt 0.567293 0.925000
vt 0.567293 0.950000
vt 0.567293 0.975000
vt 0.574506 0.775000
vt 0.574506 0.800000
vt 0.574506 0.825000
vt 0.574506 0.850000
vt 0.574506 0.875000
vt 0.574506 0.900000
vt 0.574506 0.925000
vt 0.574506 0.950000
vt 0.574506 0.975000
vt 0.581720 0.775000
vt 0.581720 0.800000
vt 0.581720 0.825000
vt 0.581720 0.850000
vt 0.581720 0.875000
vt 0.581720 0.900000
vt 0.581720 0.925000
vt 0.581720 0.950000
vt 0.581720 0.975000
vt 0.588933 0.775000
vt 0.588933 0.800000
vt 0.588933 0.825000
vt 0.588933 0.850000
vt 0.588933 0.875000
vt 0.588933 0.900000
vt 0.588933 0.925000
vt 0.588933 0.950000
vt 0.588933 0.975000
vt 0.596146 0.775000
vt 0.596146 0.800000
vt 0.596146 0.825000
vt 0.596146 0.850000
vt 0.596146 0.875000
vt 0.596146 0.900000
vt 0.596146 0.925000
vt 0.596146 0.950000
vt 0.596146 0.975000
vt 0.603360 0.775000
vt 0.603360 0.800000
vt 0.603360 0.825000
vt 0.603360 0.850000
vt 0.603360 0.875000
vt 0.603360 0.900000
vt 0.603360 0.925000
vt 0.603360 0.950000
vt 0.603360 0.975000
vt 0.610573 0.775000
vt 0.610573 0.800000
vt 0.610573 0.825000
vt 0.610573 0.850000
vt 0.610573 0.875000
vt 0.610573 0.900000
vt 0.610573 0.925000
vt 0.610573 0.950000
vt 0.610573 0.975000
vt 0.617787 0.775000
vt 0.617787 0.800000
vt 0.617787 0.825000
vt 0.617787 0.850000
vt 0.617787 0.875000
vt 0.617787 0.900000
vt 0.617787 0.925000
vt 0.617787 0.950000
vt 0.617787 0.975000
vt 0.552866 0.275000
vt 0.552866 0.300000
vt 0.552866 0.325000
vt 0.552866 0.350000
vt 0.552866 0.375000
vt 0.552866 0.400000
vt 0.552866 0.425000
vt 0.552866 0.450000
vt 0.552866 0.475000
vt 0.560079 0.275000
vt 0.560079 0.300000
vt 0.560079 0.325000
vt 0.560079 0.350000
vt 0.560079 0.375000
vt 0.560079 0.400000
vt 0.560079 0.425000
vt 0.560079 0.450000
vt 0.560079 0.475000
vt 0.567293 0.275000
vt 0.567293 0.300000
vt 0.567293 0.325000
vt 0.567293 0.350000
vt 0.567293 0.375000
vt 0.567293 0.400000
vt 0.567293 0.425000
vt 0.567293 0.450000
vt 0.567293 0.475000
vt 0.574506 0.275000
vt 0.574506 0.300000
vt 0.574506 0.325000
vt 0.574506 0.350000
vt 0.574506 0.375000
vt 0.574506 0.400000
vt 0.574506 0.425000
vt 0.574506 0.450000
vt 0.574506 0.475000
vt 0.581719 0.275000
vt 0.581719 0.300000
vt 0.581719 0.325000
vt 0.581720 0.350000
vt 0.581720 0.375000
vt 0.581720 0.400000
vt 0.581720 0.425000
vt 0.581720 0.450000
vt 0.581720 0.475000
vt 0.588933 0.275000
vt 0.588933 0.300000
vt 0.588933 0.325000
vt 0.588933 0.350000
vt 0.588933 0.375000
vt 0.588933 0.400000
vt 0.588933 0.425000
vt 0.588933 0.450000
vt 0.588933 0.475000
vt 0.596146 0.275000
vt 0.596146 0.300000
vt 0.596146 0.325000
vt 0.596146 0.350000
vt 0.596146 0.375000
vt 0.596146 0.400000
vt 0.596146 0.425000
vt 0.596146 0.450000
vt 0.596146 0.475000
vt 0.603360 0.275000
vt 0.603360 0.300000
vt 0.603360 0.325000
vt 0.603360 0.350000
vt 0.603360 0.375000
vt 0.603360 0.400000
vt 0.603360 0.425000
vt 0.603360 0.450000
vt 0.603360 0.475000
vt 0.610573 0.275000
vt 0.610573 0.300000
vt 0.610573 0.325000
vt 0.610573 0.350000
vt 0.610573 0.375000
vt 0.610573 0.400000
vt 0.610573 0.425000
vt 0.610573 0.450000
vt 0.610573 0.475000
vt 0.617787 0.275000
vt 0.617787 0.300000
vt 0.617787 0.325000
vt 0.617787 0.350000
vt 0.617787 0.375000
vt 0.617787 0.400000
vt 0.617787 0.425000
vt 0.617787 0.450000
vt 0.617787 0.475000
vt 0.393961 0.275000
vt 0.393961 0.300000
vt 0.393961 0.325000
vt 0.393961 0.350000
vt 0.393961 0.375000
vt 0.393961 0.400000
vt 0.393961 0.425000
vt 0.393961 0.450000
vt 0.393961 0.475000
vt 0.412923 0.275000
vt 0.412923 0.300000
vt 0.412923 0.325000
vt 0.412923 0.350000
vt 0.412923 0.375000
vt 0.412923 0.400000
vt 0.412923 0.425000
vt 0.412923 0.450000
vt 0.412923 0.475000
vt 0.431884 0.275000
vt 0.431884 0.300000
vt 0.431884 0.325000
vt 0.431884 0.350000
vt 0.431884 0.375000
vt 0.431884 0.400000
vt 0.431884 0.425000
vt 0.431884 0.450000
vt 0.431884 0.475000
vt 0.450846 0.275000
vt 0.450846 0.300000
vt 0.450846 0.325000
vt 0.450846 0.350000
vt 0.450846 0.375000
vt 0.450846 0.400000
vt 0.450846 0.425000
vt 0.450846 0.450000
vt 0.450846 0.475000
vt 0.469807 0.275000
vt 0.469807 0.300000
vt 0.469807 0.325000
vt 0.469807 0.350000
vt 0.469807 0.375000
vt 0.469807 0.400000
vt 0.469807 0.425000
vt 0.469807 0.450000
vt 0.469807 0.475000
vt 0.488768 0.275000
vt 0.488768 0.300000
vt 0.488768 0.325000
vt 0.488768 0.350000
vt 0.488768 0.375000
vt 0.488768 0.400000
vt 0.488768 0.425000
vt 0.488768 0.450000
vt 0.488768 0.475000
vt 0.507730 0.275000
vt 0.507730 0.300000
vt 0.507730 0.325000
vt 0.507730 0.350000
vt 0.507730 0.375000
vt 0.507730 0.400000
vt 0.507730 0.425000
vt 0.507730 0.450000
vt 0.507730 0.475000
vt 0.526691 0.275000
vt 0.526691 0.300000
vt 0.526691 0.325000
vt 0.526691 0.350000
vt 0.526691 0.375000
vt 0.526691 0.400000
vt 0.526691 0.425000
vt 0.526691 0.450000
vt 0.526691 0.475000
vt 0.393961 0.775000
vt 0.393961 0.800000
vt 0.393961 0.825000
vt 0.393961 0.850000
vt 0.393961 0.875000
vt 0.393961 0.900000
vt 0.393961 0.925000
vt 0.393961 0.950000
vt 0.393961 0.975000
vt 0.412923 0.775000
vt 0.412923 0.800000
vt 0.412923 0.825000
vt 0.412923 0.850000
vt 0.412923 0.875000
vt 0.412923 0.900000
vt 0.412923 0.925000
vt 0.412923 0.950000
vt 0.412923 0.975000
vt 0.431884 0.775000
vt 0.431884 0.800000
vt 0.431884 0.825000
vt 0.431884 0.850000
vt 0.431884 0.875000
vt 0.431884 0.900000
vt 0.431884 0.925000
vt 0.431884 0.950000
vt 0.431884 0.975000
vt 0.450846 0.775000
vt 0.450846 0.800000
vt 0.450846 0.825000
vt 0.450846 0.850000
vt 0.450846 0.875000
vt 0.450846 0.900000
vt 0.450846 0.925000
vt 0.450846 0.950000
vt 0.450846 0.975000
vt 0.469807 0.775000
vt 0.469807 0.800000
vt 0.469807 0.825000
vt 0.469807 0.850000
vt 0.469807 0.875000
vt 0.469807 0.900000
vt 0.469807 0.925000
vt 0.469807 0.950000
vt 0.469807 0.975000
vt 0.488768 0.775000
vt 0.488768 0.800000
vt 0.488768 0.825000
vt 0.488768 0.850000
vt 0.488768 0.875000
vt 0.488768 0.900000
vt 0.488768 0.925000
vt 0.488768 0.950000
vt 0.488768 0.975000
vt 0.507730 0.775000
vt 0.507730 0.800000
vt 0.507730 0.825000
vt 0.507730 0.850000
vt 0.507730 0.875000
vt 0.507730 0.900000
vt 0.507730 0.925000
vt 0.507730 0.950000
vt 0.507730 0.975000
vt 0.526691 0.775000
vt 0.526691 0.800000
vt 0.526691 0.825000
vt 0.526691 0.850000
vt 0.526691 0.875000
vt 0.526691 0.900000
vt 0.526691 0.925000
vt 0.526691 0.950000
vt 0.526691 0.975000
vt 0.379740 0.775000
vt 0.379740 0.800000
vt 0.379740 0.825000
vt 0.379740 0.850000
vt 0.379740 0.875000
vt 0.379740 0.900000
vt 0.379740 0.925000
vt 0.379740 0.950000
vt 0.379740 0.975000
vt 0.384481 0.775000
vt 0.384481 0.800000
vt 0.384481 0.825000
vt 0.384481 0.850000
vt 0.384481 0.875000
vt 0.384481 0.900000
vt 0.384481 0.925000
vt 0.384481 0.950000
vt 0.384481 0.975000
vt 0.389221 0.775000
vt 0.389221 0.800000
vt 0.389221 0.825000
vt 0.389221 0.850000
vt 0.389221 0.875000
vt 0.389221 0.900000
vt 0.389221 0.925000
vt 0.389221 0.950000
vt 0.389221 0.975000
vt 0.379740 0.275000
vt 0.379740 0.300000
vt 0.379740 0.325000
vt 0.379740 0.350000
vt 0.379740 0.375000
vt 0.379740 0.400000
vt 0.379740 0.425000
vt 0.379740 0.450000
vt 0.379740 0.475000
vt 0.384481 0.275000
vt 0.384481 0.300000
vt 0.384481 0.325000
vt 0.384481 0.350000
vt 0.384481 0.375000
vt 0.384481 0.400000
vt 0.384481 0.425000
vt 0.384481 0.450000
vt 0.384481 0.475000
vt 0.389221 0.275000
vt 0.389221 0.300000
vt 0.389221 0.325000
vt 0.389221 0.350000
vt 0.389221 0.375000
vt 0.389221 0.400000
vt 0.389221 0.425000
vt 0.389221 0.450000
vt 0.389221 0.475000
vt 0.375000 1.000000
vt 0.375000 0.000000
vt 0.625000 0.000000
vt 0.625000 1.000000
vt 0.875000 0.750000
vt 0.375000 0.250000
vt 0.625000 0.250000
vt 0.875000 0.500000
vt 0.375000 0.750000
vt 0.625000 0.750000
vt 0.375000 0.500000
vt 0.625000 0.500000
vt 0.375000 0.250000
vt 0.375000 0.000000
vt 0.375000 1.000000
vt 0.375000 0.500000
vt 0.375000 0.750000
vt 0.375000 0.250000
vt 0.375000 1.000000
vt 0.375000 0.000000
vt 0.375000 0.500000
vt 0.375000 0.750000
vt 0.375000 0.250000
vt 0.375000 0.000000
vt 0.375000 1.000000
vt 0.375000 0.500000
vt 0.375000 0.750000
vt 0.375000 0.250000
vt 0.375000 0.000000
vt 0.375000 1.000000
vt 0.375000 0.500000
vt 0.375000 0.750000
vt 0.375000 0.250000
vt 0.375000 1.000000
vt 0.375000 0.000000
vt 0.375000 0.500000
vt 0.375000 0.750000
vt 0.375000 0.250000
vt 0.375000 0.000000
vt 0.375000 1.000000
vt 0.375000 0.500000
vt 0.375000 0.750000
vt 0.375000 0.250000
vt 0.375000 0.000000
vt 0.375000 1.000000
vt 0.375000 0.500000
vt 0.375000 0.750000
vt 0.375000 0.250000
vt 0.375000 1.000000
vt 0.375000 0.000000
vt 0.375000 0.500000
vt 0.375000 0.750000
vt 0.375000 0.250000
vt 0.375000 0.000000
vt 0.375000 1.000000
vt 0.375000 0.500000
vt 0.375000 0.750000
vt 0.375000 0.250000
vt 0.375000 1.000000
vt 0.375000 0.000000
vt 0.375000 0.500000
vt 0.375000 0.750000
vt 0.375000 0.250000
vt 0.375000 0.000000
vt 0.375000 1.000000
vt 0.375000 0.500000
vt 0.375000 0.750000
vt 0.375000 0.250000
vt 0.375000 0.000000
vt 0.375000 1.000000
vt 0.375000 0.500000
vt 0.375000 0.750000
vt 0.375000 0.250000
vt 0.375000 0.000000
vt 0.375000 1.000000
vt 0.375000 0.500000
vt 0.375000 0.750000
vt 0.375000 0.250000
vt 0.375000 1.000000
vt 0.375000 0.000000
vt 0.375000 0.500000
vt 0.375000 0.750000
vt 0.375000 0.250000
vt 0.375000 0.000000
vt 0.375000 1.000000
vt 0.375000 0.500000
vt 0.375000 0.750000
vt 0.375000 0.250000
vt 0.375000 0.000000
vt 0.375000 1.000000
vt 0.375000 0.500000
vt 0.375000 0.750000
vt 0.125000 0.500000
vt 0.375000 0.250000
vt 0.125000 0.750000
vt 0.375000 0.000000
vt 0.375000 1.000000
vt 0.375000 0.500000
vt 0.375000 0.750000
vt 0.125000 0.750000
vt 0.375000 1.000000
vt 0.375000 0.000000
vt 0.625000 0.000000
vt 0.625000 1.000000
vt 0.875000 0.750000
vt 0.125000 0.500000
vt 0.375000 0.250000
vt 0.875000 0.500000
vt 0.625000 0.250000
vt 0.375000 0.750000
vt 0.625000 0.750000
vt 0.375000 0.500000
vt 0.625000 0.500000
vt 0.285705 0.500000
vt 0.375000 0.410705
vt 0.714295 0.500000
vt 0.625000 0.410705
vt 0.285705 0.750000
vt 0.375000 0.839295
vt 0.714295 0.750000
vt 0.625000 0.839295
vt 0.578333 1.000000
vt 0.578333 0.000000
vt 0.578333 0.250000
vt 0.578333 0.500000
vt 0.578333 0.750000
vt 0.578333 0.839295
vt 0.578333 0.410705
vt 0.625000 0.410705
vt 0.714295 0.500000
vt 0.625000 0.500000
vt 0.625000 0.750000
vt 0.625000 0.839295
vt 0.714295 0.750000
vt 0.625000 0.750000
vt 0.714295 0.750000
vt 0.625000 0.839295
vt 0.714295 0.500000
vt 0.625000 0.410705
vt 0.625000 0.500000
vt 0.593889 1.000000
vt 0.593889 0.000000
vt 0.609444 1.000000
vt 0.609444 0.000000
vt 0.609444 0.250000
vt 0.593889 0.250000
vt 0.609444 0.500000
vt 0.593889 0.500000
vt 0.609444 0.750000
vt 0.593889 0.750000
vt 0.609444 0.839295
vt 0.593889 0.839295
vt 0.609444 0.410705
vt 0.593889 0.410705
vt 0.125000 0.750000
vt 0.375000 1.000000
vt 0.375000 0.000000
vt 0.875000 0.750000
vt 0.625000 1.000000
vt 0.625000 0.000000
vt 0.375000 0.250000
vt 0.125000 0.500000
vt 0.875000 0.500000
vt 0.625000 0.250000
vt 0.375000 0.750000
vt 0.625000 0.750000
vt 0.375000 0.500000
vt 0.625000 0.500000
vt 0.375000 0.266437
vt 0.141437 0.500000
vt 0.858563 0.500000
vt 0.625000 0.266437
vt 0.141437 0.750000
vt 0.375000 0.983563
vt 0.858563 0.750000
vt 0.625000 0.983563
vt 0.375000 0.258218
vt 0.133218 0.500000
vt 0.866782 0.750000
vt 0.625000 0.991782
vt 0.866782 0.500000
vt 0.625000 0.258218
vt 0.133218 0.750000
vt 0.375000 0.991782
vt 0.659139 0.500000
vt 0.625000 0.465861
vt 0.340861 0.750000
vt 0.375000 0.784139
vt 0.375000 0.465861
vt 0.340861 0.500000
vt 0.659139 0.750000
vt 0.625000 0.784139
vt 0.652311 0.500000
vt 0.625000 0.472689
vt 0.645483 0.500000
vt 0.625000 0.479517
vt 0.638655 0.500000
vt 0.625000 0.486344
vt 0.631828 0.500000
vt 0.625000 0.493172
vt 0.347689 0.750000
vt 0.375000 0.777311
vt 0.354517 0.750000
vt 0.375000 0.770483
vt 0.361344 0.750000
vt 0.375000 0.763655
vt 0.368172 0.750000
vt 0.375000 0.756828
vt 0.375000 0.493172
vt 0.368172 0.500000
vt 0.375000 0.486344
vt 0.361344 0.500000
vt 0.375000 0.479517
vt 0.354517 0.500000
vt 0.375000 0.472689
vt 0.347689 0.500000
vt 0.631828 0.750000
vt 0.625000 0.756828
vt 0.638656 0.750000
vt 0.625000 0.763656
vt 0.645483 0.750000
vt 0.625000 0.770483
vt 0.652311 0.750000
vt 0.625000 0.777311
vt 0.375000 0.401471
vt 0.276471 0.500000
vt 0.723529 0.750000
vt 0.625000 0.848529
vt 0.625000 0.401471
vt 0.723529 0.500000
vt 0.276471 0.750000
vt 0.375000 0.848529
vt 0.717676 0.500000
vt 0.625000 0.407324
vt 0.711822 0.500000
vt 0.625000 0.413178
vt 0.705968 0.500000
vt 0.625000 0.419032
vt 0.700114 0.500000
vt 0.625000 0.424885
vt 0.694261 0.500000
vt 0.625000 0.430739
vt 0.688407 0.500000
vt 0.625000 0.436593
vt 0.682554 0.500000
vt 0.625000 0.442447
vt 0.676700 0.500000
vt 0.625000 0.448300
vt 0.670846 0.500000
vt 0.625000 0.454154
vt 0.664992 0.500000
vt 0.625000 0.460008
vt 0.282324 0.750000
vt 0.375000 0.842676
vt 0.288178 0.750000
vt 0.375000 0.836822
vt 0.294032 0.750000
vt 0.375000 0.830968
vt 0.299885 0.750000
vt 0.375000 0.825115
vt 0.305739 0.750000
vt 0.375000 0.819261
vt 0.311593 0.750000
vt 0.375000 0.813407
vt 0.317447 0.750000
vt 0.375000 0.807554
vt 0.323300 0.750000
vt 0.375000 0.801700
vt 0.329154 0.750000
vt 0.375000 0.795846
vt 0.335008 0.750000
vt 0.375000 0.789992
vt 0.375000 0.460008
vt 0.335008 0.500000
vt 0.375000 0.454154
vt 0.329154 0.500000
vt 0.375000 0.448300
vt 0.323300 0.500000
vt 0.375000 0.442446
vt 0.317447 0.500000
vt 0.375000 0.436593
vt 0.311593 0.500000
vt 0.375000 0.430739
vt 0.305739 0.500000
vt 0.375000 0.424885
vt 0.299885 0.500000
vt 0.375000 0.419032
vt 0.294032 0.500000
vt 0.375000 0.413178
vt 0.288178 0.500000
vt 0.375000 0.407324
vt 0.282324 0.500000
vt 0.664992 0.750000
vt 0.625000 0.789992
vt 0.670846 0.750000
vt 0.625000 0.795846
vt 0.676700 0.750000
vt 0.625000 0.801700
vt 0.682554 0.750000
vt 0.625000 0.807553
vt 0.688407 0.750000
vt 0.625000 0.813407
vt 0.694261 0.750000
vt 0.625000 0.819261
vt 0.700114 0.750000
vt 0.625000 0.825115
vt 0.705968 0.750000
vt 0.625000 0.830968
vt 0.711822 0.750000
vt 0.625000 0.836822
vt 0.717676 0.750000
vt 0.625000 0.842676
vt 0.375000 0.355891
vt 0.230891 0.500000
vt 0.769109 0.750000
vt 0.625000 0.894109
vt 0.625000 0.355891
vt 0.769109 0.500000
vt 0.230891 0.750000
vt 0.375000 0.894109
vt 0.625000 0.360449
vt 0.764551 0.500000
vt 0.625000 0.365007
vt 0.759993 0.500000
vt 0.625000 0.369565
vt 0.755435 0.500000
vt 0.625000 0.374123
vt 0.750877 0.500000
vt 0.625000 0.378681
vt 0.746319 0.500000
vt 0.625000 0.383239
vt 0.741761 0.500000
vt 0.625000 0.387797
vt 0.737203 0.500000
vt 0.625000 0.392355
vt 0.732645 0.500000
vt 0.625000 0.396913
vt 0.728087 0.500000
vt 0.235449 0.750000
vt 0.375000 0.889551
vt 0.240007 0.750000
vt 0.375000 0.884993
vt 0.244565 0.750000
vt 0.375000 0.880435
vt 0.249123 0.750000
vt 0.375000 0.875877
vt 0.253681 0.750000
vt 0.375000 0.871319
vt 0.258239 0.750000
vt 0.375000 0.866761
vt 0.262797 0.750000
vt 0.375000 0.862203
vt 0.267355 0.750000
vt 0.375000 0.857645
vt 0.271913 0.750000
vt 0.375000 0.853087
vt 0.375000 0.396913
vt 0.271913 0.500000
vt 0.375000 0.392355
vt 0.267355 0.500000
vt 0.375000 0.387797
vt 0.262797 0.500000
vt 0.375000 0.383239
vt 0.258239 0.500000
vt 0.375000 0.378681
vt 0.253681 0.500000
vt 0.375000 0.374123
vt 0.249123 0.500000
vt 0.375000 0.369565
vt 0.244565 0.500000
vt 0.375000 0.365007
vt 0.240007 0.500000
vt 0.375000 0.360449
vt 0.235449 0.500000
vt 0.728087 0.750000
vt 0.625000 0.853087
vt 0.732645 0.750000
vt 0.625000 0.857645
vt 0.737203 0.750000
vt 0.625000 0.862203
vt 0.741761 0.750000
vt 0.625000 0.866761
vt 0.746319 0.750000
vt 0.625000 0.871319
vt 0.750877 0.750000
vt 0.625000 0.875877
vt 0.755435 0.750000
vt 0.625000 0.880435
vt 0.759993 0.750000
vt 0.625000 0.884993
vt 0.764551 0.750000
vt 0.625000 0.889551
vt 0.375000 0.279821
vt 0.154821 0.500000
vt 0.625000 0.970179
vt 0.845179 0.750000
vt 0.625000 0.279821
vt 0.845179 0.500000
vt 0.154821 0.750000
vt 0.375000 0.970179
vt 0.625000 0.334084
vt 0.790916 0.500000
vt 0.209084 0.750000
vt 0.375000 0.915916
vt 0.375000 0.334084
vt 0.209084 0.500000
vt 0.790916 0.750000
vt 0.625000 0.915916
vt 0.375000 0.329910
vt 0.204910 0.500000
vt 0.375000 0.325736
vt 0.200736 0.500000
vt 0.375000 0.321562
vt 0.196562 0.500000
vt 0.375000 0.317388
vt 0.192388 0.500000
vt 0.375000 0.313214
vt 0.188214 0.500000
vt 0.375000 0.309040
vt 0.184040 0.500000
vt 0.375000 0.304865
vt 0.179865 0.500000
vt 0.375000 0.300691
vt 0.175691 0.500000
vt 0.375000 0.296517
vt 0.171517 0.500000
vt 0.375000 0.292343
vt 0.167343 0.500000
vt 0.375000 0.288169
vt 0.163169 0.500000
vt 0.375000 0.283995
vt 0.158995 0.500000
vt 0.795090 0.750000
vt 0.625000 0.920090
vt 0.799264 0.750000
vt 0.625000 0.924264
vt 0.803438 0.750000
vt 0.625000 0.928438
vt 0.807612 0.750000
vt 0.625000 0.932612
vt 0.811786 0.750000
vt 0.625000 0.936786
vt 0.815960 0.750000
vt 0.625000 0.940961
vt 0.820135 0.750000
vt 0.625000 0.945135
vt 0.824309 0.750000
vt 0.625000 0.949309
vt 0.828483 0.750000
vt 0.625000 0.953483
vt 0.832657 0.750000
vt 0.625000 0.957657
vt 0.836831 0.750000
vt 0.625000 0.961831
vt 0.841005 0.750000
vt 0.625000 0.966005
vt 0.625000 0.283995
vt 0.841005 0.500000
vt 0.625000 0.288169
vt 0.836831 0.500000
vt 0.625000 0.292343
vt 0.832657 0.500000
vt 0.625000 0.296517
vt 0.828483 0.500000
vt 0.625000 0.300691
vt 0.824309 0.500000
vt 0.625000 0.304865
vt 0.820135 0.500000
vt 0.625000 0.309040
vt 0.815961 0.500000
vt 0.625000 0.313214
vt 0.811786 0.500000
vt 0.625000 0.317388
vt 0.807612 0.500000
vt 0.625000 0.321562
vt 0.803438 0.500000
vt 0.625000 0.325736
vt 0.799264 0.500000
vt 0.625000 0.329910
vt 0.795090 0.500000
vt 0.158995 0.750000
vt 0.375000 0.966005
vt 0.163169 0.750000
vt 0.375000 0.961831
vt 0.167343 0.750000
vt 0.375000 0.957657
vt 0.171517 0.750000
vt 0.375000 0.953483
vt 0.175691 0.750000
vt 0.375000 0.949309
vt 0.179865 0.750000
vt 0.375000 0.945135
vt 0.184040 0.750000
vt 0.375000 0.940961
vt 0.188214 0.750000
vt 0.375000 0.936786
vt 0.192388 0.750000
vt 0.375000 0.932612
vt 0.196562 0.750000
vt 0.375000 0.928438
vt 0.200736 0.750000
vt 0.375000 0.924264
vt 0.204910 0.750000
vt 0.375000 0.920090
vt 0.606351 1.000000
vt 0.606351 0.000000
vt 0.606351 0.250000
vt 0.606351 0.500000
vt 0.606351 0.750000
vt 0.606351 0.983563
vt 0.606351 0.266437
vt 0.606351 0.258218
vt 0.606351 0.991782
vt 0.606351 0.784139
vt 0.606351 0.465861
vt 0.606351 0.756828
vt 0.606351 0.763656
vt 0.606351 0.770483
vt 0.606351 0.777311
vt 0.606351 0.472689
vt 0.606351 0.479517
vt 0.606351 0.486344
vt 0.606351 0.493172
vt 0.606351 0.401471
vt 0.606351 0.848529
vt 0.606351 0.789992
vt 0.606351 0.795846
vt 0.606351 0.801700
vt 0.606351 0.807554
vt 0.606351 0.813407
vt 0.606351 0.819261
vt 0.606351 0.825115
vt 0.606351 0.830968
vt 0.606351 0.836822
vt 0.606351 0.842676
vt 0.606351 0.407324
vt 0.606351 0.413178
vt 0.606351 0.419032
vt 0.606351 0.424885
vt 0.606351 0.430739
vt 0.606351 0.436593
vt 0.606351 0.442447
vt 0.606351 0.448300
vt 0.606351 0.454154
vt 0.606351 0.460008
vt 0.606351 0.355891
vt 0.606351 0.894109
vt 0.606351 0.853087
vt 0.606351 0.857645
vt 0.606351 0.862203
vt 0.606351 0.866761
vt 0.606351 0.871319
vt 0.606351 0.875877
vt 0.606351 0.880435
vt 0.606351 0.884993
vt 0.606351 0.889551
vt 0.606351 0.360449
vt 0.606351 0.365007
vt 0.606351 0.369565
vt 0.606351 0.374123
vt 0.606351 0.378681
vt 0.606351 0.383239
vt 0.606351 0.387797
vt 0.606351 0.392355
vt 0.606351 0.396913
vt 0.606351 0.279821
vt 0.606351 0.970179
vt 0.606351 0.915916
vt 0.606351 0.334084
vt 0.606351 0.283995
vt 0.606351 0.288169
vt 0.606351 0.292343
vt 0.606351 0.296517
vt 0.606351 0.300691
vt 0.606351 0.304865
vt 0.606351 0.309040
vt 0.606351 0.313214
vt 0.606351 0.317388
vt 0.606351 0.321562
vt 0.606351 0.325736
vt 0.606351 0.329910
vt 0.606351 0.920090
vt 0.606351 0.924264
vt 0.606351 0.928438
vt 0.606351 0.932612
vt 0.606351 0.936787
vt 0.606351 0.940961
vt 0.606351 0.945135
vt 0.606351 0.949309
vt 0.606351 0.953483
vt 0.606351 0.957657
vt 0.606351 0.961831
vt 0.606351 0.966005
vt 0.392874 0.250000
vt 0.392874 0.500000
vt 0.392874 0.750000
vt 0.392874 0.983563
vt 0.392874 0.266437
vt 0.392874 0.258218
vt 0.392874 0.991782
vt 0.392874 0.784139
vt 0.392874 0.465861
vt 0.392874 0.756828
vt 0.392874 0.763655
vt 0.392874 0.770483
vt 0.392874 0.777311
vt 0.392874 0.472689
vt 0.392874 0.479517
vt 0.392874 0.486344
vt 0.392874 0.493172
vt 0.392874 0.401471
vt 0.392874 0.848529
vt 0.392874 0.789992
vt 0.392874 0.795846
vt 0.392874 0.801700
vt 0.392874 0.807554
vt 0.392874 0.813407
vt 0.392874 0.819261
vt 0.392874 0.825115
vt 0.392874 0.830968
vt 0.392874 0.836822
vt 0.392874 0.842676
vt 0.392874 0.407324
vt 0.392874 0.413178
vt 0.392874 0.419032
vt 0.392874 0.424885
vt 0.392874 0.430739
vt 0.392874 0.436593
vt 0.392874 0.442446
vt 0.392874 0.448300
vt 0.392874 0.454154
vt 0.392874 0.460008
vt 0.392874 0.355891
vt 0.392874 0.894109
vt 0.392874 0.853087
vt 0.392874 0.857645
vt 0.392874 0.862203
vt 0.392874 0.866761
vt 0.392874 0.871319
vt 0.392874 0.875877
vt 0.392874 0.880435
vt 0.392874 0.884993
vt 0.392874 0.889551
vt 0.392874 0.360449
vt 0.392874 0.365007
vt 0.392874 0.369565
vt 0.392874 0.374123
vt 0.392874 0.378681
vt 0.392874 0.383239
vt 0.392874 0.387797
vt 0.392874 0.392355
vt 0.392874 0.396913
vt 0.392874 0.279821
vt 0.392874 0.970179
vt 0.392874 0.915916
vt 0.392874 0.334084
vt 0.392874 0.283995
vt 0.392874 0.288169
vt 0.392874 0.292343
vt 0.392874 0.296517
vt 0.392874 0.300691
vt 0.392874 0.304865
vt 0.392874 0.309040
vt 0.392874 0.313214
vt 0.392874 0.317388
vt 0.392874 0.321562
vt 0.392874 0.325736
vt 0.392874 0.329910
vt 0.392874 0.920090
vt 0.392874 0.924264
vt 0.392874 0.928438
vt 0.392874 0.932612
vt 0.392874 0.936786
vt 0.392874 0.940961
vt 0.392874 0.945135
vt 0.392874 0.949309
vt 0.392874 0.953483
vt 0.392874 0.957657
vt 0.392874 0.961831
vt 0.392874 0.966005
vt 0.392874 1.000000
vt 0.392874 0.000000
vt 0.125000 0.726517
vt 0.375000 0.023483
vt 0.875000 0.726517
vt 0.625000 0.023483
vt 0.375000 0.726517
vt 0.625000 0.726517
vt 0.858563 0.726517
vt 0.141437 0.726517
vt 0.133218 0.726517
vt 0.866782 0.726517
vt 0.659139 0.726517
vt 0.340861 0.726517
vt 0.631828 0.726517
vt 0.638656 0.726517
vt 0.645483 0.726517
vt 0.652311 0.726517
vt 0.347689 0.726517
vt 0.354517 0.726517
vt 0.361345 0.726517
vt 0.368172 0.726517
vt 0.276471 0.726517
vt 0.723529 0.726517
vt 0.664992 0.726517
vt 0.670846 0.726517
vt 0.676700 0.726517
vt 0.682554 0.726517
vt 0.688407 0.726517
vt 0.694261 0.726517
vt 0.700114 0.726517
vt 0.705968 0.726517
vt 0.711822 0.726517
vt 0.717676 0.726517
vt 0.282324 0.726517
vt 0.288178 0.726517
vt 0.294032 0.726517
vt 0.299885 0.726517
vt 0.305739 0.726517
vt 0.311593 0.726517
vt 0.317447 0.726517
vt 0.323300 0.726517
vt 0.329154 0.726517
vt 0.335008 0.726517
vt 0.230891 0.726517
vt 0.769109 0.726517
vt 0.728087 0.726517
vt 0.732645 0.726517
vt 0.737203 0.726517
vt 0.741761 0.726517
vt 0.746319 0.726517
vt 0.750877 0.726517
vt 0.755435 0.726517
vt 0.759993 0.726517
vt 0.764551 0.726517
vt 0.235449 0.726517
vt 0.240007 0.726517
vt 0.244565 0.726517
vt 0.249123 0.726517
vt 0.253681 0.726517
vt 0.258239 0.726517
vt 0.262797 0.726517
vt 0.267355 0.726517
vt 0.271913 0.726517
vt 0.154821 0.726517
vt 0.845179 0.726517
vt 0.790916 0.726517
vt 0.209084 0.726517
vt 0.158995 0.726517
vt 0.163169 0.726517
vt 0.167343 0.726517
vt 0.171517 0.726517
vt 0.175691 0.726517
vt 0.179865 0.726517
vt 0.184040 0.726517
vt 0.188214 0.726517
vt 0.192388 0.726517
vt 0.196562 0.726517
vt 0.200736 0.726517
vt 0.204910 0.726517
vt 0.795090 0.726517
vt 0.799264 0.726517
vt 0.803438 0.726517
vt 0.807612 0.726517
vt 0.811786 0.726517
vt 0.815960 0.726517
vt 0.820135 0.726517
vt 0.824309 0.726517
vt 0.828483 0.726517
vt 0.832657 0.726517
vt 0.836831 0.726517
vt 0.841005 0.726517
vt 0.606351 0.726517
vt 0.606351 0.023483
vt 0.392874 0.023483
vt 0.392874 0.726517
vt 0.875000 0.520630
vt 0.625000 0.229370
vt 0.375000 0.520630
vt 0.606351 0.229370
vt 0.392874 0.229370
vt 0.125000 0.520630
vt 0.375000 0.229370
vt 0.625000 0.520630
vt 0.858563 0.520630
vt 0.141437 0.520630
vt 0.133218 0.520630
vt 0.866782 0.520630
vt 0.659139 0.520630
vt 0.340861 0.520630
vt 0.631828 0.520630
vt 0.638655 0.520630
vt 0.645483 0.520630
vt 0.652311 0.520630
vt 0.347689 0.520630
vt 0.354517 0.520630
vt 0.361345 0.520630
vt 0.368172 0.520630
vt 0.276471 0.520630
vt 0.723529 0.520630
vt 0.664992 0.520630
vt 0.670846 0.520630
vt 0.676700 0.520630
vt 0.682554 0.520630
vt 0.688407 0.520630
vt 0.694261 0.520630
vt 0.700114 0.520630
vt 0.705968 0.520630
vt 0.711822 0.520630
vt 0.717676 0.520630
vt 0.282324 0.520630
vt 0.288178 0.520630
vt 0.294032 0.520630
vt 0.299885 0.520630
vt 0.305739 0.520630
vt 0.311593 0.520630
vt 0.317447 0.520630
vt 0.323300 0.520630
vt 0.329154 0.520630
vt 0.335008 0.520630
vt 0.230891 0.520630
vt 0.769109 0.520630
vt 0.728087 0.520630
vt 0.732645 0.520630
vt 0.737203 0.520630
vt 0.741761 0.520630
vt 0.746319 0.520630
vt 0.750877 0.520630
vt 0.755435 0.520630
vt 0.759993 0.520630
vt 0.764551 0.520630
vt 0.235449 0.520630
vt 0.240007 0.520630
vt 0.244565 0.520630
vt 0.249123 0.520630
vt 0.253681 0.520630
vt 0.258239 0.520630
vt 0.262797 0.520630
vt 0.267355 0.520630
vt 0.271913 0.520630
vt 0.154821 0.520630
vt 0.845179 0.520630
vt 0.790916 0.520630
vt 0.209084 0.520630
vt 0.158995 0.520630
vt 0.163169 0.520630
vt 0.167343 0.520630
vt 0.171517 0.520630
vt 0.175691 0.520630
vt 0.179865 0.520630
vt 0.184040 0.520630
vt 0.188214 0.520630
vt 0.192388 0.520630
vt 0.196562 0.520630
vt 0.200736 0.520630
vt 0.204910 0.520630
vt 0.795090 0.520630
vt 0.799264 0.520630
vt 0.803438 0.520630
vt 0.807612 0.520630
vt 0.811786 0.520630
vt 0.815961 0.520630
vt 0.820135 0.520630
vt 0.824309 0.520630
vt 0.828483 0.520630
vt 0.832657 0.520630
vt 0.836831 0.520630
vt 0.841005 0.520630
vt 0.606351 0.520630
vt 0.392874 0.520630
vt 1.000000 0.500000
vt 0.000000 0.500000
vt 0.750000 0.490000
vt 1.000000 1.000000
vt 0.250000 0.490000
vt 0.000000 1.000000
vt 0.984375 0.500000
vt 0.773524 0.488844
vt 0.984375 1.000000
vt 0.273524 0.488844
vt 0.968750 0.500000
vt 0.796822 0.485388
vt 0.968750 1.000000
vt 0.296822 0.485388
vt 0.953125 0.500000
vt 0.819668 0.479666
vt 0.953125 1.000000
vt 0.319668 0.479666
vt 0.937500 0.500000
vt 0.841844 0.471731
vt 0.937500 1.000000
vt 0.341844 0.471731
vt 0.921875 0.500000
vt 0.863135 0.461661
vt 0.921875 1.000000
vt 0.363135 0.461661
vt 0.906250 0.500000
vt 0.883337 0.449553
vt 0.906250 1.000000
vt 0.383337 0.449553
vt 0.890625 0.500000
vt 0.902254 0.435522
vt 0.890625 1.000000
vt 0.402254 0.435522
vt 0.875000 0.500000
vt 0.919706 0.419706
vt 0.875000 1.000000
vt 0.419706 0.419706
vt 0.859375 0.500000
vt 0.935522 0.402254
vt 0.859375 1.000000
vt 0.435522 0.402254
vt 0.843750 0.500000
vt 0.949553 0.383337
vt 0.843750 1.000000
vt 0.449553 0.383337
vt 0.828125 0.500000
vt 0.961661 0.363135
vt 0.828125 1.000000
vt 0.461661 0.363135
vt 0.812500 0.500000
vt 0.971731 0.341844
vt 0.812500 1.000000
vt 0.471731 0.341844
vt 0.796875 0.500000
vt 0.979666 0.319668
vt 0.796875 1.000000
vt 0.479666 0.319668
vt 0.781250 0.500000
vt 0.985388 0.296822
vt 0.781250 1.000000
vt 0.485388 0.296822
vt 0.765625 0.500000
vt 0.988844 0.273524
vt 0.765625 1.000000
vt 0.488844 0.273524
vt 0.750000 0.500000
vt 0.990000 0.250000
vt 0.750000 1.000000
vt 0.490000 0.250000
vt 0.734375 0.500000
vt 0.988844 0.226476
vt 0.734375 1.000000
vt 0.488844 0.226476
vt 0.718750 0.500000
vt 0.985388 0.203178
vt 0.718750 1.000000
vt 0.485388 0.203178
vt 0.703125 0.500000
vt 0.979666 0.180332
vt 0.703125 1.000000
vt 0.479666 0.180332
vt 0.687500 0.500000
vt 0.971731 0.158156
vt 0.687500 1.000000
vt 0.471731 0.158156
vt 0.671875 0.500000
vt 0.961661 0.136865
vt 0.671875 1.000000
vt 0.461661 0.136865
vt 0.656250 0.500000
vt 0.949553 0.116663
vt 0.656250 1.000000
vt 0.449553 0.116663
vt 0.640625 0.500000
vt 0.935522 0.097746
vt 0.640625 1.000000
vt 0.435522 0.097746
vt 0.625000 0.500000
vt 0.919706 0.080294
vt 0.625000 1.000000
vt 0.419706 0.080294
vt 0.609375 0.500000
vt 0.902254 0.064478
vt 0.609375 1.000000
vt 0.402254 0.064478
vt 0.593750 0.500000
vt 0.883337 0.050447
vt 0.593750 1.000000
vt 0.383337 0.050447
vt 0.578125 0.500000
vt 0.863135 0.038339
vt 0.578125 1.000000
vt 0.363135 0.038339
vt 0.562500 0.500000
vt 0.841844 0.028269
vt 0.562500 1.000000
vt 0.341844 0.028269
vt 0.546875 0.500000
vt 0.819668 0.020334
vt 0.546875 1.000000
vt 0.319668 0.020334
vt 0.531250 0.500000
vt 0.796822 0.014612
vt 0.531250 1.000000
vt 0.296822 0.014612
vt 0.515625 0.500000
vt 0.773524 0.011156
vt 0.515625 1.000000
vt 0.273524 0.011156
vt 0.500000 0.500000
vt 0.750000 0.010000
vt 0.500000 1.000000
vt 0.250000 0.010000
vt 0.484375 0.500000
vt 0.726476 0.011156
vt 0.484375 1.000000
vt 0.226476 0.011156
vt 0.468750 0.500000
vt 0.703178 0.014612
vt 0.468750 1.000000
vt 0.203178 0.014612
vt 0.453125 0.500000
vt 0.680332 0.020334
vt 0.453125 1.000000
vt 0.180332 0.020334
vt 0.437500 0.500000
vt 0.658156 0.028269
vt 0.437500 1.000000
vt 0.158156 0.028269
vt 0.421875 0.500000
vt 0.636865 0.038339
vt 0.421875 1.000000
vt 0.136865 0.038339
vt 0.406250 0.500000
vt 0.616663 0.050447
vt 0.406250 1.000000
vt 0.116663 0.050447
vt 0.390625 0.500000
vt 0.597746 0.064478
vt 0.390625 1.000000
vt 0.097746 0.064478
vt 0.375000 0.500000
vt 0.580294 0.080294
vt 0.375000 1.000000
vt 0.080294 0.080294
vt 0.359375 0.500000
vt 0.564478 0.097746
vt 0.359375 1.000000
vt 0.064478 0.097746
vt 0.343750 0.500000
vt 0.550447 0.116663
vt 0.343750 1.000000
vt 0.050447 0.116663
vt 0.328125 0.500000
vt 0.538339 0.136865
vt 0.328125 1.000000
vt 0.038339 0.136865
vt 0.312500 0.500000
vt 0.528269 0.158156
vt 0.312500 1.000000
vt 0.028269 0.158156
vt 0.296875 0.500000
vt 0.520334 0.180332
vt 0.296875 1.000000
vt 0.020334 0.180332
vt 0.281250 0.500000
vt 0.514612 0.203178
vt 0.281250 1.000000
vt 0.014612 0.203178
vt 0.265625 0.500000
vt 0.511156 0.226476
vt 0.265625 1.000000
vt 0.011156 0.226476
vt 0.250000 0.500000
vt 0.510000 0.250000
vt 0.250000 1.000000
vt 0.010000 0.250000
vt 0.234375 0.500000
vt 0.511156 0.273524
vt 0.234375 1.000000
vt 0.011156 0.273524
vt 0.218750 0.500000
vt 0.514612 0.296822
vt 0.218750 1.000000
vt 0.014612 0.296822
vt 0.203125 0.500000
vt 0.520334 0.319668
vt 0.203125 1.000000
vt 0.020334 0.319668
vt 0.187500 0.500000
vt 0.528269 0.341844
vt 0.187500 1.000000
vt 0.028269 0.341844
vt 0.171875 0.500000
vt 0.538339 0.363135
vt 0.171875 1.000000
vt 0.038339 0.363135
vt 0.156250 0.500000
vt 0.550447 0.383337
vt 0.156250 1.000000
vt 0.050447 0.383337
vt 0.140625 0.500000
vt 0.564478 0.402254
vt 0.140625 1.000000
vt 0.064478 0.402254
vt 0.125000 0.500000
vt 0.580294 0.419706
vt 0.125000 1.000000
vt 0.080294 0.419706
vt 0.109375 0.500000
vt 0.597746 0.435522
vt 0.109375 1.000000
vt 0.097746 0.435522
vt 0.093750 0.500000
vt 0.616663 0.449553
vt 0.093750 1.000000
vt 0.116663 0.449553
vt 0.078125 0.500000
vt 0.636865 0.461661
vt 0.078125 1.000000
vt 0.136865 0.461661
vt 0.062500 0.500000
vt 0.658156 0.471731
vt 0.062500 1.000000
vt 0.158156 0.471731
vt 0.046875 0.500000
vt 0.680332 0.479666
vt 0.046875 1.000000
vt 0.180332 0.479666
vt 0.031250 0.500000
vt 0.703178 0.485388
vt 0.203178 0.485388
vt 0.031250 1.000000
vt 0.015625 0.500000
vt 0.726476 0.488844
vt 0.226476 0.488844
vt 0.015625 1.000000
vt 0.125000 0.750000
vt 0.375000 1.000000
vt 0.375000 0.000000
vt 0.625000 0.000000
vt 0.625000 1.000000
vt 0.875000 0.750000
vt 0.125000 0.500000
vt 0.375000 0.250000
vt 0.625000 0.250000
vt 0.875000 0.500000
vt 0.375000 0.750000
vt 0.625000 0.750000
vt 0.375000 0.500000
vt 0.625000 0.500000
vt 0.375000 0.346491
vt 0.221491 0.500000
vt 0.625000 0.346491
vt 0.778509 0.500000
vt 0.221491 0.750000
vt 0.375000 0.903509
vt 0.625000 0.903509
vt 0.778509 0.750000
vt 0.625000 0.393797
vt 0.731203 0.500000
vt 0.268797 0.750000
vt 0.375000 0.856203
vt 0.268797 0.500000
vt 0.375000 0.393797
vt 0.625000 0.856203
vt 0.731203 0.750000
vt 0.265643 0.500000
vt 0.375000 0.390643
vt 0.375000 0.387490
vt 0.262490 0.500000
vt 0.375000 0.384336
vt 0.259336 0.500000
vt 0.375000 0.381182
vt 0.256182 0.500000
vt 0.375000 0.378028
vt 0.253028 0.500000
vt 0.375000 0.374875
vt 0.249875 0.500000
vt 0.375000 0.371721
vt 0.246721 0.500000
vt 0.375000 0.368567
vt 0.243567 0.500000
vt 0.375000 0.365414
vt 0.240414 0.500000
vt 0.375000 0.362260
vt 0.237260 0.500000
vt 0.375000 0.359106
vt 0.234106 0.500000
vt 0.375000 0.355952
vt 0.230952 0.500000
vt 0.375000 0.352799
vt 0.227799 0.500000
vt 0.375000 0.349645
vt 0.224645 0.500000
vt 0.625000 0.859357
vt 0.734357 0.750000
vt 0.625000 0.862510
vt 0.737510 0.750000
vt 0.625000 0.865664
vt 0.740664 0.750000
vt 0.625000 0.868818
vt 0.743818 0.750000
vt 0.625000 0.871972
vt 0.746972 0.750000
vt 0.625000 0.875125
vt 0.750125 0.750000
vt 0.625000 0.878279
vt 0.753279 0.750000
vt 0.625000 0.881433
vt 0.756433 0.750000
vt 0.625000 0.884586
vt 0.759586 0.750000
vt 0.625000 0.887740
vt 0.762740 0.750000
vt 0.625000 0.890894
vt 0.765894 0.750000
vt 0.625000 0.894048
vt 0.769048 0.750000
vt 0.625000 0.897201
vt 0.772201 0.750000
vt 0.625000 0.900355
vt 0.775355 0.750000
vt 0.625000 0.349645
vt 0.775355 0.500000
vt 0.625000 0.352799
vt 0.772201 0.500000
vt 0.625000 0.355952
vt 0.769048 0.500000
vt 0.625000 0.359106
vt 0.765894 0.500000
vt 0.625000 0.362260
vt 0.762740 0.500000
vt 0.625000 0.365414
vt 0.759587 0.500000
vt 0.625000 0.368567
vt 0.756433 0.500000
vt 0.625000 0.371721
vt 0.753279 0.500000
vt 0.625000 0.374875
vt 0.750125 0.500000
vt 0.625000 0.378028
vt 0.746972 0.500000
vt 0.625000 0.381182
vt 0.743818 0.500000
vt 0.625000 0.384336
vt 0.740664 0.500000
vt 0.625000 0.387490
vt 0.737511 0.500000
vt 0.625000 0.390643
vt 0.734357 0.500000
vt 0.224645 0.750000
vt 0.375000 0.900355
vt 0.227799 0.750000
vt 0.375000 0.897201
vt 0.230952 0.750000
vt 0.375000 0.894048
vt 0.234106 0.750000
vt 0.375000 0.890894
vt 0.237260 0.750000
vt 0.375000 0.887740
vt 0.240414 0.750000
vt 0.375000 0.884586
vt 0.243567 0.750000
vt 0.375000 0.881433
vt 0.246721 0.750000
vt 0.375000 0.878279
vt 0.249875 0.750000
vt 0.375000 0.875125
vt 0.253028 0.750000
vt 0.375000 0.871972
vt 0.256182 0.750000
vt 0.375000 0.868818
vt 0.259336 0.750000
vt 0.375000 0.865664
vt 0.262490 0.750000
vt 0.375000 0.862510
vt 0.265643 0.750000
vt 0.375000 0.859357
vt 0.625000 0.472534
vt 0.652466 0.500000
vt 0.347534 0.750000
vt 0.375000 0.777466
vt 0.347534 0.500000
vt 0.375000 0.472534
vt 0.652466 0.750000
vt 0.625000 0.777466
vt 0.625000 0.475280
vt 0.649720 0.500000
vt 0.625000 0.478027
vt 0.646973 0.500000
vt 0.625000 0.480774
vt 0.644226 0.500000
vt 0.625000 0.483520
vt 0.641480 0.500000
vt 0.625000 0.486267
vt 0.638733 0.500000
vt 0.625000 0.489013
vt 0.635987 0.500000
vt 0.625000 0.491760
vt 0.633240 0.500000
vt 0.625000 0.494507
vt 0.630493 0.500000
vt 0.625000 0.497253
vt 0.627747 0.500000
vt 0.350280 0.750000
vt 0.375000 0.774720
vt 0.353027 0.750000
vt 0.375000 0.771973
vt 0.355774 0.750000
vt 0.375000 0.769226
vt 0.358520 0.750000
vt 0.375000 0.766480
vt 0.361267 0.750000
vt 0.375000 0.763733
vt 0.364013 0.750000
vt 0.375000 0.760987
vt 0.366760 0.750000
vt 0.375000 0.758240
vt 0.369507 0.750000
vt 0.375000 0.755493
vt 0.372253 0.750000
vt 0.375000 0.752747
vt 0.375000 0.497253
vt 0.372253 0.500000
vt 0.375000 0.494507
vt 0.369507 0.500000
vt 0.375000 0.491760
vt 0.366760 0.500000
vt 0.375000 0.489013
vt 0.364013 0.500000
vt 0.375000 0.486267
vt 0.361267 0.500000
vt 0.375000 0.483520
vt 0.358520 0.500000
vt 0.375000 0.480774
vt 0.355774 0.500000
vt 0.375000 0.478027
vt 0.353027 0.500000
vt 0.375000 0.475280
vt 0.350280 0.500000
vt 0.625000 0.752747
vt 0.627747 0.750000
vt 0.625000 0.755493
vt 0.630493 0.750000
vt 0.625000 0.758240
vt 0.633240 0.750000
vt 0.625000 0.760987
vt 0.635987 0.750000
vt 0.625000 0.763733
vt 0.638733 0.750000
vt 0.625000 0.766480
vt 0.641480 0.750000
vt 0.625000 0.769226
vt 0.644226 0.750000
vt 0.625000 0.771973
vt 0.646973 0.750000
vt 0.625000 0.774720
vt 0.649720 0.750000
vt 0.140664 0.500000
vt 0.375000 0.265664
vt 0.859336 0.750000
vt 0.625000 0.984336
vt 0.625000 0.265664
vt 0.859336 0.500000
vt 0.140664 0.750000
vt 0.375000 0.984336
vt 0.138426 0.500000
vt 0.375000 0.263426
vt 0.136189 0.500000
vt 0.375000 0.261189
vt 0.133951 0.500000
vt 0.375000 0.258951
vt 0.131713 0.500000
vt 0.375000 0.256713
vt 0.129475 0.500000
vt 0.375000 0.254475
vt 0.127238 0.500000
vt 0.375000 0.252238
vt 0.861574 0.750000
vt 0.625000 0.986574
vt 0.863811 0.750000
vt 0.625000 0.988811
vt 0.866049 0.750000
vt 0.625000 0.991049
vt 0.868287 0.750000
vt 0.625000 0.993287
vt 0.870525 0.750000
vt 0.625000 0.995525
vt 0.872762 0.750000
vt 0.625000 0.997762
vt 0.625000 0.252238
vt 0.872762 0.500000
vt 0.625000 0.254475
vt 0.870525 0.500000
vt 0.625000 0.256713
vt 0.868287 0.500000
vt 0.625000 0.258951
vt 0.866049 0.500000
vt 0.625000 0.261189
vt 0.863811 0.500000
vt 0.625000 0.263426
vt 0.861574 0.500000
vt 0.127238 0.750000
vt 0.375000 0.997762
vt 0.129475 0.750000
vt 0.375000 0.995525
vt 0.131713 0.750000
vt 0.375000 0.993287
vt 0.133951 0.750000
vt 0.375000 0.991049
vt 0.136189 0.750000
vt 0.375000 0.988811
vt 0.138426 0.750000
vt 0.375000 0.986574
vt 0.625000 0.326362
vt 0.798638 0.500000
vt 0.201362 0.750000
vt 0.375000 0.923638
vt 0.375000 0.326362
vt 0.201362 0.500000
vt 0.798638 0.750000
vt 0.625000 0.923638
vt 0.375000 0.277296
vt 0.152296 0.500000
vt 0.625000 0.972704
vt 0.847704 0.750000
vt 0.625000 0.277296
vt 0.847704 0.500000
vt 0.152296 0.750000
vt 0.375000 0.972704
vt 0.625000 0.279258
vt 0.845742 0.500000
vt 0.625000 0.281221
vt 0.843779 0.500000
vt 0.625000 0.283184
vt 0.841816 0.500000
vt 0.625000 0.285146
vt 0.839854 0.500000
vt 0.625000 0.287109
vt 0.837891 0.500000
vt 0.625000 0.289072
vt 0.835928 0.500000
vt 0.625000 0.291034
vt 0.833966 0.500000
vt 0.625000 0.292997
vt 0.832003 0.500000
vt 0.625000 0.294960
vt 0.830040 0.500000
vt 0.625000 0.296922
vt 0.828078 0.500000
vt 0.625000 0.298885
vt 0.826115 0.500000
vt 0.625000 0.300848
vt 0.824152 0.500000
vt 0.625000 0.302810
vt 0.822190 0.500000
vt 0.625000 0.304773
vt 0.820227 0.500000
vt 0.625000 0.306736
vt 0.818265 0.500000
vt 0.625000 0.308698
vt 0.816302 0.500000
vt 0.625000 0.310661
vt 0.814339 0.500000
vt 0.625000 0.312623
vt 0.812377 0.500000
vt 0.625000 0.314586
vt 0.810414 0.500000
vt 0.625000 0.316549
vt 0.808451 0.500000
vt 0.625000 0.318511
vt 0.806489 0.500000
vt 0.625000 0.320474
vt 0.804526 0.500000
vt 0.625000 0.322437
vt 0.802563 0.500000
vt 0.625000 0.324399
vt 0.800601 0.500000
vt 0.154258 0.750000
vt 0.375000 0.970742
vt 0.156221 0.750000
vt 0.375000 0.968779
vt 0.158184 0.750000
vt 0.375000 0.966816
vt 0.160146 0.750000
vt 0.375000 0.964854
vt 0.162109 0.750000
vt 0.375000 0.962891
vt 0.164072 0.750000
vt 0.375000 0.960928
vt 0.166034 0.750000
vt 0.375000 0.958966
vt 0.167997 0.750000
vt 0.375000 0.957003
vt 0.169959 0.750000
vt 0.375000 0.955041
vt 0.171922 0.750000
vt 0.375000 0.953078
vt 0.173885 0.750000
vt 0.375000 0.951115
vt 0.175847 0.750000
vt 0.375000 0.949153
vt 0.177810 0.750000
vt 0.375000 0.947190
vt 0.179773 0.750000
vt 0.375000 0.945227
vt 0.181735 0.750000
vt 0.375000 0.943265
vt 0.183698 0.750000
vt 0.375000 0.941302
vt 0.185661 0.750000
vt 0.375000 0.939339
vt 0.187623 0.750000
vt 0.375000 0.937376
vt 0.189586 0.750000
vt 0.375000 0.935414
vt 0.191549 0.750000
vt 0.375000 0.933451
vt 0.193511 0.750000
vt 0.375000 0.931489
vt 0.195474 0.750000
vt 0.375000 0.929526
vt 0.197437 0.750000
vt 0.375000 0.927563
vt 0.199399 0.750000
vt 0.375000 0.925601
vt 0.375000 0.324399
vt 0.199399 0.500000
vt 0.375000 0.322437
vt 0.197437 0.500000
vt 0.375000 0.320474
vt 0.195474 0.500000
vt 0.375000 0.318511
vt 0.193511 0.500000
vt 0.375000 0.316549
vt 0.191549 0.500000
vt 0.375000 0.314586
vt 0.189586 0.500000
vt 0.375000 0.312623
vt 0.187623 0.500000
vt 0.375000 0.310661
vt 0.185661 0.500000
vt 0.375000 0.308698
vt 0.183698 0.500000
vt 0.375000 0.306735
vt 0.181735 0.500000
vt 0.375000 0.304773
vt 0.179773 0.500000
vt 0.375000 0.302810
vt 0.177810 0.500000
vt 0.375000 0.300847
vt 0.175847 0.500000
vt 0.375000 0.298885
vt 0.173885 0.500000
vt 0.375000 0.296922
vt 0.171922 0.500000
vt 0.375000 0.294959
vt 0.169959 0.500000
vt 0.375000 0.292997
vt 0.167997 0.500000
vt 0.375000 0.291034
vt 0.166034 0.500000
vt 0.375000 0.289072
vt 0.164072 0.500000
vt 0.375000 0.287109
vt 0.162109 0.500000
vt 0.375000 0.285146
vt 0.160146 0.500000
vt 0.375000 0.283184
vt 0.158184 0.500000
vt 0.375000 0.281221
vt 0.156221 0.500000
vt 0.375000 0.279258
vt 0.154258 0.500000
vt 0.800601 0.750000
vt 0.625000 0.925601
vt 0.802563 0.750000
vt 0.625000 0.927563
vt 0.804526 0.750000
vt 0.625000 0.929526
vt 0.806489 0.750000
vt 0.625000 0.931489
vt 0.808451 0.750000
vt 0.625000 0.933451
vt 0.810414 0.750000
vt 0.625000 0.935414
vt 0.812377 0.750000
vt 0.625000 0.937377
vt 0.814339 0.750000
vt 0.625000 0.939339
vt 0.816302 0.750000
vt 0.625000 0.941302
vt 0.818265 0.750000
vt 0.625000 0.943264
vt 0.820227 0.750000
vt 0.625000 0.945227
vt 0.822190 0.750000
vt 0.625000 0.947190
vt 0.824153 0.750000
vt 0.625000 0.949152
vt 0.826115 0.750000
vt 0.625000 0.951115
vt 0.828078 0.750000
vt 0.625000 0.953078
vt 0.830041 0.750000
vt 0.625000 0.955040
vt 0.832003 0.750000
vt 0.625000 0.957003
vt 0.833966 0.750000
vt 0.625000 0.958966
vt 0.835929 0.750000
vt 0.625000 0.960928
vt 0.837891 0.750000
vt 0.625000 0.962891
vt 0.839854 0.750000
vt 0.625000 0.964854
vt 0.841817 0.750000
vt 0.625000 0.966817
vt 0.843779 0.750000
vt 0.625000 0.968779
vt 0.845742 0.750000
vt 0.625000 0.970742
vt 0.597730 1.000000
vt 0.597730 0.000000
vt 0.597730 0.250000
vt 0.597730 0.500000
vt 0.597730 0.750000
vt 0.597730 0.903509
vt 0.597730 0.346491
vt 0.597730 0.856203
vt 0.597730 0.393797
vt 0.597730 0.349645
vt 0.597730 0.352799
vt 0.597730 0.355952
vt 0.597730 0.359106
vt 0.597730 0.362260
vt 0.597730 0.365414
vt 0.597730 0.368567
vt 0.597730 0.371721
vt 0.597730 0.374875
vt 0.597730 0.378028
vt 0.597730 0.381182
vt 0.597730 0.384336
vt 0.597730 0.387490
vt 0.597730 0.390643
vt 0.597730 0.859357
vt 0.597730 0.862510
vt 0.597730 0.865664
vt 0.597730 0.868818
vt 0.597730 0.871972
vt 0.597730 0.875125
vt 0.597730 0.878279
vt 0.597730 0.881433
vt 0.597730 0.884586
vt 0.597730 0.887740
vt 0.597730 0.890894
vt 0.597730 0.894048
vt 0.597730 0.897201
vt 0.597730 0.900355
vt 0.597730 0.777466
vt 0.597730 0.472534
vt 0.597730 0.752747
vt 0.597730 0.755493
vt 0.597730 0.758240
vt 0.597730 0.760987
vt 0.597730 0.763733
vt 0.597730 0.766480
vt 0.597730 0.769226
vt 0.597730 0.771973
vt 0.597730 0.774720
vt 0.597730 0.475280
vt 0.597730 0.478027
vt 0.597730 0.480774
vt 0.597730 0.483520
vt 0.597730 0.486267
vt 0.597730 0.489013
vt 0.597730 0.491760
vt 0.597730 0.494507
vt 0.597730 0.497253
vt 0.597730 0.265664
vt 0.597730 0.984336
vt 0.597730 0.252238
vt 0.597730 0.254475
vt 0.597730 0.256713
vt 0.597730 0.258951
vt 0.597730 0.261189
vt 0.597730 0.263426
vt 0.597730 0.986574
vt 0.597730 0.988811
vt 0.597730 0.991049
vt 0.597730 0.993287
vt 0.597730 0.995524
vt 0.597730 0.997762
vt 0.597730 0.923638
vt 0.597730 0.326362
vt 0.597730 0.277296
vt 0.597730 0.972704
vt 0.597730 0.925601
vt 0.597730 0.927563
vt 0.597730 0.929526
vt 0.597730 0.931489
vt 0.597730 0.933451
vt 0.597730 0.935414
vt 0.597730 0.937377
vt 0.597730 0.939339
vt 0.597730 0.941302
vt 0.597730 0.943264
vt 0.597730 0.945227
vt 0.597730 0.947190
vt 0.597730 0.949152
vt 0.597730 0.951115
vt 0.597730 0.953078
vt 0.597730 0.955040
vt 0.597730 0.957003
vt 0.597730 0.958966
vt 0.597730 0.960928
vt 0.597730 0.962891
vt 0.597730 0.964854
vt 0.597730 0.966817
vt 0.597730 0.968779
vt 0.597730 0.970742
vt 0.597730 0.279258
vt 0.597730 0.281221
vt 0.597730 0.283184
vt 0.597730 0.285146
vt 0.597730 0.287109
vt 0.597730 0.289072
vt 0.597730 0.291034
vt 0.597730 0.292997
vt 0.597730 0.294960
vt 0.597730 0.296922
vt 0.597730 0.298885
vt 0.597730 0.300848
vt 0.597730 0.302810
vt 0.597730 0.304773
vt 0.597730 0.306735
vt 0.597730 0.308698
vt 0.597730 0.310661
vt 0.597730 0.312623
vt 0.597730 0.314586
vt 0.597730 0.316549
vt 0.597730 0.318511
vt 0.597730 0.320474
vt 0.597730 0.322437
vt 0.597730 0.324399
vt 0.411245 0.250000
vt 0.411245 0.500000
vt 0.411245 0.750000
vt 0.411245 0.903509
vt 0.411245 0.346491
vt 0.411245 0.856203
vt 0.411245 0.393797
vt 0.411245 0.349645
vt 0.411245 0.352799
vt 0.411245 0.355952
vt 0.411245 0.359106
vt 0.411245 0.362260
vt 0.411245 0.365414
vt 0.411245 0.368567
vt 0.411245 0.371721
vt 0.411245 0.374875
vt 0.411245 0.378028
vt 0.411245 0.381182
vt 0.411245 0.384336
vt 0.411245 0.387490
vt 0.411245 0.390643
vt 0.411245 0.859357
vt 0.411245 0.862510
vt 0.411245 0.865664
vt 0.411245 0.868818
vt 0.411245 0.871972
vt 0.411245 0.875125
vt 0.411245 0.878279
vt 0.411245 0.881433
vt 0.411245 0.884587
vt 0.411245 0.887740
vt 0.411245 0.890894
vt 0.411245 0.894048
vt 0.411245 0.897201
vt 0.411245 0.900355
vt 0.411245 0.777466
vt 0.411245 0.472534
vt 0.411245 0.752747
vt 0.411245 0.755493
vt 0.411245 0.758240
vt 0.411245 0.760987
vt 0.411245 0.763733
vt 0.411245 0.766480
vt 0.411245 0.769226
vt 0.411245 0.771973
vt 0.411245 0.774720
vt 0.411245 0.475280
vt 0.411245 0.478027
vt 0.411245 0.480774
vt 0.411245 0.483520
vt 0.411245 0.486267
vt 0.411245 0.489013
vt 0.411245 0.491760
vt 0.411245 0.494507
vt 0.411245 0.497253
vt 0.411245 0.265664
vt 0.411245 0.984336
vt 0.411245 0.252238
vt 0.411245 0.254475
vt 0.411245 0.256713
vt 0.411245 0.258951
vt 0.411245 0.261189
vt 0.411245 0.263426
vt 0.411245 0.986574
vt 0.411245 0.988811
vt 0.411245 0.991049
vt 0.411245 0.993287
vt 0.411245 0.995524
vt 0.411245 0.997762
vt 0.411245 0.923638
vt 0.411245 0.326362
vt 0.411245 0.277296
vt 0.411245 0.972704
vt 0.411245 0.925601
vt 0.411245 0.927563
vt 0.411245 0.929526
vt 0.411245 0.931489
vt 0.411245 0.933451
vt 0.411245 0.935414
vt 0.411245 0.937376
vt 0.411245 0.939339
vt 0.411245 0.941302
vt 0.411245 0.943264
vt 0.411245 0.945227
vt 0.411245 0.947190
vt 0.411245 0.949152
vt 0.411245 0.951115
vt 0.411245 0.953078
vt 0.411245 0.955040
vt 0.411245 0.957003
vt 0.411245 0.958966
vt 0.411245 0.960928
vt 0.411245 0.962891
vt 0.411245 0.964854
vt 0.411245 0.966816
vt 0.411245 0.968779
vt 0.411245 0.970742
vt 0.411245 0.279258
vt 0.411245 0.281221
vt 0.411245 0.283183
vt 0.411245 0.285146
vt 0.411245 0.287109
vt 0.411245 0.289072
vt 0.411245 0.291034
vt 0.411245 0.292997
vt 0.411245 0.294959
vt 0.411245 0.296922
vt 0.411245 0.298885
vt 0.411245 0.300847
vt 0.411245 0.302810
vt 0.411245 0.304773
vt 0.411245 0.306735
vt 0.411245 0.308698
vt 0.411245 0.310661
vt 0.411245 0.312623
vt 0.411245 0.314586
vt 0.411245 0.316549
vt 0.411245 0.318511
vt 0.411245 0.320474
vt 0.411245 0.322437
vt 0.411245 0.324399
vt 0.411245 1.000000
vt 0.411245 0.000000
vt 0.125000 0.713115
vt 0.375000 0.036885
vt 0.875000 0.713115
vt 0.625000 0.036885
vt 0.375000 0.713115
vt 0.625000 0.713115
vt 0.778509 0.713115
vt 0.221491 0.713115
vt 0.731203 0.713115
vt 0.268797 0.713115
vt 0.224645 0.713115
vt 0.227799 0.713115
vt 0.230952 0.713115
vt 0.234106 0.713115
vt 0.237260 0.713115
vt 0.240414 0.713115
vt 0.243567 0.713115
vt 0.246721 0.713115
vt 0.249875 0.713115
vt 0.253028 0.713115
vt 0.256182 0.713115
vt 0.259336 0.713115
vt 0.262490 0.713115
vt 0.265643 0.713115
vt 0.734357 0.713115
vt 0.737510 0.713115
vt 0.740664 0.713115
vt 0.743818 0.713115
vt 0.746972 0.713115
vt 0.750125 0.713115
vt 0.753279 0.713115
vt 0.756433 0.713115
vt 0.759586 0.713115
vt 0.762740 0.713115
vt 0.765894 0.713115
vt 0.769048 0.713115
vt 0.772201 0.713115
vt 0.775355 0.713115
vt 0.652466 0.713115
vt 0.347534 0.713115
vt 0.627747 0.713115
vt 0.630493 0.713115
vt 0.633240 0.713115
vt 0.635987 0.713115
vt 0.638733 0.713115
vt 0.641480 0.713115
vt 0.644226 0.713115
vt 0.646973 0.713115
vt 0.649720 0.713115
vt 0.350280 0.713115
vt 0.353027 0.713115
vt 0.355774 0.713115
vt 0.358520 0.713115
vt 0.361267 0.713115
vt 0.364013 0.713115
vt 0.366760 0.713115
vt 0.369507 0.713115
vt 0.372253 0.713115
vt 0.140664 0.713115
vt 0.859336 0.713115
vt 0.127238 0.713115
vt 0.129475 0.713115
vt 0.131713 0.713115
vt 0.133951 0.713115
vt 0.136189 0.713115
vt 0.138426 0.713115
vt 0.861574 0.713115
vt 0.863811 0.713115
vt 0.866049 0.713115
vt 0.868287 0.713115
vt 0.870525 0.713115
vt 0.872762 0.713115
vt 0.798638 0.713115
vt 0.201362 0.713115
vt 0.152296 0.713115
vt 0.847704 0.713115
vt 0.800601 0.713115
vt 0.802563 0.713115
vt 0.804526 0.713115
vt 0.806489 0.713115
vt 0.808451 0.713115
vt 0.810414 0.713115
vt 0.812377 0.713115
vt 0.814339 0.713115
vt 0.816302 0.713115
vt 0.818265 0.713115
vt 0.820227 0.713115
vt 0.822190 0.713115
vt 0.824153 0.713115
vt 0.826115 0.713115
vt 0.828078 0.713115
vt 0.830041 0.713115
vt 0.832003 0.713115
vt 0.833966 0.713115
vt 0.835929 0.713115
vt 0.837891 0.713115
vt 0.839854 0.713115
vt 0.841817 0.713115
vt 0.843779 0.713115
vt 0.845742 0.713115
vt 0.154258 0.713115
vt 0.156221 0.713115
vt 0.158184 0.713115
vt 0.160146 0.713115
vt 0.162109 0.713115
vt 0.164072 0.713115
vt 0.166034 0.713115
vt 0.167997 0.713115
vt 0.169959 0.713115
vt 0.171922 0.713115
vt 0.173885 0.713115
vt 0.175847 0.713115
vt 0.177810 0.713115
vt 0.179773 0.713115
vt 0.181735 0.713115
vt 0.183698 0.713115
vt 0.185661 0.713115
vt 0.187623 0.713115
vt 0.189586 0.713115
vt 0.191549 0.713115
vt 0.193511 0.713115
vt 0.195474 0.713115
vt 0.197437 0.713115
vt 0.199399 0.713115
vt 0.597730 0.713115
vt 0.597730 0.036885
vt 0.411245 0.036885
vt 0.411245 0.713115
vt 0.875000 0.543412
vt 0.625000 0.206588
vt 0.375000 0.543412
vt 0.597730 0.206588
vt 0.411245 0.206588
vt 0.125000 0.543412
vt 0.375000 0.206588
vt 0.625000 0.543412
vt 0.778509 0.543412
vt 0.221491 0.543412
vt 0.731203 0.543412
vt 0.268797 0.543412
vt 0.224645 0.543412
vt 0.227799 0.543412
vt 0.230952 0.543412
vt 0.234106 0.543412
vt 0.237260 0.543412
vt 0.240414 0.543412
vt 0.243567 0.543412
vt 0.246721 0.543412
vt 0.249875 0.543412
vt 0.253028 0.543412
vt 0.256182 0.543412
vt 0.259336 0.543412
vt 0.262490 0.543412
vt 0.265643 0.543412
vt 0.734357 0.543412
vt 0.737510 0.543412
vt 0.740664 0.543412
vt 0.743818 0.543412
vt 0.746972 0.543412
vt 0.750125 0.543412
vt 0.753279 0.543412
vt 0.756433 0.543412
vt 0.759587 0.543412
vt 0.762740 0.543412
vt 0.765894 0.543412
vt 0.769048 0.543412
vt 0.772201 0.543412
vt 0.775355 0.543412
vt 0.652466 0.543412
vt 0.347534 0.543412
vt 0.627747 0.543412
vt 0.630493 0.543412
vt 0.633240 0.543412
vt 0.635987 0.543412
vt 0.638733 0.543412
vt 0.641480 0.543412
vt 0.644226 0.543412
vt 0.646973 0.543412
vt 0.649720 0.543412
vt 0.350280 0.543412
vt 0.353027 0.543412
vt 0.355774 0.543412
vt 0.358520 0.543412
vt 0.361267 0.543412
vt 0.364013 0.543412
vt 0.366760 0.543412
vt 0.369507 0.543412
vt 0.372253 0.543412
vt 0.140664 0.543412
vt 0.859336 0.543412
vt 0.127238 0.543412
vt 0.129475 0.543412
vt 0.131713 0.543412
vt 0.133951 0.543412
vt 0.136189 0.543412
vt 0.138426 0.543412
vt 0.861574 0.543412
vt 0.863811 0.543412
vt 0.866049 0.543412
vt 0.868287 0.543412
vt 0.870525 0.543412
vt 0.872762 0.543412
vt 0.798638 0.543412
vt 0.201362 0.543412
vt 0.152296 0.543412
vt 0.847704 0.543412
vt 0.800601 0.543412
vt 0.802563 0.543412
vt 0.804526 0.543412
vt 0.806489 0.543412
vt 0.808451 0.543412
vt 0.810414 0.543412
vt 0.812377 0.543412
vt 0.814339 0.543412
vt 0.816302 0.543412
vt 0.818265 0.543412
vt 0.820227 0.543412
vt 0.822190 0.543412
vt 0.824152 0.543412
vt 0.826115 0.543412
vt 0.828078 0.543412
vt 0.830040 0.543412
vt 0.832003 0.543412
vt 0.833966 0.543412
vt 0.835928 0.543412
vt 0.837891 0.543412
vt 0.839854 0.543412
vt 0.841816 0.543412
vt 0.843779 0.543412
vt 0.845742 0.543412
vt 0.154258 0.543412
vt 0.156221 0.543412
vt 0.158184 0.543412
vt 0.160146 0.543412
vt 0.162109 0.543412
vt 0.164072 0.543412
vt 0.166034 0.543412
vt 0.167997 0.543412
vt 0.169959 0.543412
vt 0.171922 0.543412
vt 0.173885 0.543412
vt 0.175847 0.543412
vt 0.177810 0.543412
vt 0.179773 0.543412
vt 0.181735 0.543412
vt 0.183698 0.543412
vt 0.185661 0.543412
vt 0.187623 0.543412
vt 0.189586 0.543412
vt 0.191549 0.543412
vt 0.193511 0.543412
vt 0.195474 0.543412
vt 0.197437 0.543412
vt 0.199399 0.543412
vt 0.597730 0.543412
vt 0.411245 0.543412
vt 0.375000 0.000000
vt 0.375000 1.000000
vt 0.125000 0.750000
vt 0.625000 0.000000
vt 0.625000 1.000000
vt 0.875000 0.750000
vt 0.125000 0.500000
vt 0.375000 0.250000
vt 0.875000 0.500000
vt 0.625000 0.250000
vt 0.375000 0.750000
vt 0.625000 0.750000
vt 0.375000 0.500000
vt 0.625000 0.500000
vt 0.355157 0.500000
vt 0.375000 0.480157
vt 0.625000 0.480157
vt 0.644843 0.500000
vt 0.355157 0.750000
vt 0.375000 0.769843
vt 0.625000 0.769843
vt 0.644843 0.750000
vt 0.625000 0.480157
vt 0.644843 0.500000
vt 0.625000 0.500000
vt 0.625000 0.750000
vt 0.625000 0.769843
vt 0.644843 0.750000
vt 0.375000 0.000000
vt 0.375000 1.000000
vt 0.125000 0.750000
vt 0.625000 0.000000
vt 0.625000 1.000000
vt 0.875000 0.750000
vt 0.375000 0.250000
vt 0.125000 0.500000
vt 0.625000 0.250000
vt 0.875000 0.500000
vt 0.375000 0.750000
vt 0.625000 0.750000
vt 0.375000 0.500000
vt 0.625000 0.500000
vt 1.000000 0.500000
vt 0.000000 0.500000
vt 0.750000 0.490000
vt 1.000000 1.000000
vt 0.250000 0.490000
vt 0.000000 1.000000
vt 0.984375 0.500000
vt 0.773524 0.488844
vt 0.984375 1.000000
vt 0.273524 0.488844
vt 0.968750 0.500000
vt 0.796822 0.485388
vt 0.968750 1.000000
vt 0.296822 0.485388
vt 0.953125 0.500000
vt 0.819668 0.479666
vt 0.953125 1.000000
vt 0.319668 0.479666
vt 0.937500 0.500000
vt 0.841844 0.471731
vt 0.937500 1.000000
vt 0.341844 0.471731
vt 0.921875 0.500000
vt 0.863135 0.461661
vt 0.921875 1.000000
vt 0.363135 0.461661
vt 0.906250 0.500000
vt 0.883337 0.449553
vt 0.906250 1.000000
vt 0.383337 0.449553
vt 0.890625 0.500000
vt 0.902254 0.435522
vt 0.890625 1.000000
vt 0.402254 0.435522
vt 0.875000 0.500000
vt 0.919706 0.419706
vt 0.875000 1.000000
vt 0.419706 0.419706
vt 0.859375 0.500000
vt 0.935522 0.402254
vt 0.859375 1.000000
vt 0.435522 0.402254
vt 0.843750 0.500000
vt 0.949553 0.383337
vt 0.843750 1.000000
vt 0.449553 0.383337
vt 0.828125 0.500000
vt 0.961661 0.363135
vt 0.828125 1.000000
vt 0.461661 0.363135
vt 0.812500 0.500000
vt 0.971731 0.341844
vt 0.812500 1.000000
vt 0.471731 0.341844
vt 0.796875 0.500000
vt 0.979666 0.319668
vt 0.796875 1.000000
vt 0.479666 0.319668
vt 0.781250 0.500000
vt 0.985388 0.296822
vt 0.781250 1.000000
vt 0.485388 0.296822
vt 0.765625 0.500000
vt 0.988844 0.273524
vt 0.765625 1.000000
vt 0.488844 0.273524
vt 0.750000 0.500000
vt 0.990000 0.250000
vt 0.750000 1.000000
vt 0.490000 0.250000
vt 0.734375 0.500000
vt 0.988844 0.226476
vt 0.734375 1.000000
vt 0.488844 0.226476
vt 0.718750 0.500000
vt 0.985388 0.203178
vt 0.718750 1.000000
vt 0.485388 0.203178
vt 0.703125 0.500000
vt 0.979666 0.180332
vt 0.703125 1.000000
vt 0.479666 0.180332
vt 0.687500 0.500000
vt 0.971731 0.158156
vt 0.687500 1.000000
vt 0.471731 0.158156
vt 0.671875 0.500000
vt 0.961661 0.136865
vt 0.671875 1.000000
vt 0.461661 0.136865
vt 0.656250 0.500000
vt 0.949553 0.116663
vt 0.656250 1.000000
vt 0.449553 0.116663
vt 0.640625 0.500000
vt 0.935522 0.097746
vt 0.640625 1.000000
vt 0.435522 0.097746
vt 0.625000 0.500000
vt 0.919706 0.080294
vt 0.625000 1.000000
vt 0.419706 0.080294
vt 0.609375 0.500000
vt 0.902254 0.064478
vt 0.609375 1.000000
vt 0.402254 0.064478
vt 0.593750 0.500000
vt 0.883337 0.050447
vt 0.593750 1.000000
vt 0.383337 0.050447
vt 0.578125 0.500000
vt 0.863135 0.038339
vt 0.578125 1.000000
vt 0.363135 0.038339
vt 0.562500 0.500000
vt 0.841844 0.028269
vt 0.562500 1.000000
vt 0.341844 0.028269
vt 0.546875 0.500000
vt 0.819668 0.020334
vt 0.546875 1.000000
vt 0.319668 0.020334
vt 0.531250 0.500000
vt 0.796822 0.014612
vt 0.531250 1.000000
vt 0.296822 0.014612
vt 0.515625 0.500000
vt 0.773524 0.011156
vt 0.515625 1.000000
vt 0.273524 0.011156
vt 0.500000 0.500000
vt 0.750000 0.010000
vt 0.500000 1.000000
vt 0.250000 0.010000
vt 0.484375 0.500000
vt 0.726476 0.011156
vt 0.484375 1.000000
vt 0.226476 0.011156
vt 0.468750 0.500000
vt 0.703178 0.014612
vt 0.468750 1.000000
vt 0.203178 0.014612
vt 0.453125 0.500000
vt 0.680332 0.020334
vt 0.453125 1.000000
vt 0.180332 0.020334
vt 0.437500 0.500000
vt 0.658156 0.028269
vt 0.437500 1.000000
vt 0.158156 0.028269
vt 0.421875 0.500000
vt 0.636865 0.038339
vt 0.421875 1.000000
vt 0.136865 0.038339
vt 0.406250 0.500000
vt 0.616663 0.050447
vt 0.406250 1.000000
vt 0.116663 0.050447
vt 0.390625 0.500000
vt 0.597746 0.064478
vt 0.390625 1.000000
vt 0.097746 0.064478
vt 0.375000 0.500000
vt 0.580294 0.080294
vt 0.375000 1.000000
vt 0.080294 0.080294
vt 0.359375 0.500000
vt 0.564478 0.097746
vt 0.359375 1.000000
vt 0.064478 0.097746
vt 0.343750 0.500000
vt 0.550447 0.116663
vt 0.343750 1.000000
vt 0.050447 0.116663
vt 0.328125 0.500000
vt 0.538339 0.136865
vt 0.328125 1.000000
vt 0.038339 0.136865
vt 0.312500 0.500000
vt 0.528269 0.158156
vt 0.312500 1.000000
vt 0.028269 0.158156
vt 0.296875 0.500000
vt 0.520334 0.180332
vt 0.296875 1.000000
vt 0.020334 0.180332
vt 0.281250 0.500000
vt 0.514612 0.203178
vt 0.281250 1.000000
vt 0.014612 0.203178
vt 0.265625 0.500000
vt 0.511156 0.226476
vt 0.265625 1.000000
vt 0.011156 0.226476
vt 0.250000 0.500000
vt 0.510000 0.250000
vt 0.250000 1.000000
vt 0.010000 0.250000
vt 0.234375 0.500000
vt 0.511156 0.273524
vt 0.234375 1.000000
vt 0.011156 0.273524
vt 0.218750 0.500000
vt 0.514612 0.296822
vt 0.218750 1.000000
vt 0.014612 0.296822
vt 0.203125 0.500000
vt 0.520334 0.319668
vt 0.203125 1.000000
vt 0.020334 0.319668
vt 0.187500 0.500000
vt 0.528269 0.341844
vt 0.187500 1.000000
vt 0.028269 0.341844
vt 0.171875 0.500000
vt 0.538339 0.363135
vt 0.171875 1.000000
vt 0.038339 0.363135
vt 0.156250 0.500000
vt 0.550447 0.383337
vt 0.156250 1.000000
vt 0.050447 0.383337
vt 0.140625 0.500000
vt 0.564478 0.402254
vt 0.140625 1.000000
vt 0.064478 0.402254
vt 0.125000 0.500000
vt 0.580294 0.419706
vt 0.125000 1.000000
vt 0.080294 0.419706
vt 0.109375 0.500000
vt 0.597746 0.435522
vt 0.109375 1.000000
vt 0.097746 0.435522
vt 0.093750 0.500000
vt 0.616663 0.449553
vt 0.093750 1.000000
vt 0.116663 0.449553
vt 0.078125 0.500000
vt 0.636865 0.461661
vt 0.078125 1.000000
vt 0.136865 0.461661
vt 0.062500 0.500000
vt 0.658156 0.471731
vt 0.062500 1.000000
vt 0.158156 0.471731
vt 0.046875 0.500000
vt 0.680332 0.479666
vt 0.046875 1.000000
vt 0.180332 0.479666
vt 0.031250 0.500000
vt 0.703178 0.485388
vt 0.203178 0.485388
vt 0.031250 1.000000
vt 0.015625 0.500000
vt 0.726476 0.488844
vt 0.226476 0.488844
vt 0.015625 1.000000
vt 1.000000 0.500000
vt 0.000000 0.500000
vt 0.750000 0.490000
vt 0.250000 0.435915
vt 0.984375 0.500000
vt 0.773524 0.488844
vt 0.268223 0.435020
vt 0.968750 0.500000
vt 0.796822 0.485388
vt 0.286270 0.432343
vt 0.953125 0.500000
vt 0.819668 0.479666
vt 0.303968 0.427910
vt 0.937500 0.500000
vt 0.841844 0.471731
vt 0.321147 0.421763
vt 0.921875 0.500000
vt 0.863135 0.461661
vt 0.337640 0.413963
vt 0.906250 0.500000
vt 0.883337 0.449553
vt 0.353289 0.404583
vt 0.890625 0.500000
vt 0.902254 0.435522
vt 0.367943 0.393714
vt 0.875000 0.500000
vt 0.919706 0.419706
vt 0.381462 0.381462
vt 0.859375 0.500000
vt 0.935522 0.402254
vt 0.393714 0.367943
vt 0.843750 0.500000
vt 0.949553 0.383337
vt 0.404583 0.353289
vt 0.828125 0.500000
vt 0.961661 0.363135
vt 0.413963 0.337640
vt 0.812500 0.500000
vt 0.971731 0.341844
vt 0.421763 0.321147
vt 0.796875 0.500000
vt 0.979666 0.319668
vt 0.427910 0.303968
vt 0.781250 0.500000
vt 0.985388 0.296822
vt 0.432343 0.286270
vt 0.765625 0.500000
vt 0.988844 0.273524
vt 0.435020 0.268223
vt 0.750000 0.500000
vt 0.990000 0.250000
vt 0.435915 0.250000
vt 0.734375 0.500000
vt 0.988844 0.226476
vt 0.435020 0.231777
vt 0.718750 0.500000
vt 0.985388 0.203178
vt 0.432343 0.213730
vt 0.703125 0.500000
vt 0.979666 0.180332
vt 0.427910 0.196032
vt 0.687500 0.500000
vt 0.971731 0.158156
vt 0.421763 0.178853
vt 0.671875 0.500000
vt 0.961661 0.136865
vt 0.413963 0.162360
vt 0.656250 0.500000
vt 0.949553 0.116663
vt 0.404583 0.146711
vt 0.640625 0.500000
vt 0.935522 0.097746
vt 0.393714 0.132057
vt 0.625000 0.500000
vt 0.919706 0.080294
vt 0.381462 0.118538
vt 0.609375 0.500000
vt 0.902254 0.064478
vt 0.367944 0.106286
vt 0.593750 0.500000
vt 0.883337 0.050447
vt 0.353289 0.095417
vt 0.578125 0.500000
vt 0.863135 0.038339
vt 0.337640 0.086037
vt 0.562500 0.500000
vt 0.841844 0.028269
vt 0.321147 0.078237
vt 0.546875 0.500000
vt 0.819668 0.020334
vt 0.303968 0.072090
vt 0.531250 0.500000
vt 0.796822 0.014612
vt 0.286270 0.067657
vt 0.515625 0.500000
vt 0.773524 0.011156
vt 0.268223 0.064980
vt 0.500000 0.500000
vt 0.750000 0.010000
vt 0.250000 0.064085
vt 0.484375 0.500000
vt 0.726476 0.011156
vt 0.231777 0.064980
vt 0.468750 0.500000
vt 0.703178 0.014612
vt 0.213730 0.067657
vt 0.453125 0.500000
vt 0.680332 0.020334
vt 0.196032 0.072090
vt 0.437500 0.500000
vt 0.658156 0.028269
vt 0.178853 0.078237
vt 0.421875 0.500000
vt 0.636865 0.038339
vt 0.162360 0.086037
vt 0.406250 0.500000
vt 0.616663 0.050447
vt 0.146711 0.095417
vt 0.390625 0.500000
vt 0.597746 0.064478
vt 0.132057 0.106286
vt 0.375000 0.500000
vt 0.580294 0.080294
vt 0.118538 0.118538
vt 0.359375 0.500000
vt 0.564478 0.097746
vt 0.106286 0.132057
vt 0.343750 0.500000
vt 0.550447 0.116663
vt 0.095417 0.146711
vt 0.328125 0.500000
vt 0.538339 0.136865
vt 0.086037 0.162360
vt 0.312500 0.500000
vt 0.528269 0.158156
vt 0.078237 0.178853
vt 0.296875 0.500000
vt 0.520334 0.180332
vt 0.072090 0.196032
vt 0.281250 0.500000
vt 0.514612 0.203178
vt 0.067657 0.213730
vt 0.265625 0.500000
vt 0.511156 0.226476
vt 0.064980 0.231777
vt 0.250000 0.500000
vt 0.510000 0.250000
vt 0.064085 0.250000
vt 0.234375 0.500000
vt 0.511156 0.273524
vt 0.064980 0.268223
vt 0.218750 0.500000
vt 0.514612 0.296822
vt 0.067657 0.286270
vt 0.203125 0.500000
vt 0.520334 0.319668
vt 0.072090 0.303968
vt 0.187500 0.500000
vt 0.528269 0.341844
vt 0.078237 0.321147
vt 0.171875 0.500000
vt 0.538339 0.363135
vt 0.086037 0.337640
vt 0.156250 0.500000
vt 0.550447 0.383337
vt 0.095417 0.353289
vt 0.140625 0.500000
vt 0.564478 0.402254
vt 0.106286 0.367944
vt 0.125000 0.500000
vt 0.580294 0.419706
vt 0.118538 0.381462
vt 0.109375 0.500000
vt 0.597746 0.435522
vt 0.132057 0.393714
vt 0.093750 0.500000
vt 0.616663 0.449553
vt 0.146711 0.404583
vt 0.078125 0.500000
vt 0.636865 0.461661
vt 0.162360 0.413963
vt 0.062500 0.500000
vt 0.658156 0.471731
vt 0.178853 0.421763
vt 0.046875 0.500000
vt 0.680332 0.479666
vt 0.196032 0.427910
vt 0.031250 0.500000
vt 0.703178 0.485388
vt 0.213730 0.432343
vt 0.015625 0.500000
vt 0.726476 0.488844
vt 0.231777 0.435020
vt 0.984375 1.000000
vt 0.273524 0.488844
vt 1.000000 1.000000
vt 0.000000 1.000000
vt 0.250000 0.490000
vt 0.968750 1.000000
vt 0.296822 0.485388
vt 0.953125 1.000000
vt 0.319668 0.479666
vt 0.937500 1.000000
vt 0.341844 0.471731
vt 0.921875 1.000000
vt 0.363135 0.461661
vt 0.906250 1.000000
vt 0.383337 0.449553
vt 0.890625 1.000000
vt 0.402254 0.435522
vt 0.875000 1.000000
vt 0.419706 0.419706
vt 0.859375 1.000000
vt 0.435522 0.402254
vt 0.843750 1.000000
vt 0.449553 0.383337
vt 0.828125 1.000000
vt 0.461661 0.363135
vt 0.812500 1.000000
vt 0.471731 0.341844
vt 0.796875 1.000000
vt 0.479666 0.319668
vt 0.781250 1.000000
vt 0.485388 0.296822
vt 0.765625 1.000000
vt 0.488844 0.273524
vt 0.750000 1.000000
vt 0.490000 0.250000
vt 0.734375 1.000000
vt 0.488844 0.226476
vt 0.718750 1.000000
vt 0.485388 0.203178
vt 0.703125 1.000000
vt 0.479666 0.180332
vt 0.687500 1.000000
vt 0.471731 0.158156
vt 0.671875 1.000000
vt 0.461661 0.136865
vt 0.656250 1.000000
vt 0.449553 0.116663
vt 0.640625 1.000000
vt 0.435522 0.097746
vt 0.625000 1.000000
vt 0.419706 0.080294
vt 0.609375 1.000000
vt 0.402254 0.064478
vt 0.593750 1.000000
vt 0.383337 0.050447
vt 0.578125 1.000000
vt 0.363135 0.038339
vt 0.562500 1.000000
vt 0.341844 0.028269
vt 0.546875 1.000000
vt 0.319668 0.020334
vt 0.531250 1.000000
vt 0.296822 0.014612
vt 0.515625 1.000000
vt 0.273524 0.011156
vt 0.500000 1.000000
vt 0.250000 0.010000
vt 0.484375 1.000000
vt 0.226476 0.011156
vt 0.468750 1.000000
vt 0.203178 0.014612
vt 0.453125 1.000000
vt 0.180332 0.020334
vt 0.437500 1.000000
vt 0.158156 0.028269
vt 0.421875 1.000000
vt 0.136865 0.038339
vt 0.406250 1.000000
vt 0.116663 0.050447
vt 0.390625 1.000000
vt 0.097746 0.064478
vt 0.375000 1.000000
vt 0.080294 0.080294
vt 0.359375 1.000000
vt 0.064478 0.097746
vt 0.343750 1.000000
vt 0.050447 0.116663
vt 0.328125 1.000000
vt 0.038339 0.136865
vt 0.312500 1.000000
vt 0.028269 0.158156
vt 0.296875 1.000000
vt 0.020334 0.180332
vt 0.281250 1.000000
vt 0.014612 0.203178
vt 0.265625 1.000000
vt 0.011156 0.226476
vt 0.250000 1.000000
vt 0.010000 0.250000
vt 0.234375 1.000000
vt 0.011156 0.273524
vt 0.218750 1.000000
vt 0.014612 0.296822
vt 0.203125 1.000000
vt 0.020334 0.319668
vt 0.187500 1.000000
vt 0.028269 0.341844
vt 0.171875 1.000000
vt 0.038339 0.363135
vt 0.156250 1.000000
vt 0.050447 0.383337
vt 0.140625 1.000000
vt 0.064478 0.402254
vt 0.125000 1.000000
vt 0.080294 0.419706
vt 0.109375 1.000000
vt 0.097746 0.435522
vt 0.093750 1.000000
vt 0.116663 0.449553
vt 0.078125 1.000000
vt 0.136865 0.461661
vt 0.062500 1.000000
vt 0.158156 0.471731
vt 0.046875 1.000000
vt 0.180332 0.479666
vt 0.031250 1.000000
vt 0.203178 0.485388
vt 0.015625 1.000000
vt 0.226476 0.488844
vt 0.268223 0.435020
vt 0.250000 0.435915
vt 0.286270 0.432343
vt 0.303968 0.427910
vt 0.321147 0.421763
vt 0.337640 0.413963
vt 0.353289 0.404583
vt 0.367943 0.393714
vt 0.381462 0.381462
vt 0.393714 0.367943
vt 0.404583 0.353289
vt 0.413963 0.337640
vt 0.421763 0.321147
vt 0.427910 0.303968
vt 0.432343 0.286270
vt 0.435020 0.268223
vt 0.435915 0.250000
vt 0.435020 0.231777
vt 0.432343 0.213730
vt 0.427910 0.196032
vt 0.421763 0.178853
vt 0.413963 0.162360
vt 0.404583 0.146711
vt 0.393714 0.132057
vt 0.381462 0.118538
vt 0.367944 0.106286
vt 0.353289 0.095417
vt 0.337640 0.086037
vt 0.321147 0.078237
vt 0.303968 0.072090
vt 0.286270 0.067657
vt 0.268223 0.064980
vt 0.250000 0.064085
vt 0.231777 0.064980
vt 0.213730 0.067657
vt 0.196032 0.072090
vt 0.178853 0.078237
vt 0.162360 0.086037
vt 0.146711 0.095417
vt 0.132057 0.106286
vt 0.118538 0.118538
vt 0.106286 0.132057
vt 0.095417 0.146711
vt 0.086037 0.162360
vt 0.078237 0.178853
vt 0.072090 0.196032
vt 0.067657 0.213730
vt 0.064980 0.231777
vt 0.064085 0.250000
vt 0.064980 0.268223
vt 0.067657 0.286270
vt 0.072090 0.303968
vt 0.078237 0.321147
vt 0.086037 0.337640
vt 0.095417 0.353289
vt 0.106286 0.367944
vt 0.118538 0.381462
vt 0.132057 0.393714
vt 0.146711 0.404583
vt 0.162360 0.413963
vt 0.178853 0.421763
vt 0.196032 0.427910
vt 0.213730 0.432343
vt 0.231777 0.435020
vt 0.375000 1.000000
vt 0.375000 0.000000
vt 0.125000 0.750000
vt 0.625000 0.000000
vt 0.625000 1.000000
vt 0.875000 0.750000
vt 0.125000 0.500000
vt 0.375000 0.250000
vt 0.875000 0.500000
vt 0.625000 0.250000
vt 0.375000 0.750000
vt 0.625000 0.750000
vt 0.375000 0.500000
vt 0.625000 0.500000
vt 0.570804 1.000000
vt 0.570804 0.000000
vt 0.570804 0.250000
vt 0.570804 0.500000
vt 0.570804 0.750000
vt 0.478147 0.250000
vt 0.478147 0.500000
vt 0.478147 0.750000
vt 0.478147 0.000000
vt 0.478147 1.000000
vt 0.407343 0.250000
vt 0.407343 0.500000
vt 0.407343 0.750000
vt 0.407343 1.000000
vt 0.407343 0.000000
vt 0.375000 0.460938
vt 0.335938 0.500000
vt 0.625000 0.460938
vt 0.664062 0.500000
vt 0.335938 0.750000
vt 0.375000 0.789062
vt 0.664062 0.750000
vt 0.625000 0.789062
vt 0.570804 0.789062
vt 0.570804 0.460938
vt 0.478147 0.460938
vt 0.478147 0.789062
vt 0.407343 0.789062
vt 0.407343 0.460938
vt 0.159632 0.500000
vt 0.375000 0.284632
vt 0.840369 0.750000
vt 0.625000 0.965369
vt 0.570804 0.965369
vt 0.478147 0.965368
vt 0.407343 0.965369
vt 0.625000 0.284632
vt 0.840368 0.500000
vt 0.159632 0.750000
vt 0.375000 0.965368
vt 0.570804 0.284632
vt 0.478147 0.284632
vt 0.407343 0.284632
vt 0.375000 0.000000
vt 0.375000 1.000000
vt 0.125000 0.750000
vt 0.625000 0.000000
vt 0.625000 1.000000
vt 0.875000 0.750000
vt 0.125000 0.500000
vt 0.375000 0.250000
vt 0.875000 0.500000
vt 0.625000 0.250000
vt 0.375000 0.750000
vt 0.625000 0.750000
vt 0.375000 0.500000
vt 0.625000 0.500000
vt 0.361111 0.500000
vt 0.375000 0.486111
vt 0.347222 0.500000
vt 0.375000 0.472222
vt 0.333333 0.500000
vt 0.375000 0.458333
vt 0.319444 0.500000
vt 0.375000 0.444444
vt 0.305556 0.500000
vt 0.375000 0.430556
vt 0.291667 0.500000
vt 0.375000 0.416667
vt 0.277778 0.500000
vt 0.375000 0.402778
vt 0.263889 0.500000
vt 0.375000 0.388889
vt 0.250000 0.500000
vt 0.375000 0.375000
vt 0.236111 0.500000
vt 0.375000 0.361111
vt 0.222222 0.500000
vt 0.375000 0.347222
vt 0.208333 0.500000
vt 0.375000 0.333333
vt 0.194444 0.500000
vt 0.375000 0.319444
vt 0.180556 0.500000
vt 0.375000 0.305556
vt 0.166667 0.500000
vt 0.375000 0.291667
vt 0.152778 0.500000
vt 0.375000 0.277778
vt 0.138889 0.500000
vt 0.375000 0.263889
vt 0.861111 0.500000
vt 0.625000 0.263889
vt 0.847222 0.500000
vt 0.625000 0.277778
vt 0.833333 0.500000
vt 0.625000 0.291667
vt 0.819444 0.500000
vt 0.625000 0.305556
vt 0.805556 0.500000
vt 0.625000 0.319444
vt 0.791667 0.500000
vt 0.625000 0.333333
vt 0.777778 0.500000
vt 0.625000 0.347222
vt 0.763889 0.500000
vt 0.625000 0.361111
vt 0.750000 0.500000
vt 0.625000 0.375000
vt 0.736111 0.500000
vt 0.625000 0.388889
vt 0.722222 0.500000
vt 0.625000 0.402778
vt 0.708333 0.500000
vt 0.625000 0.416667
vt 0.694444 0.500000
vt 0.625000 0.430556
vt 0.680556 0.500000
vt 0.625000 0.444444
vt 0.666667 0.500000
vt 0.625000 0.458333
vt 0.652778 0.500000
vt 0.625000 0.472222
vt 0.638889 0.500000
vt 0.625000 0.486111
vt 0.138889 0.750000
vt 0.375000 0.986111
vt 0.152778 0.750000
vt 0.375000 0.972222
vt 0.166667 0.750000
vt 0.375000 0.958333
vt 0.180556 0.750000
vt 0.375000 0.944444
vt 0.194444 0.750000
vt 0.375000 0.930555
vt 0.208333 0.750000
vt 0.375000 0.916667
vt 0.222222 0.750000
vt 0.375000 0.902778
vt 0.236111 0.750000
vt 0.375000 0.888889
vt 0.250000 0.750000
vt 0.375000 0.875000
vt 0.263889 0.750000
vt 0.375000 0.861111
vt 0.277778 0.750000
vt 0.375000 0.847222
vt 0.291667 0.750000
vt 0.375000 0.833333
vt 0.305556 0.750000
vt 0.375000 0.819444
vt 0.319444 0.750000
vt 0.375000 0.805556
vt 0.333333 0.750000
vt 0.375000 0.791667
vt 0.347222 0.750000
vt 0.375000 0.777778
vt 0.361111 0.750000
vt 0.375000 0.763889
vt 0.638889 0.750000
vt 0.625000 0.763889
vt 0.652778 0.750000
vt 0.625000 0.777778
vt 0.666667 0.750000
vt 0.625000 0.791667
vt 0.680556 0.750000
vt 0.625000 0.805556
vt 0.694444 0.750000
vt 0.625000 0.819444
vt 0.708333 0.750000
vt 0.625000 0.833333
vt 0.722222 0.750000
vt 0.625000 0.847222
vt 0.736111 0.750000
vt 0.625000 0.861111
vt 0.750000 0.750000
vt 0.625000 0.875000
vt 0.763889 0.750000
vt 0.625000 0.888889
vt 0.777778 0.750000
vt 0.625000 0.902778
vt 0.791667 0.750000
vt 0.625000 0.916667
vt 0.805555 0.750000
vt 0.625000 0.930556
vt 0.819444 0.750000
vt 0.625000 0.944445
vt 0.833333 0.750000
vt 0.625000 0.958333
vt 0.847222 0.750000
vt 0.625000 0.972222
vt 0.861111 0.750000
vt 0.625000 0.986111
vt 0.375000 0.000000
vt 0.375000 1.000000
vt 0.125000 0.750000
vt 0.625000 0.000000
vt 0.625000 1.000000
vt 0.875000 0.750000
vt 0.375000 0.250000
vt 0.125000 0.500000
vt 0.625000 0.250000
vt 0.875000 0.500000
vt 0.375000 0.750000
vt 0.625000 0.750000
vt 0.375000 0.500000
vt 0.625000 0.500000
vt 0.375000 0.000000
vt 0.375000 1.000000
vt 0.125000 0.750000
vt 0.625000 0.000000
vt 0.625000 1.000000
vt 0.875000 0.750000
vt 0.375000 0.250000
vt 0.125000 0.500000
vt 0.625000 0.250000
vt 0.875000 0.500000
vt 0.375000 0.750000
vt 0.625000 0.750000
vt 0.375000 0.500000
vt 0.625000 0.500000
s 0
usemtl Material.003
f 22/42/1 154/186/2 453/516/3 276/328/4
f 154/186/5 2/4/5 155/188/5 453/516/5
f 453/516/5 155/188/6 4/10/5 179/231/5
f 276/328/7 453/516/8 179/231/9 23/43/4
f 130/159/10 452/515/11 454/517/12 262/314/13
f 452/515/14 115/143/15 158/193/16 454/517/17
f 454/517/18 158/193/19 8/14/20 193/245/21
f 262/314/22 454/517/23 193/245/24 37/57/25
f 37/57/26 193/245/27 455/518/28 248/300/29
f 193/245/30 8/14/31 161/197/32 455/518/33
f 455/518/34 161/197/35 6/12/36 207/259/37
f 248/300/38 455/518/39 207/259/40 51/71/39
f 94/121/41 375/434/42 456/519/43 234/286/44
f 375/434/45 80/107/46 164/201/47 456/519/48
f 456/519/49 164/201/50 2/5/51 154/187/52
f 234/286/53 456/519/54 154/187/55 22/41/56
f 134/164/57 396/457/58 457/520/59 451/514/60
f 396/457/61 7/13/62 160/196/63 457/520/64
f 457/520/65 160/196/66 5/11/67 163/199/68
f 451/514/69 457/520/70 163/199/71 116/145/72
f 78/102/73 302/358/74 458/521/75 373/432/76
f 302/358/77 4/9/78 155/189/79 458/521/80
f 458/521/81 155/189/82 2/6/83 164/202/84
f 373/432/85 458/521/86 164/202/87 80/106/88
f 114/141/89 372/431/90 459/522/89 300/355/90
f 372/431/91 81/108/91 221/273/92 459/522/93
f 459/522/94 221/273/95 9/15/96 165/203/97
f 300/355/98 459/522/99 165/203/98 76/99/99
f 81/108/100 371/430/101 460/523/102 221/273/103
f 371/430/104 82/109/105 222/274/106 460/523/107
f 460/523/108 222/274/108 10/17/108 166/205/108
f 221/273/109 460/523/110 166/205/111 9/15/112
f 82/109/113 370/429/114 461/524/115 222/274/114
f 370/429/116 83/110/116 223/275/116 461/524/117
f 461/524/118 223/275/119 11/19/118 167/207/119
f 222/274/120 461/524/121 167/207/122 10/17/123
f 83/110/124 369/428/125 462/525/126 223/275/127
f 369/428/128 84/111/129 224/276/128 462/525/129
f 462/525/130 224/276/131 12/21/132 168/209/131
f 223/275/133 462/525/134 168/209/133 11/19/135
f 84/111/136 368/427/137 463/526/138 224/276/139
f 368/427/140 85/112/141 225/277/140 463/526/141
f 463/526/142 225/277/143 13/23/144 169/211/145
f 224/276/146 463/526/147 169/211/146 12/21/148
f 85/112/149 367/426/149 464/527/149 225/277/149
f 367/426/150 86/113/151 226/278/150 464/527/150
f 464/527/152 226/278/153 14/25/154 170/213/155
f 225/277/156 464/527/157 170/213/158 13/23/157
f 86/113/159 366/425/160 465/528/159 226/278/160
f 366/425/161 87/114/162 227/279/163 465/528/164
f 465/528/165 227/279/166 15/27/165 171/215/167
f 226/278/168 465/528/169 171/215/170 14/25/171
f 87/114/172 365/424/173 466/529/172 227/279/172
f 365/424/174 88/115/175 228/280/176 466/529/174
f 466/529/177 228/280/178 16/29/177 172/217/179
f 227/279/180 466/529/181 172/217/182 15/27/183
f 88/115/184 364/423/185 467/530/184 228/280/185
f 364/423/186 89/116/187 229/281/186 467/530/188
f 467/530/189 229/281/190 17/31/191 173/219/192
f 228/280/193 467/530/194 173/219/195 16/29/196
f 89/116/197 363/422/198 468/531/197 229/281/198
f 363/422/199 90/117/200 230/282/199 468/531/200
f 468/531/201 230/282/202 18/33/201 174/221/203
f 229/281/204 468/531/205 174/221/206 17/31/207
f 90/117/208 362/421/209 469/532/208 230/282/210
f 362/421/211 91/118/211 231/283/211 469/532/211
f 469/532/212 231/283/213 19/35/212 175/223/213
f 230/282/214 469/532/215 175/223/214 18/33/216
f 91/118/217 361/420/217 470/533/218 231/283/217
f 361/420/219 92/119/220 232/284/221 470/533/220
f 470/533/222 232/284/223 20/37/224 176/225/225
f 231/283/226 470/533/227 176/225/228 19/35/229
f 92/119/230 360/419/231 471/534/230 232/284/232
f 360/419/233 93/120/234 233/285/235 471/534/236
f 471/534/237 233/285/238 21/39/237 177/227/237
f 232/284/239 471/534/240 177/227/241 20/37/240
f 93/120/242 359/418/242 472/535/242 233/285/243
f 359/418/244 94/121/245 234/286/246 472/535/246
f 472/535/247 234/286/248 22/41/249 178/229/249
f 233/285/250 472/535/251 178/229/250 21/39/251
f 68/88/252 280/332/253 473/536/254 297/352/255
f 280/332/256 50/70/256 235/287/257 473/536/256
f 473/536/258 235/287/258 64/84/259 283/335/258
f 297/352/260 473/536/261 283/335/262 71/91/263
f 50/70/264 206/258/265 474/537/264 235/287/265
f 206/258/266 49/69/267 236/288/267 474/537/267
f 474/537/268 236/288/269 63/83/270 220/272/268
f 235/287/271 474/537/272 220/272/271 64/84/272
f 49/69/273 205/257/274 475/538/275 236/288/274
f 205/257/276 48/68/277 237/289/276 475/538/277
f 475/538/278 237/289/279 62/82/278 219/271/279
f 236/288/280 475/538/281 219/271/282 63/83/281
f 48/68/283 204/256/284 476/539/283 237/289/284
f 204/256/285 47/67/286 238/290/287 476/539/286
f 476/539/288 238/290/289 61/81/290 218/270/291
f 237/289/292 476/539/293 218/270/292 62/82/293
f 47/67/294 203/255/295 477/540/296 238/290/297
f 203/255/298 46/66/298 239/291/298 477/540/298
f 477/540/299 239/291/299 60/80/299 217/269/299
f 238/290/300 477/540/301 217/269/300 61/81/302
f 46/66/303 202/254/304 478/541/305 239/291/306
f 202/254/307 45/65/307 240/292/308 478/541/307
f 478/541/309 240/292/310 59/79/311 216/268/310
f 239/291/312 478/541/313 216/268/312 60/80/313
f 45/65/314 201/253/315 479/542/316 240/292/315
f 201/253/317 44/64/317 241/293/318 479/542/317
f 479/542/319 241/293/320 58/78/320 215/267/321
f 240/292/322 479/542/323 215/267/322 59/79/324
f 44/64/325 200/252/326 480/543/326 241/293/326
f 200/252/327 43/63/328 242/294/327 480/543/329
f 480/543/330 242/294/331 57/77/330 214/266/332
f 241/293/333 480/543/334 214/266/335 58/78/336
f 43/63/337 199/251/337 481/544/337 242/294/337
f 199/251/338 42/62/338 243/295/338 481/544/338
f 481/544/339 243/295/339 56/76/339 213/265/339
f 242/294/340 481/544/340 213/265/340 57/77/340
f 42/62/341 198/250/342 482/545/343 243/295/342
f 198/250/344 41/61/345 244/296/344 482/545/346
f 482/545/347 244/296/348 55/75/347 212/264/349
f 243/295/350 482/545/350 212/264/351 56/76/350
f 41/61/352 197/249/353 483/546/354 244/296/355
f 197/249/356 40/60/357 245/297/358 483/546/359
f 483/546/360 245/297/361 54/74/362 211/263/363
f 244/296/364 483/546/364 211/263/364 55/75/365
f 40/60/366 196/248/367 484/547/366 245/297/367
f 196/248/368 39/59/369 246/298/368 484/547/369
f 484/547/370 246/298/370 53/73/370 210/262/370
f 245/297/371 484/547/372 210/262/371 54/74/372
f 39/59/373 195/247/374 485/548/373 246/298/374
f 195/247/375 38/58/376 247/299/377 485/548/376
f 485/548/378 247/299/379 52/72/378 209/261/379
f 246/298/380 485/548/381 209/261/380 53/73/381
f 38/58/382 194/246/383 486/549/382 247/299/382
f 194/246/384 37/57/385 248/300/384 486/549/385
f 486/549/386 248/300/386 51/71/386 208/260/386
f 247/299/387 486/549/388 208/260/389 52/72/390
f 133/162/391 450/513/392 487/550/393 294/349/394
f 450/513/395 117/146/396 249/301/395 487/550/397
f 487/550/398 249/301/399 50/70/398 280/332/400
f 294/349/401 487/550/402 280/332/401 68/88/402
f 117/146/403 449/512/404 488/551/403 249/301/405
f 449/512/406 118/147/407 250/302/408 488/551/407
f 488/551/409 250/302/410 49/69/411 206/258/410
f 249/301/412 488/551/413 206/258/412 50/70/413
f 118/147/414 448/511/415 489/552/414 250/302/416
f 448/511/417 119/148/417 251/303/418 489/552/417
f 489/552/419 251/303/420 48/68/419 205/257/421
f 250/302/422 489/552/423 205/257/424 49/69/425
f 119/148/426 447/510/427 490/553/426 251/303/427
f 447/510/428 120/149/429 252/304/429 490/553/429
f 490/553/430 252/304/431 47/67/430 204/256/431
f 251/303/432 490/553/433 204/256/434 48/68/435
f 120/149/436 446/509/437 491/554/438 252/304/439
f 446/509/440 121/150/441 253/305/441 491/554/441
f 491/554/442 253/305/443 46/66/444 203/255/445
f 252/304/446 491/554/447 203/255/448 47/67/449
f 121/150/450 445/508/451 492/555/450 253/305/452
f 445/508/453 122/151/454 254/306/455 492/555/456
f 492/555/457 254/306/458 45/65/459 202/254/460
f 253/305/461 492/555/462 202/254/463 46/66/464
f 122/151/465 444/507/466 493/556/465 254/306/467
f 444/507/468 123/152/469 255/307/470 493/556/471
f 493/556/472 255/307/473 44/64/472 201/253/473
f 254/306/474 493/556/475 201/253/474 45/65/475
f 123/152/476 443/506/476 494/557/476 255/307/476
f 443/506/477 124/153/478 256/308/479 494/557/480
f 494/557/481 256/308/482 43/63/481 200/252/483
f 255/307/484 494/557/485 200/252/484 44/64/485
f 124/153/486 442/505/486 495/558/486 256/308/486
f 442/505/487 125/154/488 257/309/489 495/558/490
f 495/558/491 257/309/492 42/62/493 199/251/494
f 256/308/495 495/558/496 199/251/497 43/63/496
f 125/154/498 441/504/499 496/559/498 257/309/498
f 441/504/500 126/155/500 258/310/500 496/559/501
f 496/559/502 258/310/503 41/61/504 198/250/505
f 257/309/506 496/559/507 198/250/508 42/62/509
f 126/155/510 440/503/511 497/560/512 258/310/510
f 440/503/513 127/156/514 259/311/515 497/560/516
f 497/560/517 259/311/518 40/60/519 197/249/518
f 258/310/520 497/560/521 197/249/520 41/61/521
f 127/156/522 439/502/522 498/561/523 259/311/522
f 439/502/524 128/157/525 260/312/526 498/561/525
f 498/561/527 260/312/528 39/59/527 196/248/528
f 259/311/529 498/561/530 196/248/531 40/60/532
f 128/157/533 438/501/534 499/562/535 260/312/536
f 438/501/537 129/158/538 261/313/539 499/562/540
f 499/562/541 261/313/542 38/58/543 195/247/544
f 260/312/545 499/562/546 195/247/545 39/59/546
f 129/158/547 437/500/548 500/563/547 261/313/548
f 437/500/549 130/159/549 262/314/550 500/563/551
f 500/563/552 262/314/553 37/57/554 194/246/555
f 261/313/556 500/563/556 194/246/556 38/58/556
f 76/98/557 165/204/558 501/564/557 291/346/559
f 165/204/560 9/16/561 263/315/560 501/564/562
f 501/564/560 263/315/561 36/56/560 277/329/562
f 291/346/557 501/564/558 277/329/557 65/85/559
f 9/16/563 166/206/564 502/565/563 263/315/565
f 166/206/566 10/18/567 264/316/566 502/565/566
f 502/565/566 264/316/567 35/55/566 192/244/566
f 263/315/563 502/565/564 192/244/563 36/56/565
f 10/18/568 167/208/568 503/566/568 264/316/568
f 167/208/569 11/20/570 265/317/569 503/566/569
f 503/566/569 265/317/570 34/54/569 191/243/569
f 264/316/568 503/566/568 191/243/568 35/55/568
f 11/20/571 168/210/572 504/567/571 265/317/573
f 168/210/574 12/22/575 266/318/574 504/567/576
f 504/567/574 266/318/575 33/53/574 190/242/576
f 265/317/571 504/567/572 190/242/571 34/54/573
f 12/22/577 169/212/578 505/568/577 266/318/577
f 169/212/579 13/24/580 267/319/579 505/568/581
f 505/568/579 267/319/580 32/52/579 189/241/581
f 266/318/577 505/568/578 189/241/577 33/53/577
f 13/24/582 170/214/582 506/569/582 267/319/583
f 170/214/584 14/26/584 268/320/584 506/569/585
f 506/569/584 268/320/584 31/51/584 188/240/585
f 267/319/582 506/569/582 188/240/582 32/52/583
f 14/26/586 171/216/587 507/570/586 268/320/588
f 171/216/589 15/28/590 269/321/589 507/570/589
f 507/570/589 269/321/590 30/50/589 187/239/589
f 268/320/586 507/570/587 187/239/586 31/51/588
f 15/28/591 172/218/592 508/571/593 269/321/594
f 172/218/595 16/30/596 270/322/595 508/571/597
f 508/571/595 270/322/596 29/49/595 186/238/597
f 269/321/591 508/571/592 186/238/593 30/50/594
f 16/30/598 173/220/599 509/572/598 270/322/598
f 173/220/600 17/32/601 271/323/600 509/572/602
f 509/572/600 271/323/601 28/48/600 185/237/602
f 270/322/598 509/572/599 185/237/598 29/49/598
f 17/32/603 174/222/604 510/573/603 271/323/605
f 174/222/606 18/34/607 272/324/606 510/573/606
f 510/573/606 272/324/607 27/47/606 184/236/606
f 271/323/608 510/573/609 184/236/610 28/48/608
f 18/34/611 175/224/612 511/574/611 272/324/613
f 175/224/614 19/36/615 273/325/616 511/574/617
f 511/574/614 273/325/615 26/46/616 183/235/617
f 272/324/611 511/574/612 183/235/611 27/47/613
f 19/36/618 176/226/618 512/575/618 273/325/619
f 176/226/620 20/38/621 274/326/620 512/575/622
f 512/575/620 274/326/621 25/45/620 182/234/622
f 273/325/618 512/575/618 182/234/618 26/46/619
f 20/38/623 177/228/623 513/576/623 274/326/624
f 177/228/625 21/40/626 275/327/625 513/576/627
f 513/576/625 275/327/626 24/44/625 181/233/627
f 274/326/623 513/576/623 181/233/623 25/45/624
f 21/40/628 178/230/629 514/577/628 275/327/630
f 178/230/631 22/42/632 276/328/633 514/577/634
f 514/577/631 276/328/632 23/43/633 180/232/634
f 275/327/628 514/577/629 180/232/628 24/44/630
f 1/1/635 286/338/636 515/578/637 153/184/638
f 286/338/639 74/94/640 289/344/641 515/578/642
f 515/578/643 289/344/641 67/87/644 156/190/645
f 153/184/646 515/578/647 156/190/648 3/7/649
f 74/94/650 287/340/651 516/579/652 289/344/650
f 287/340/653 75/96/654 290/345/653 516/579/655
f 516/579/653 290/345/654 66/86/653 279/331/655
f 289/344/650 516/579/651 279/331/652 67/87/650
f 75/96/656 288/342/656 517/580/656 290/345/656
f 288/342/657 76/98/657 291/346/657 517/580/658
f 517/580/657 291/346/657 65/85/657 278/330/658
f 290/345/656 517/580/656 278/330/656 66/86/656
f 134/163/659 436/499/660 518/581/661 396/458/662
f 436/499/663 131/160/664 292/347/665 518/581/666
f 518/581/667 292/347/668 70/90/669 159/195/668
f 396/458/670 518/581/671 159/195/672 7/13/673
f 131/160/674 435/498/675 519/582/676 292/347/677
f 435/498/678 132/161/679 293/348/680 519/582/681
f 519/582/682 293/348/683 69/89/684 282/334/683
f 292/347/685 519/582/686 282/334/687 70/90/688
f 132/161/689 434/497/690 520/583/691 293/348/692
f 434/497/693 133/162/694 294/349/695 520/583/694
f 520/583/696 294/349/697 68/88/698 281/333/699
f 293/348/700 520/583/701 281/333/702 69/89/703
f 7/13/704 159/195/705 521/584/706 160/196/707
f 159/195/708 70/90/709 295/350/710 521/584/709
f 521/584/711 295/350/712 73/93/713 162/198/714
f 160/196/715 521/584/716 162/198/717 5/11/718
f 70/90/719 282/334/720 522/585/721 295/350/722
f 282/334/723 69/89/724 296/351/725 522/585/726
f 522/585/727 296/351/728 72/92/729 285/337/728
f 295/350/730 522/585/731 285/337/732 73/93/733
f 69/89/734 281/333/735 523/586/736 296/351/737
f 281/333/738 68/88/739 297/352/738 523/586/740
f 523/586/741 297/352/742 71/91/743 284/336/742
f 296/351/744 523/586/745 284/336/746 72/92/747
f 79/104/748 341/400/749 524/587/750 303/360/751
f 341/400/752 112/139/753 298/353/754 524/587/755
f 524/587/756 298/353/757 74/95/758 286/339/759
f 303/360/760 524/587/761 286/339/762 1/2/763
f 112/139/764 340/399/765 525/588/766 298/353/767
f 340/399/768 113/140/769 299/354/770 525/588/771
f 525/588/772 299/354/773 75/97/774 287/341/775
f 298/353/776 525/588/777 287/341/778 74/95/779
f 113/140/780 339/398/781 526/589/782 299/354/783
f 339/398/784 114/141/785 300/355/786 526/589/787
f 526/589/788 300/355/789 76/99/790 288/343/789
f 299/354/791 526/589/792 288/343/793 75/97/794
f 151/182/795 433/496/795 527/590/795 337/396/795
f 433/496/795 152/183/795 338/397/795 527/590/795
f 527/590/796 338/397/797 114/141/798 339/398/799
f 337/396/795 527/590/795 339/398/795 113/140/795
f 150/181/800 432/495/797 528/591/801 336/395/799
f 432/495/802 151/182/797 337/396/803 528/591/799
f 528/591/795 337/396/795 113/140/795 340/399/795
f 336/395/795 528/591/795 340/399/795 112/139/795
f 116/144/804 431/494/805 529/592/806 378/438/807
f 431/494/808 150/181/809 336/395/810 529/592/811
f 529/592/812 336/395/813 112/139/814 341/400/815
f 378/438/816 529/592/817 341/400/818 79/104/819
f 66/86/820 278/330/821 530/593/822 334/393/823
f 278/330/824 65/85/825 335/394/826 530/593/825
f 530/593/827 335/394/828 111/138/829 342/401/830
f 334/393/831 530/593/832 342/401/833 110/137/834
f 67/87/835 279/331/836 531/594/837 333/392/838
f 279/331/839 66/86/840 334/393/841 531/594/842
f 531/594/843 334/393/844 110/137/845 343/402/846
f 333/392/847 531/594/848 343/402/849 109/136/850
f 3/7/851 156/190/852 532/595/853 157/191/854
f 156/190/855 67/87/856 333/392/857 532/595/858
f 532/595/859 333/392/860 109/136/861 344/403/862
f 157/191/863 532/595/864 344/403/865 77/100/866
f 24/44/867 180/232/868 533/596/867 331/390/868
f 180/232/869 23/43/870 332/391/871 533/596/872
f 533/596/873 332/391/874 108/135/875 345/404/873
f 331/390/876 533/596/876 345/404/877 107/134/876
f 25/45/878 181/233/879 534/597/878 330/389/879
f 181/233/880 24/44/881 331/390/882 534/597/881
f 534/597/883 331/390/883 107/134/884 346/405/884
f 330/389/885 534/597/886 346/405/885 106/133/887
f 26/46/888 182/234/889 535/598/890 329/388/889
f 182/234/891 25/45/892 330/389/893 535/598/894
f 535/598/895 330/389/896 106/133/895 347/406/896
f 329/388/897 535/598/897 347/406/897 105/132/898
f 27/47/899 183/235/900 536/599/901 328/387/902
f 183/235/903 26/46/904 329/388/903 536/599/904
f 536/599/905 329/388/905 105/132/905 348/407/905
f 328/387/906 536/599/906 348/407/907 104/131/906
f 28/48/908 184/236/909 537/600/908 327/386/910
f 184/236/911 27/47/912 328/387/911 537/600/913
f 537/600/914 328/387/915 104/131/914 349/408/915
f 327/386/916 537/600/917 349/408/916 103/130/918
f 29/49/919 185/237/920 538/601/921 326/385/922
f 185/237/923 28/48/924 327/386/923 538/601/925
f 538/601/926 327/386/927 103/130/926 350/409/928
f 326/385/929 538/601/930 350/409/931 102/129/932
f 30/50/933 186/238/934 539/602/935 325/384/936
f 186/238/937 29/49/938 326/385/937 539/602/939
f 539/602/940 326/385/941 102/129/942 351/410/943
f 325/384/944 539/602/945 351/410/946 101/128/945
f 31/51/947 187/239/948 540/603/949 324/383/950
f 187/239/951 30/50/952 325/384/953 540/603/954
f 540/603/955 325/384/956 101/128/955 352/411/956
f 324/383/957 540/603/958 352/411/957 100/127/958
f 32/52/959 188/240/960 541/604/961 323/382/962
f 188/240/963 31/51/964 324/383/965 541/604/966
f 541/604/967 324/383/968 100/127/968 353/412/968
f 323/382/969 541/604/969 353/412/969 99/126/969
f 33/53/970 189/241/971 542/605/970 322/381/971
f 189/241/972 32/52/973 323/382/974 542/605/975
f 542/605/976 323/382/977 99/126/976 354/413/977
f 322/381/978 542/605/979 354/413/980 98/125/981
f 34/54/982 190/242/983 543/606/984 321/380/985
f 190/242/986 33/53/987 322/381/986 543/606/988
f 543/606/989 322/381/989 98/125/990 355/414/989
f 321/380/991 543/606/992 355/414/993 97/124/994
f 35/55/995 191/243/996 544/607/997 320/379/998
f 191/243/999 34/54/1000 321/380/999 544/607/1001
f 544/607/1002 321/380/1002 97/124/1003 356/415/1002
f 320/379/1004 544/607/1005 356/415/1006 96/123/1005
f 36/56/1007 192/244/1008 545/608/1009 319/378/1010
f 192/244/1011 35/55/1012 320/379/1013 545/608/1014
f 545/608/1015 320/379/1016 96/123/1017 357/416/1018
f 319/378/1019 545/608/1020 357/416/1019 95/122/1020
f 65/85/1021 277/329/1022 546/609/1021 335/394/1022
f 277/329/1023 36/56/1024 319/378/1025 546/609/1026
f 546/609/1027 319/378/1028 95/122/1028 358/417/1027
f 335/394/1029 546/609/1030 358/417/1031 111/138/1030
f 148/179/795 430/493/795 547/610/795 317/376/795
f 430/493/795 149/180/795 318/377/795 547/610/795
f 547/610/795 318/377/795 94/121/795 359/418/795
f 317/376/795 547/610/795 359/418/795 93/120/795
f 147/178/795 429/492/795 548/611/795 316/375/795
f 429/492/795 148/179/795 317/376/795 548/611/795
f 548/611/795 317/376/795 93/120/795 360/419/795
f 316/375/795 548/611/795 360/419/795 92/119/795
f 146/177/795 428/491/795 549/612/795 315/374/795
f 428/491/795 147/178/795 316/375/795 549/612/795
f 549/612/795 316/375/795 92/119/795 361/420/795
f 315/374/795 549/612/795 361/420/795 91/118/795
f 145/176/795 427/490/795 550/613/795 314/373/795
f 427/490/795 146/177/795 315/374/795 550/613/795
f 550/613/795 315/374/795 91/118/795 362/421/795
f 314/373/795 550/613/795 362/421/795 90/117/795
f 144/175/795 426/489/795 551/614/795 313/372/795
f 426/489/795 145/176/795 314/373/795 551/614/795
f 551/614/795 314/373/795 90/117/795 363/422/795
f 313/372/795 551/614/795 363/422/795 89/116/795
f 143/174/795 425/488/795 552/615/795 312/371/795
f 425/488/795 144/175/795 313/372/795 552/615/795
f 552/615/795 313/372/795 89/116/795 364/423/795
f 312/371/795 552/615/795 364/423/795 88/115/795
f 142/173/795 424/487/795 553/616/795 311/370/795
f 424/487/795 143/174/795 312/371/795 553/616/795
f 553/616/795 312/371/795 88/115/795 365/424/795
f 311/370/795 553/616/795 365/424/795 87/114/795
f 141/172/795 423/486/795 554/617/795 310/369/795
f 423/486/795 142/173/795 311/370/795 554/617/795
f 554/617/795 311/370/795 87/114/795 366/425/795
f 310/369/795 554/617/795 366/425/795 86/113/795
f 140/171/795 422/485/795 555/618/795 309/368/795
f 422/485/1032 141/172/1033 310/369/1034 555/618/1035
f 555/618/1032 310/369/1033 86/113/1036 367/426/1035
f 309/368/795 555/618/795 367/426/795 85/112/795
f 139/170/795 421/484/795 556/619/795 308/367/795
f 421/484/795 140/171/795 309/368/795 556/619/795
f 556/619/795 309/368/795 85/112/795 368/427/795
f 308/367/795 556/619/795 368/427/795 84/111/795
f 138/169/795 420/483/795 557/620/795 307/366/795
f 420/483/795 139/170/795 308/367/795 557/620/795
f 557/620/795 308/367/795 84/111/795 369/428/795
f 307/366/795 557/620/795 369/428/795 83/110/795
f 137/168/1037 419/482/1038 558/621/1039 306/365/799
f 419/482/795 138/169/795 307/366/795 558/621/795
f 558/621/795 307/366/795 83/110/795 370/429/795
f 306/365/1037 558/621/1038 370/429/1040 82/109/799
f 136/167/1041 418/481/797 559/622/798 305/364/799
f 418/481/795 137/168/795 306/365/795 559/622/795
f 559/622/795 306/365/795 82/109/795 371/430/795
f 305/364/795 559/622/795 371/430/795 81/108/795
f 152/183/795 417/480/795 560/623/795 338/397/795
f 417/480/795 136/167/795 305/364/795 560/623/795
f 560/623/1041 305/364/797 81/108/798 372/431/799
f 338/397/795 560/623/795 372/431/795 114/141/795
f 115/142/1042 377/436/1043 561/624/1044 416/479/1045
f 377/436/1046 78/102/1047 373/432/1046 561/624/1048
f 561/624/1049 373/432/1050 80/106/1049 304/362/1051
f 416/479/1052 561/624/1053 304/362/1054 135/166/1055
f 3/8/1056 157/192/1057 562/625/1058 153/185/1059
f 157/192/1060 77/101/1061 374/433/1060 562/625/1062
f 562/625/1063 374/433/1064 79/105/1065 303/361/1066
f 153/185/1067 562/625/1068 303/361/1069 1/3/1070
f 149/180/1071 415/478/1072 563/626/1073 318/377/1074
f 415/478/1075 135/165/1076 304/363/1077 563/626/1078
f 563/626/1079 304/363/1080 80/107/1081 375/434/1082
f 318/377/1083 563/626/1084 375/434/1085 94/121/1086
f 23/43/1087 179/231/1088 564/627/1089 332/391/1090
f 179/231/1091 4/10/1092 302/359/1093 564/627/1094
f 564/627/1095 302/359/1096 78/103/1097 376/435/1098
f 332/391/1099 564/627/1100 376/435/1101 108/135/1102
f 51/71/1103 207/259/1104 565/628/1105 411/474/1106
f 207/259/1107 6/12/1108 397/459/1109 565/628/1110
f 565/628/1111 397/459/1112 135/165/1113 415/478/1114
f 411/474/1115 565/628/1116 415/478/1117 149/180/1118
f 8/14/1119 158/194/1120 566/629/1121 161/197/1122
f 158/194/1123 115/142/1124 416/479/1125 566/629/1126
f 566/629/1127 416/479/1128 135/166/1129 397/460/1130
f 161/197/1131 566/629/1132 397/460/1133 6/12/1134
f 71/91/1135 283/335/1136 567/630/1137 414/477/1136
f 283/335/1138 64/84/1139 398/461/1140 567/630/1141
f 567/630/1142 398/461/1143 136/167/1144 417/480/1145
f 414/477/1146 567/630/1147 417/480/1148 152/183/1149
f 64/84/1150 220/272/1151 568/631/1150 398/461/1152
f 220/272/1153 63/83/1154 399/462/1153 568/631/1155
f 568/631/1156 399/462/1156 137/168/1157 418/481/1157
f 398/461/1158 568/631/1159 418/481/1160 136/167/1159
f 63/83/1161 219/271/1162 569/632/1161 399/462/1162
f 219/271/1163 62/82/1164 400/463/1165 569/632/1166
f 569/632/1167 400/463/1168 138/169/1167 419/482/1169
f 399/462/1170 569/632/1170 419/482/1170 137/168/1171
f 62/82/1172 218/270/1173 570/633/1174 400/463/1173
f 218/270/1175 61/81/1176 401/464/1175 570/633/1176
f 570/633/1177 401/464/1178 139/170/1177 420/483/1179
f 400/463/1180 570/633/1180 420/483/1180 138/169/1180
f 61/81/1181 217/269/1182 571/634/1183 401/464/1184
f 217/269/1185 60/80/1186 402/465/1187 571/634/1188
f 571/634/1189 402/465/1190 140/171/1189 421/484/1191
f 401/464/1192 571/634/1193 421/484/1192 139/170/1194
f 60/80/1195 216/268/1196 572/635/1195 402/465/1197
f 216/268/1198 59/79/1199 403/466/1200 572/635/1201
f 572/635/1202 403/466/1203 141/172/1202 422/485/1204
f 402/465/1205 572/635/1205 422/485/1205 140/171/1206
f 59/79/1207 215/267/1208 573/636/1209 403/466/1208
f 215/267/1210 58/78/1211 404/467/1210 573/636/1211
f 573/636/1212 404/467/1213 142/173/1212 423/486/1212
f 403/466/1214 573/636/1215 423/486/1216 141/172/1217
f 58/78/1218 214/266/1219 574/637/1220 404/467/1221
f 214/266/1222 57/77/1223 405/468/1224 574/637/1225
f 574/637/1226 405/468/1227 143/174/1228 424/487/1229
f 404/467/1230 574/637/1230 424/487/1230 142/173/1230
f 57/77/1231 213/265/1232 575/638/1231 405/468/1233
f 213/265/1234 56/76/1235 406/469/1234 575/638/1236
f 575/638/1237 406/469/1238 144/175/1239 425/488/1238
f 405/468/1240 575/638/1240 425/488/1240 143/174/1240
f 56/76/1241 212/264/1242 576/639/1243 406/469/1244
f 212/264/1245 55/75/1246 407/470/1247 576/639/1248
f 576/639/1249 407/470/1250 145/176/1250 426/489/1250
f 406/469/1251 576/639/1251 426/489/1251 144/175/1251
f 55/75/1252 211/263/1253 577/640/1254 407/470/1255
f 211/263/1256 54/74/1257 408/471/1256 577/640/1258
f 577/640/1259 408/471/1260 146/177/1261 427/490/1262
f 407/470/1263 577/640/1263 427/490/1264 145/176/1265
f 54/74/1266 210/262/1267 578/641/1268 408/471/1269
f 210/262/1270 53/73/1271 409/472/1272 578/641/1271
f 578/641/1273 409/472/1274 147/178/1273 428/491/1274
f 408/471/1275 578/641/1275 428/491/1275 146/177/1276
f 53/73/1277 209/261/1278 579/642/1279 409/472/1280
f 209/261/1281 52/72/1281 410/473/1282 579/642/1281
f 579/642/1283 410/473/1283 148/179/1283 429/492/1284
f 409/472/1285 579/642/1286 429/492/1287 147/178/1288
f 52/72/1289 208/260/1290 580/643/1289 410/473/1290
f 208/260/1291 51/71/1292 411/474/1293 580/643/1294
f 580/643/1295 411/474/1296 149/180/1296 430/493/1296
f 410/473/1297 580/643/1297 430/493/1297 148/179/1297
f 5/11/1298 162/198/1299 581/644/1300 163/200/1301
f 162/198/1302 73/93/1303 412/475/1304 581/644/1305
f 581/644/1306 412/475/1307 150/181/1308 431/494/1309
f 163/200/1310 581/644/1311 431/494/1312 116/144/1313
f 73/93/1314 285/337/1315 582/645/1316 412/475/1317
f 285/337/1318 72/92/1319 413/476/1318 582/645/1320
f 582/645/1321 413/476/1322 151/182/1323 432/495/1324
f 412/475/1325 582/645/1326 432/495/1327 150/181/1328
f 72/92/1329 284/336/1330 583/646/1329 413/476/1330
f 284/336/1331 71/91/1332 414/477/1331 583/646/1333
f 583/646/1334 414/477/1335 152/183/1336 433/496/1337
f 413/476/1338 583/646/1339 433/496/1340 151/182/1341
f 110/137/1342 342/401/1342 584/647/1342 394/455/1342
f 342/401/1343 111/138/1344 395/456/1345 584/647/1346
f 584/647/1342 395/456/1342 133/162/1342 434/497/1342
f 394/455/1342 584/647/1342 434/497/1342 132/161/1342
f 109/136/1342 343/402/1342 585/648/1342 393/454/1342
f 343/402/1342 110/137/1342 394/455/1342 585/648/1342
f 585/648/1347 394/455/1344 132/161/1348 435/498/1346
f 393/454/1349 585/648/1344 435/498/1350 131/160/1346
f 77/100/1351 344/403/1352 586/649/1353 301/356/1354
f 344/403/1355 109/136/1356 393/454/1357 586/649/1358
f 586/649/1359 393/454/1360 131/160/1361 436/499/1362
f 301/356/1363 586/649/1364 436/499/1365 134/163/1366
f 107/134/1342 345/404/1342 587/650/1342 391/452/1342
f 345/404/1342 108/135/1342 392/453/1342 587/650/1342
f 587/650/1342 392/453/1342 130/159/1342 437/500/1342
f 391/452/1342 587/650/1342 437/500/1342 129/158/1342
f 106/133/1342 346/405/1342 588/651/1342 390/451/1342
f 346/405/1342 107/134/1342 391/452/1342 588/651/1342
f 588/651/1367 391/452/1368 129/158/1369 438/501/1350
f 390/451/1342 588/651/1342 438/501/1342 128/157/1342
f 105/132/1342 347/406/1342 589/652/1342 389/450/1342
f 347/406/1342 106/133/1342 390/451/1342 589/652/1342
f 589/652/1342 390/451/1342 128/157/1342 439/502/1342
f 389/450/1342 589/652/1342 439/502/1342 127/156/1342
f 104/131/1342 348/407/1342 590/653/1342 388/449/1342
f 348/407/1342 105/132/1342 389/450/1342 590/653/1342
f 590/653/1342 389/450/1342 127/156/1342 440/503/1342
f 388/449/1342 590/653/1342 440/503/1342 126/155/1342
f 103/130/1342 349/408/1342 591/654/1342 387/448/1342
f 349/408/1342 104/131/1342 388/449/1342 591/654/1342
f 591/654/1342 388/449/1342 126/155/1342 441/504/1342
f 387/448/1342 591/654/1342 441/504/1342 125/154/1342
f 102/129/1342 350/409/1342 592/655/1342 386/447/1342
f 350/409/1342 103/130/1342 387/448/1342 592/655/1342
f 592/655/1342 387/448/1342 125/154/1342 442/505/1342
f 386/447/1342 592/655/1342 442/505/1342 124/153/1342
f 101/128/1342 351/410/1342 593/656/1342 385/446/1342
f 351/410/1342 102/129/1342 386/447/1342 593/656/1342
f 593/656/1342 386/447/1342 124/153/1342 443/506/1342
f 385/446/1342 593/656/1342 443/506/1342 123/152/1342
f 100/127/1342 352/411/1342 594/657/1342 384/445/1342
f 352/411/1342 101/128/1342 385/446/1342 594/657/1342
f 594/657/1342 385/446/1342 123/152/1342 444/507/1342
f 384/445/1342 594/657/1342 444/507/1342 122/151/1342
f 99/126/1342 353/412/1342 595/658/1342 383/444/1342
f 353/412/1370 100/127/1371 384/445/1372 595/658/1373
f 595/658/1374 384/445/1371 122/151/1372 445/508/1373
f 383/444/1342 595/658/1342 445/508/1342 121/150/1342
f 98/125/1342 354/413/1342 596/659/1342 382/443/1342
f 354/413/1342 99/126/1342 383/444/1342 596/659/1342
f 596/659/1342 383/444/1342 121/150/1342 446/509/1342
f 382/443/1342 596/659/1342 446/509/1342 120/149/1342
f 97/124/1342 355/414/1342 597/660/1342 381/442/1342
f 355/414/1342 98/125/1342 382/443/1342 597/660/1342
f 597/660/1342 382/443/1342 120/149/1342 447/510/1342
f 381/442/1342 597/660/1342 447/510/1342 119/148/1342
f 96/123/1342 356/415/1342 598/661/1342 380/441/1342
f 356/415/1342 97/124/1342 381/442/1342 598/661/1342
f 598/661/1342 381/442/1342 119/148/1342 448/511/1342
f 380/441/1342 598/661/1342 448/511/1342 118/147/1342
f 95/122/1342 357/416/1342 599/662/1342 379/440/1342
f 357/416/1342 96/123/1342 380/441/1342 599/662/1342
f 599/662/1342 380/441/1342 118/147/1342 449/512/1342
f 379/440/1342 599/662/1342 449/512/1342 117/146/1342
f 111/138/1342 358/417/1342 600/663/1342 395/456/1342
f 358/417/1343 95/122/1344 379/440/1375 600/663/1346
f 600/663/1342 379/440/1342 117/146/1342 450/513/1342
f 395/456/1342 600/663/1342 450/513/1342 133/162/1342
f 77/101/1376 301/357/1377 601/664/1378 374/433/1379
f 301/357/1380 134/164/1381 451/514/1382 601/664/1383
f 601/664/1384 451/514/1385 116/145/1386 378/439/1387
f 374/433/1388 601/664/1389 378/439/1390 79/105/1391
f 108/135/1392 376/435/1393 602/665/1394 392/453/1395
f 376/435/1396 78/103/1397 377/437/1398 602/665/1399
f 602/665/1400 377/437/1401 115/143/1402 452/515/1403
f 392/453/1404 602/665/1405 452/515/1406 130/159/1407
f 618/695/1408 604/669/1408 606/674/1408 619/696/1408
f 619/696/1409 606/674/1410 610/679/1411 627/704/1412
f 627/704/1413 610/679/1413 608/677/1413 635/712/1413
f 635/712/1414 608/677/1415 604/670/1416 618/694/1417
f 605/672/1418 609/678/1419 607/676/1418 603/666/1420
f 610/679/1421 606/675/1421 604/671/1421 608/677/1421
f 607/676/795 642/719/795 611/680/795 603/667/795
f 642/719/795 641/718/795 612/682/795 611/680/795
f 641/718/795 640/717/795 613/684/795 612/682/795
f 640/717/795 639/716/795 614/686/795 613/684/795
f 639/716/795 638/715/795 615/688/795 614/686/795
f 638/715/795 637/714/795 616/690/795 615/688/795
f 637/714/1422 636/713/1415 617/692/1423 616/690/1417
f 636/713/795 635/712/795 618/694/795 617/692/795
f 609/678/1424 634/711/1425 642/719/1424 607/676/1424
f 634/711/1426 633/710/1427 641/718/1426 642/719/1428
f 633/710/1429 632/709/1430 640/717/1429 641/718/1429
f 632/709/1431 631/708/1432 639/716/1431 640/717/1433
f 631/708/1434 630/707/1435 638/715/1434 639/716/1436
f 630/707/1437 629/706/1437 637/714/1437 638/715/1438
f 629/706/1439 628/705/1440 636/713/1439 637/714/1441
f 628/705/1442 627/704/1442 635/712/1442 636/713/1443
f 605/673/1342 626/703/1342 634/711/1342 609/678/1342
f 626/703/1342 625/702/1342 633/710/1342 634/711/1342
f 625/702/1342 624/701/1342 632/709/1342 633/710/1342
f 624/701/1342 623/700/1342 631/708/1342 632/709/1342
f 623/700/1342 622/699/1342 630/707/1342 631/708/1342
f 622/699/1342 621/698/1342 629/706/1342 630/707/1342
f 621/698/1444 620/697/1410 628/705/1445 629/706/1412
f 620/697/1342 619/696/1342 627/704/1342 628/705/1342
f 603/668/1446 611/681/1447 626/703/1446 605/673/1446
f 611/681/1448 612/683/1449 625/702/1448 626/703/1450
f 612/683/1451 613/685/1451 624/701/1451 625/702/1451
f 613/685/1452 614/687/1453 623/700/1452 624/701/1452
f 614/687/1454 615/689/1454 622/699/1454 623/700/1455
f 615/689/1456 616/691/1457 621/698/1456 622/699/1456
f 616/691/1458 617/693/1459 620/697/1458 621/698/1460
f 617/693/1458 618/695/1459 619/696/1458 620/697/1460
usemtl Material.001
f 643/720/1461 645/726/1462 646/728/1461 644/723/1462
f 645/726/1463 647/730/1464 648/732/1463 646/728/1465
f 647/730/1466 649/734/1466 650/736/1466 648/732/1466
f 649/734/1467 651/738/1468 652/740/1467 650/736/1467
f 651/738/1469 653/742/1469 654/744/1469 652/740/1470
f 653/742/1471 655/746/1472 656/748/1471 654/744/1473
f 655/746/1474 657/750/1475 658/752/1475 656/748/1476
f 657/750/1477 659/754/1478 660/756/1477 658/752/1478
f 659/754/1479 661/758/1479 662/760/1479 660/756/1480
f 661/758/1481 663/762/1482 664/764/1481 662/760/1483
f 663/762/1484 665/766/1485 666/768/1486 664/764/1487
f 665/766/1488 667/770/1489 668/772/1488 666/768/1489
f 667/770/1490 669/774/1491 670/776/1490 668/772/1492
f 669/774/1493 671/778/1494 672/780/1493 670/776/1495
f 671/778/1496 673/782/1497 674/784/1496 672/780/1496
f 673/782/1498 675/786/1499 676/788/1500 674/784/1500
f 675/786/1501 677/790/1501 678/792/1502 676/788/1503
f 677/790/1504 679/794/1504 680/796/1504 678/792/1505
f 679/794/1506 681/798/1507 682/800/1506 680/796/1508
f 681/798/1509 683/802/1510 684/804/1509 682/800/1511
f 683/802/1512 685/806/1513 686/808/1512 684/804/1513
f 685/806/1514 687/810/1515 688/812/1516 686/808/1517
f 687/810/1518 689/814/1519 690/816/1518 688/812/1520
f 689/814/1521 691/818/1522 692/820/1521 690/816/1521
f 691/818/1523 693/822/1524 694/824/1523 692/820/1524
f 693/822/1525 695/826/1526 696/828/1527 694/824/1525
f 695/826/1528 697/830/1529 698/832/1528 696/828/1530
f 697/830/1531 699/834/1532 700/836/1531 698/832/1531
f 699/834/1533 701/838/1533 702/840/1533 700/836/1534
f 701/838/1535 703/842/1535 704/844/1535 702/840/1535
f 703/842/1536 705/846/1537 706/848/1536 704/844/1538
f 705/846/1539 707/850/1540 708/852/1539 706/848/1540
f 707/850/1541 709/854/1541 710/856/1541 708/852/1542
f 709/854/1543 711/858/1544 712/860/1543 710/856/1545
f 711/858/1546 713/862/1547 714/864/1546 712/860/1548
f 713/862/1549 715/866/1549 716/868/1549 714/864/1549
f 715/866/1550 717/870/1550 718/872/1550 716/868/1550
f 717/870/1551 719/874/1552 720/876/1551 718/872/1553
f 719/874/1554 721/878/1554 722/880/1554 720/876/1555
f 721/878/1556 723/882/1557 724/884/1556 722/880/1556
f 723/882/1558 725/886/1558 726/888/1558 724/884/1559
f 725/886/1560 727/890/1561 728/892/1560 726/888/1562
f 727/890/1563 729/894/1564 730/896/1563 728/892/1565
f 729/894/1566 731/898/1567 732/900/1566 730/896/1568
f 731/898/1569 733/902/1570 734/904/1569 732/900/1571
f 733/902/1572 735/906/1573 736/908/1572 734/904/1574
f 735/906/1575 737/910/1575 738/912/1575 736/908/1576
f 737/910/1577 739/914/1577 740/916/1577 738/912/1578
f 739/914/1579 741/918/1580 742/920/1579 740/916/1579
f 741/918/1581 743/922/1582 744/924/1581 742/920/1581
f 743/922/1583 745/926/1584 746/928/1583 744/924/1585
f 745/926/1586 747/930/1587 748/932/1586 746/928/1588
f 747/930/1589 749/934/1590 750/936/1589 748/932/1591
f 749/934/1592 751/938/1593 752/940/1592 750/936/1594
f 751/938/1595 753/942/1596 754/944/1595 752/940/1597
f 753/942/1598 755/946/1599 756/948/1598 754/944/1598
f 755/946/1600 757/950/1600 758/952/1600 756/948/1601
f 757/950/1602 759/954/1603 760/956/1602 758/952/1602
f 759/954/1604 761/958/1605 762/960/1604 760/956/1606
f 761/958/1607 763/962/1607 764/964/1607 762/960/1607
f 763/962/1608 765/966/1608 766/968/1608 764/964/1608
f 765/966/1609 767/970/1610 768/973/1609 766/968/1611
f 646/729/1408 648/733/1408 650/737/1408 652/741/1408 654/745/1408 656/749/1408 658/753/1408 660/757/1408 662/761/1408 664/765/1408 666/769/1408 668/773/1612 670/777/1612 672/781/1612 674/785/1612 676/789/1612 678/793/1612 680/797/1612 682/801/1612 684/805/1408 686/809/1408 688/813/1408 690/817/1408 692/821/1408 694/825/1408 696/829/1408 698/833/1408 700/837/1408 702/841/1408 704/845/1408 706/849/1408 708/853/1408 710/857/1408 712/861/1408 714/865/1408 716/869/1408 718/873/1408 720/877/1408 722/881/1408 724/885/1408 726/889/1408 728/893/1408 730/897/1408 732/901/1408 734/905/1408 736/909/1408 738/913/1408 740/917/1408 742/921/1408 744/925/1408 746/929/1408 748/933/1408 750/937/1408 752/941/1408 754/945/1408 756/949/1408 758/953/1408 760/957/1408 762/961/1408 764/965/1408 766/969/1408 768/972/1408 770/976/1408 644/724/1408
f 767/970/1613 769/974/1614 770/977/1613 768/973/1615
f 769/974/1616 643/721/1617 644/725/1616 770/977/1616
f 643/722/1413 769/975/1413 767/971/1413 765/967/1413 763/963/1413 761/959/1413 759/955/1413 757/951/1413 755/947/1413 753/943/1413 751/939/1413 749/935/1413 747/931/1413 745/927/1413 743/923/1413 741/919/1413 739/915/1413 737/911/1413 735/907/1413 733/903/1413 731/899/1413 729/895/1413 727/891/1413 725/887/1413 723/883/1413 721/879/1413 719/875/1413 717/871/1413 715/867/1413 713/863/1413 711/859/1413 709/855/1413 707/851/1413 705/847/1413 703/843/1413 701/839/1413 699/835/1413 697/831/1413 695/827/1413 693/823/1413 691/819/1413 689/815/1413 687/811/1413 685/807/1413 683/803/1413 681/799/1413 679/795/1413 677/791/1413 675/787/1413 673/783/1413 671/779/1413 669/775/1413 667/771/1413 665/767/1413 663/763/1413 661/759/1413 659/755/1413 657/751/1413 655/747/1413 653/743/1413 651/739/1413 649/735/1413 647/731/1413 645/727/1413
f 771/978/1618 772/981/1619 774/986/1618 773/984/1619
f 773/984/1620 774/986/1620 776/990/1620 775/988/1620
f 775/988/1621 776/990/1621 778/994/1621 777/992/1621
f 777/992/1622 778/994/1623 780/998/1624 779/996/1625
f 779/996/1626 780/998/1626 782/1002/1626 781/1000/1626
f 781/1000/1627 782/1002/1627 784/1006/1627 783/1004/1627
f 783/1004/1628 784/1006/1628 786/1010/1628 785/1008/1628
f 785/1008/1629 786/1010/1629 788/1014/1629 787/1012/1629
f 787/1012/1630 788/1014/1630 790/1018/1630 789/1016/1630
f 789/1016/1631 790/1018/1631 792/1022/1631 791/1020/1631
f 791/1020/1632 792/1022/1632 794/1026/1632 793/1024/1632
f 793/1024/1633 794/1026/1633 796/1030/1633 795/1028/1633
f 795/1028/1634 796/1030/1635 798/1034/1636 797/1032/1637
f 797/1032/1638 798/1034/1638 800/1038/1638 799/1036/1638
f 799/1036/1639 800/1038/1639 802/1042/1639 801/1040/1639
f 801/1040/1640 802/1042/1641 804/1046/1640 803/1044/1641
f 803/1044/1642 804/1046/1643 806/1050/1642 805/1048/1643
f 805/1048/1644 806/1050/1644 808/1054/1644 807/1052/1644
f 807/1052/1645 808/1054/1645 810/1058/1645 809/1056/1645
f 809/1056/1646 810/1058/1646 812/1062/1646 811/1060/1646
f 811/1060/1647 812/1062/1648 814/1066/1649 813/1064/1648
f 813/1064/1650 814/1066/1650 816/1070/1650 815/1068/1650
f 815/1068/1651 816/1070/1651 818/1074/1651 817/1072/1651
f 817/1072/1652 818/1074/1652 820/1078/1652 819/1076/1652
f 819/1076/1653 820/1078/1653 822/1082/1653 821/1080/1653
f 821/1080/1654 822/1082/1654 824/1086/1654 823/1084/1654
f 823/1084/1655 824/1086/1655 826/1090/1655 825/1088/1655
f 825/1088/1656 826/1090/1657 828/1094/1656 827/1092/1658
f 827/1092/1659 828/1094/1659 830/1098/1659 829/1096/1659
f 829/1096/1660 830/1098/1660 832/1103/1660 831/1100/1660
f 774/987/1661 772/982/1661 834/1106/1661 832/1102/1661 830/1099/1661 828/1095/1661 826/1091/1661 824/1087/1661 822/1083/1661 820/1079/1661 818/1075/1661 816/1071/1661 814/1067/1661 812/1063/1661 810/1059/1661 808/1055/1661 806/1051/1661 804/1047/1661 802/1043/1661 800/1039/1661 798/1035/1661 796/1031/1661 794/1027/1661 792/1023/1661 790/1019/1661 788/1015/1661 786/1011/1661 784/1007/1661 782/1003/1661 780/999/1661 778/995/1661 776/991/1661
f 831/1100/1662 832/1103/1662 834/1107/1662 833/1104/1662
f 833/1104/1663 834/1107/1664 772/983/1665 771/979/1664
f 771/980/1666 773/985/1666 775/989/1666 777/993/1666 779/997/1666 781/1001/1666 783/1005/1666 785/1009/1666 787/1013/1666 789/1017/1666 791/1021/1666 793/1025/1666 795/1029/1666 797/1033/1666 799/1037/1666 801/1041/1666 803/1045/1666 805/1049/1666 807/1053/1666 809/1057/1666 811/1061/1666 813/1065/1666 815/1069/1666 817/1073/1666 819/1077/1666 821/1081/1666 823/1085/1666 825/1089/1666 827/1093/1666 829/1097/1666 831/1101/1666 833/1105/1666
f 835/1108/1667 836/1111/1668 838/1116/1669 837/1114/1668
f 837/1114/1670 838/1116/1671 840/1120/1672 839/1118/1673
f 839/1118/1621 840/1120/1621 842/1124/1621 841/1122/1621
f 841/1122/1674 842/1124/1675 844/1128/1676 843/1126/1675
f 843/1126/1677 844/1128/1678 846/1132/1677 845/1130/1679
f 845/1130/1627 846/1132/1627 848/1136/1627 847/1134/1627
f 847/1134/1680 848/1136/1680 850/1140/1680 849/1138/1680
f 849/1138/1681 850/1140/1682 852/1144/1683 851/1142/1684
f 851/1142/1685 852/1144/1686 854/1148/1687 853/1146/1688
f 853/1146/1689 854/1148/1689 856/1152/1689 855/1150/1689
f 855/1150/1632 856/1152/1632 858/1156/1632 857/1154/1632
f 857/1154/1690 858/1156/1691 860/1160/1692 859/1158/1693
f 859/1158/1694 860/1160/1695 862/1164/1694 861/1162/1695
f 861/1162/1638 862/1164/1638 864/1168/1638 863/1166/1638
f 863/1166/1696 864/1168/1697 866/1172/1698 865/1170/1699
f 865/1170/1700 866/1172/1700 868/1176/1700 867/1174/1700
f 867/1174/1701 868/1176/1702 870/1180/1703 869/1178/1704
f 869/1178/1705 870/1180/1706 872/1184/1707 871/1182/1706
f 871/1182/1645 872/1184/1645 874/1188/1645 873/1186/1645
f 873/1186/1708 874/1188/1708 876/1192/1708 875/1190/1708
f 875/1190/1709 876/1192/1709 878/1196/1709 877/1194/1709
f 877/1194/1710 878/1196/1710 880/1200/1710 879/1198/1710
f 879/1198/1711 880/1200/1712 882/1204/1713 881/1202/1714
f 881/1202/1715 882/1204/1715 884/1208/1715 883/1206/1715
f 883/1206/1716 884/1208/1716 886/1212/1716 885/1210/1716
f 885/1210/1717 886/1212/1718 888/1216/1717 887/1214/1719
f 887/1214/1720 888/1216/1720 890/1220/1720 889/1218/1720
f 889/1218/1721 890/1220/1721 892/1224/1721 891/1222/1721
f 891/1222/1722 892/1224/1722 894/1228/1722 893/1226/1722
f 893/1226/1660 894/1228/1660 896/1233/1660 895/1230/1660
f 838/1117/1661 836/1112/1661 898/1236/1661 896/1232/1661 894/1229/1661 892/1225/1661 890/1221/1661 888/1217/1661 886/1213/1661 884/1209/1661 882/1205/1661 880/1201/1661 878/1197/1661 876/1193/1661 874/1189/1661 872/1185/1661 870/1181/1661 868/1177/1661 866/1173/1661 864/1169/1661 862/1165/1661 860/1161/1661 858/1157/1661 856/1153/1661 854/1149/1661 852/1145/1661 850/1141/1661 848/1137/1661 846/1133/1661 844/1129/1661 842/1125/1661 840/1121/1661
f 895/1230/1723 896/1233/1724 898/1237/1725 897/1234/1724
f 897/1234/1726 898/1237/1727 836/1113/1726 835/1109/1727
f 835/1110/1666 837/1115/1666 839/1119/1666 841/1123/1666 843/1127/1666 845/1131/1666 847/1135/1666 849/1139/1666 851/1143/1666 853/1147/1666 855/1151/1666 857/1155/1666 859/1159/1666 861/1163/1666 863/1167/1666 865/1171/1666 867/1175/1666 869/1179/1666 871/1183/1666 873/1187/1666 875/1191/1666 877/1195/1666 879/1199/1666 881/1203/1666 883/1207/1666 885/1211/1666 887/1215/1666 889/1219/1666 891/1223/1666 893/1227/1666 895/1231/1666 897/1235/1666
f 931/1286/1413 900/1241/1413 902/1246/1413 932/1287/1413
f 932/1287/1728 902/1246/1728 906/1251/1728 937/1292/1728
f 937/1292/1729 906/1251/1729 904/1249/1729 942/1297/1729
f 942/1297/1730 904/1249/1730 900/1242/1730 931/1285/1730
f 901/1244/1731 905/1250/1732 903/1248/1731 899/1238/1733
f 906/1251/1734 902/1247/1735 900/1243/1734 904/1249/1734
f 919/1265/1342 910/1256/1342 907/1252/1342 926/1276/1342
f 915/1261/1736 909/1255/1736 910/1256/1736 919/1265/1736
f 911/1257/795 908/1254/795 909/1255/795 915/1261/795
f 926/1275/1413 907/1253/1413 908/1254/1413 911/1257/1413
f 899/1239/1413 923/1269/1413 914/1260/1413 901/1245/1413
f 923/1269/1413 924/1271/1413 913/1259/1413 914/1260/1413
f 924/1271/1413 925/1273/1413 912/1258/1413 913/1259/1413
f 925/1273/1413 926/1275/1413 911/1257/1413 912/1258/1413
f 901/1245/1737 914/1260/1738 918/1264/1739 905/1250/1740
f 914/1260/795 913/1259/795 917/1263/795 918/1264/795
f 913/1259/795 912/1258/795 916/1262/795 917/1263/795
f 912/1258/795 911/1257/795 915/1261/795 916/1262/795
f 905/1250/1741 918/1264/1742 922/1268/1741 903/1248/1743
f 918/1264/1744 917/1263/1745 921/1267/1744 922/1268/1746
f 917/1263/1747 916/1262/1747 920/1266/1747 921/1267/1747
f 916/1262/1748 915/1261/1748 919/1265/1748 920/1266/1748
f 903/1248/1749 922/1268/1750 923/1270/1751 899/1240/1752
f 922/1268/1342 921/1267/1342 924/1272/1342 923/1270/1342
f 921/1267/1342 920/1266/1342 925/1274/1342 924/1272/1342
f 920/1266/1342 919/1265/1342 926/1276/1342 925/1274/1342
f 910/1256/1753 946/1301/1753 927/1277/1753 907/1252/1753
f 946/1301/1754 945/1300/1754 928/1279/1754 927/1277/1754
f 945/1300/1755 944/1299/1755 929/1281/1755 928/1279/1755
f 944/1299/1756 943/1298/1756 930/1283/1756 929/1281/1756
f 943/1298/1757 942/1297/1758 931/1285/1759 930/1283/1760
f 909/1255/1761 941/1296/1761 946/1301/1761 910/1256/1761
f 941/1296/1762 940/1295/1763 945/1300/1764 946/1301/1765
f 940/1295/1766 939/1294/1766 944/1299/1766 945/1300/1766
f 939/1294/1767 938/1293/1767 943/1298/1767 944/1299/1767
f 938/1293/1768 937/1292/1768 942/1297/1768 943/1298/1768
f 908/1254/1769 936/1291/1769 941/1296/1769 909/1255/1769
f 936/1291/1770 935/1290/1770 940/1295/1770 941/1296/1770
f 935/1290/1771 934/1289/1771 939/1294/1771 940/1295/1771
f 934/1289/1772 933/1288/1772 938/1293/1772 939/1294/1772
f 933/1288/1773 932/1287/1774 937/1292/1775 938/1293/1776
f 907/1253/1413 927/1278/1413 936/1291/1413 908/1254/1413
f 927/1278/1413 928/1280/1413 935/1290/1413 936/1291/1413
f 928/1280/1777 929/1282/1778 934/1289/1779 935/1290/1780
f 929/1282/1413 930/1284/1413 933/1288/1413 934/1289/1413
f 930/1284/1413 931/1286/1413 932/1287/1413 933/1288/1413
f 1137/1601/1413 948/1306/1413 950/1309/1413 1138/1602/1413
f 955/1323/1781 1147/1611/1781 1202/1686/1781 953/1316/1781
f 953/1316/1782 951/1310/1783 1201/1683/1784 1199/1679/1785 952/1315/1786 954/1321/1787 1200/1682/1788 1202/1686/1789
f 1162/1631/1790 1154/1620/1790 948/1305/1790 1137/1600/1790
f 955/1322/1791 953/1316/1791 951/1310/1791 957/1326/1791
f 1178/1652/1792 1177/1651/1792 1043/1494/1792 1044/1496/1792
f 954/1321/1793 956/1324/1793 958/1328/1793 952/1315/1793
f 1039/1486/1794 955/1322/1795 957/1326/1794 1042/1492/1796
f 951/1310/1797 1201/1683/1797 1146/1610/1797 957/1327/1797
f 1141/1605/1798 1041/1491/1798 956/1325/1798 1140/1604/1798
f 983/1374/1799 954/1319/1799 952/1313/1799 978/1364/1799
f 979/1367/1800 1110/1573/1800 1201/1684/1800 951/1311/1800
f 1029/1466/1801 960/1331/1801 962/1333/1801 1023/1454/1801
f 1057/1520/1802 959/1330/1802 961/1332/1802 1058/1521/1802
f 1096/1559/1803 1028/1465/1803 959/1330/1803 1057/1520/1803
f 1078/1541/1804 994/1397/1805 966/1341/1806 1059/1522/1807
f 995/1398/1808 963/1334/1809 965/1338/1810 990/1388/1811
f 1085/1548/1812 1018/1445/1812 964/1337/1812 1060/1523/1812
f 1016/1440/1813 966/1340/1813 964/1336/1813 1018/1444/1813
f 1009/1426/1814 967/1342/1814 969/1346/1814 1005/1418/1814
f 1084/1547/1815 1008/1425/1815 970/1348/1815 1061/1524/1815
f 1074/1537/1816 1002/1413/1816 968/1345/1816 1062/1525/1816
f 991/1390/1817 970/1349/1817 968/1344/1817 1002/1412/1817
f 953/1317/1818 1202/1685/1819 1103/1566/1820 974/1357/1821
f 1063/1526/1822 983/1375/1823 984/1376/1824 1064/1527/1825
f 1064/1527/1826 984/1376/1826 985/1378/1826 1065/1528/1826
f 1065/1528/1827 985/1378/1827 986/1381/1827 1066/1529/1827
f 953/1318/1828 974/1356/1829 979/1366/1830 951/1312/1831
f 974/1356/1814 973/1354/1814 980/1368/1814 979/1366/1814
f 973/1354/1832 972/1352/1832 981/1370/1832 980/1368/1832
f 972/1352/1833 971/1350/1834 982/1372/1835 981/1370/1836
f 1081/1544/1837 1014/1437/1838 975/1358/1839 1067/1530/1838
f 1067/1530/1840 975/1358/1840 976/1360/1840 1068/1531/1840
f 1068/1531/1841 976/1360/1842 977/1362/1841 1069/1532/1842
f 1069/1532/1843 977/1362/1843 978/1365/1843 1070/1533/1843
f 1006/1420/1844 986/1380/1844 975/1359/1844 1014/1436/1844
f 986/1380/1845 985/1379/1846 976/1361/1845 975/1359/1847
f 985/1379/1848 984/1377/1849 977/1363/1848 976/1361/1850
f 984/1377/1851 983/1374/1851 978/1364/1851 977/1363/1851
f 966/1340/1852 994/1396/1852 999/1406/1852 964/1336/1852
f 994/1396/1853 993/1394/1853 1000/1408/1853 999/1406/1853
f 993/1394/1854 992/1392/1854 1001/1410/1854 1000/1408/1854
f 992/1392/1855 991/1390/1855 1002/1412/1855 1001/1410/1855
f 1060/1523/1856 964/1337/1857 999/1407/1858 1071/1534/1859
f 1071/1534/1860 999/1407/1860 1000/1409/1860 1072/1535/1860
f 1072/1535/1861 1000/1409/1861 1001/1411/1861 1073/1536/1861
f 1073/1536/1862 1001/1411/1862 1002/1413/1862 1074/1537/1862
f 967/1342/1808 998/1404/1809 987/1382/1810 969/1346/1811
f 998/1404/1808 997/1402/1809 988/1384/1810 987/1382/1811
f 997/1402/1814 996/1400/1814 989/1386/1814 988/1384/1814
f 996/1400/1808 995/1398/1809 990/1388/1810 989/1386/1811
f 1061/1524/1863 970/1348/1863 991/1391/1863 1075/1538/1863
f 1075/1538/1864 991/1391/1864 992/1393/1864 1076/1539/1864
f 1076/1539/1865 992/1393/1865 993/1395/1865 1077/1540/1865
f 1077/1540/1866 993/1395/1867 994/1397/1868 1078/1541/1869
f 970/1349/1870 1008/1424/1871 1012/1432/1870 968/1344/1872
f 1008/1424/1873 1007/1422/1874 1013/1434/1873 1012/1432/1875
f 1007/1422/1876 1006/1420/1877 1014/1436/1876 1013/1434/1875
f 1062/1525/1878 968/1345/1878 1012/1433/1878 1079/1542/1878
f 1079/1542/1879 1012/1433/1880 1013/1435/1881 1080/1543/1882
f 1080/1543/1883 1013/1435/1884 1014/1437/1885 1081/1544/1886
f 1066/1529/1887 986/1381/1888 1006/1421/1889 1082/1545/1890
f 1082/1545/1891 1006/1421/1891 1007/1423/1891 1083/1546/1891
f 1083/1546/1892 1007/1423/1893 1008/1425/1894 1084/1547/1893
f 971/1350/1814 1011/1430/1814 1003/1414/1814 982/1372/1814
f 1011/1430/1832 1010/1428/1832 1004/1416/1832 1003/1414/1832
f 1010/1428/1814 1009/1426/1814 1005/1418/1814 1004/1416/1814
f 1024/1456/1895 1016/1440/1895 1018/1444/1895 1038/1485/1895
f 1091/1554/1896 1038/1484/1896 1018/1445/1896 1085/1548/1896
f 1059/1522/1897 966/1341/1897 1016/1441/1897 1086/1549/1897
f 963/1334/1832 1017/1442/1832 1015/1438/1832 965/1338/1832
f 1058/1521/1898 961/1332/1898 1034/1476/1898 1087/1550/1898
f 1087/1550/1899 1034/1476/1900 1035/1478/1901 1088/1551/1902
f 1088/1551/1903 1035/1478/1903 1036/1480/1903 1089/1552/1903
f 1089/1552/1904 1036/1480/1905 1037/1482/1906 1090/1553/1907
f 1090/1553/1908 1037/1482/1908 1038/1484/1908 1091/1554/1908
f 959/1330/1909 1028/1464/1910 1034/1477/1909 961/1332/1911
f 1028/1464/1912 1027/1462/1913 1035/1479/1912 1034/1477/1914
f 1027/1462/1915 1026/1460/1916 1036/1481/1915 1035/1479/1917
f 1026/1460/1918 1025/1458/1919 1037/1483/1918 1036/1481/1920
f 1025/1458/1921 1024/1456/1922 1038/1485/1923 1037/1483/1924
f 1086/1549/1925 1016/1441/1925 1024/1457/1925 1092/1555/1925
f 1092/1555/1926 1024/1457/1927 1025/1459/1928 1093/1556/1929
f 1093/1556/1930 1025/1459/1930 1026/1461/1930 1094/1557/1930
f 1094/1557/1931 1026/1461/1931 1027/1463/1931 1095/1558/1931
f 1095/1558/1932 1027/1463/1933 1028/1465/1934 1096/1559/1935
f 1017/1442/1936 1033/1474/1937 1019/1446/1936 1015/1438/1938
f 1033/1474/1939 1032/1472/1940 1020/1448/1939 1019/1446/1941
f 1032/1472/1942 1031/1470/1943 1021/1450/1942 1020/1448/1944
f 1031/1470/1939 1030/1468/1940 1022/1452/1939 1021/1450/1941
f 1030/1468/1945 1029/1466/1945 1023/1454/1945 1022/1452/1945
f 1194/1674/1946 1187/1663/1947 1041/1491/1948 1141/1605/1949
f 1190/1669/1950 1039/1486/1951 1042/1492/1950 1188/1665/1952
f 956/1324/1953 1041/1490/1953 1040/1488/1953 958/1328/1953
f 1139/1603/1954 958/1329/1954 1040/1489/1954 1142/1606/1954
f 1173/1645/1955 1051/1508/1955 1055/1516/1955 1174/1647/1955
f 1198/1678/1956 1179/1654/1957 1045/1497/1958 1192/1672/1959
f 1179/1653/1960 1180/1655/1960 1046/1499/1960 1045/1498/1960
f 1184/1660/1961 1178/1652/1962 1044/1496/1961 1158/1625/1962
f 1197/1677/1963 1181/1657/1963 1052/1510/1963 1189/1667/1963
f 1186/1662/1964 1182/1658/1964 1051/1508/1964 1173/1645/1964
f 1189/1666/1953 1052/1509/1953 1051/1507/1953 1192/1671/1953
f 1171/1643/1965 1047/1502/1965 1050/1506/1965 1166/1636/1965
f 1169/1640/795 1165/1634/795 1049/1504/795 1143/1607/795
f 1193/1673/1342 1191/1670/1342 1048/1503/1342 1144/1608/1342
f 1160/1629/1966 1054/1514/1967 1053/1511/1966 1159/1626/1968
f 1158/1625/1969 1044/1496/1969 1054/1515/1969 1160/1628/1969
f 1044/1496/1970 1043/1494/1971 1053/1512/1972 1054/1515/1971
f 1051/1507/1973 1052/1509/1974 1056/1518/1975 1055/1517/1974
f 1135/1598/795 1095/1558/795 1096/1559/795 1136/1599/795
f 1134/1597/795 1094/1557/795 1095/1558/795 1135/1598/795
f 1133/1596/795 1093/1556/795 1094/1557/795 1134/1597/795
f 1132/1595/795 1092/1555/795 1093/1556/795 1133/1596/795
f 1126/1589/795 1086/1549/795 1092/1555/795 1132/1595/795
f 1130/1593/1342 1090/1553/1342 1091/1554/1342 1131/1594/1342
f 1129/1592/1342 1089/1552/1342 1090/1553/1342 1130/1593/1342
f 1128/1591/1342 1088/1551/1342 1089/1552/1342 1129/1592/1342
f 1127/1590/1342 1087/1550/1342 1088/1551/1342 1128/1591/1342
f 1098/1561/1976 1058/1521/1976 1087/1550/1976 1127/1590/1976
f 1131/1594/1342 1091/1554/1342 1085/1548/1342 1125/1588/1342
f 1123/1586/795 1083/1546/795 1084/1547/795 1124/1587/795
f 1122/1585/1977 1082/1545/1978 1083/1546/1979 1123/1586/1980
f 1106/1569/795 1066/1529/795 1082/1545/795 1122/1585/795
f 1120/1583/1342 1080/1543/1342 1081/1544/1342 1121/1584/1342
f 1119/1582/1342 1079/1542/1342 1080/1543/1342 1120/1583/1342
f 1102/1565/1342 1062/1525/1342 1079/1542/1342 1119/1582/1342
f 1117/1580/1977 1077/1540/1981 1078/1541/1979 1118/1581/1980
f 1116/1579/795 1076/1539/795 1077/1540/795 1117/1580/795
f 1115/1578/795 1075/1538/795 1076/1539/795 1116/1579/795
f 1101/1564/795 1061/1524/795 1075/1538/795 1115/1578/795
f 1113/1576/1342 1073/1536/1342 1074/1537/1342 1114/1577/1342
f 1112/1575/1342 1072/1535/1342 1073/1536/1342 1113/1576/1342
f 1111/1574/1982 1071/1534/1983 1072/1535/1984 1112/1575/1985
f 1100/1563/1342 1060/1523/1342 1071/1534/1342 1111/1574/1342
f 1109/1572/1342 1069/1532/1342 1070/1533/1342 1110/1573/1342
f 1108/1571/1342 1068/1531/1342 1069/1532/1342 1109/1572/1342
f 1107/1570/1982 1067/1530/1986 1068/1531/1984 1108/1571/1985
f 1121/1584/1342 1081/1544/1342 1067/1530/1342 1107/1570/1342
f 1105/1568/1977 1065/1528/1738 1066/1529/1979 1106/1569/1987
f 1104/1567/795 1064/1527/795 1065/1528/795 1105/1568/795
f 1103/1566/795 1063/1526/795 1064/1527/795 1104/1567/795
f 1114/1577/1342 1074/1537/1342 1062/1525/1342 1102/1565/1342
f 1124/1587/795 1084/1547/795 1061/1524/795 1101/1564/795
f 1125/1588/1982 1085/1548/1988 1060/1523/1984 1100/1563/1989
f 1118/1581/795 1078/1541/795 1059/1522/795 1099/1562/795
f 1136/1599/1990 1096/1559/1990 1057/1520/1990 1097/1560/1990
f 1097/1560/1802 1057/1520/1802 1058/1521/1802 1098/1561/1802
f 960/1331/1802 1097/1560/1802 1098/1561/1802 962/1333/1802
f 1029/1467/1991 1136/1599/1992 1097/1560/1993 960/1331/1994
f 995/1399/1995 1118/1581/1995 1099/1562/1995 963/1335/1995
f 1015/1439/1996 1125/1588/1996 1100/1563/1996 965/1339/1996
f 1009/1427/1997 1124/1587/1998 1101/1564/1999 967/1343/2000
f 987/1383/2001 1114/1577/2001 1102/1565/2001 969/1347/2001
f 974/1357/2002 1103/1566/2002 1104/1567/2002 973/1355/2002
f 973/1355/2003 1104/1567/2003 1105/1568/2003 972/1353/2003
f 972/1353/2004 1105/1568/2004 1106/1569/2004 971/1351/2004
f 1003/1415/2005 1121/1584/2005 1107/1570/2005 982/1373/2005
f 982/1373/2006 1107/1570/2006 1108/1571/2006 981/1371/2006
f 981/1371/2007 1108/1571/2007 1109/1572/2007 980/1369/2007
f 980/1369/2008 1109/1572/2008 1110/1573/2008 979/1367/2008
f 965/1339/2009 1100/1563/2009 1111/1574/2009 990/1389/2009
f 990/1389/2010 1111/1574/2010 1112/1575/2010 989/1387/2010
f 989/1387/2011 1112/1575/2012 1113/1576/2013 988/1385/2014
f 988/1385/2015 1113/1576/2015 1114/1577/2015 987/1383/2015
f 967/1343/2016 1101/1564/2016 1115/1578/2016 998/1405/2016
f 998/1405/2017 1115/1578/2017 1116/1579/2017 997/1403/2017
f 997/1403/2018 1116/1579/2019 1117/1580/2018 996/1401/2020
f 996/1401/2021 1117/1580/2021 1118/1581/2021 995/1399/2021
f 969/1347/2022 1102/1565/2023 1119/1582/2024 1005/1419/2025
f 1005/1419/2026 1119/1582/2026 1120/1583/2026 1004/1417/2026
f 1004/1417/2027 1120/1583/2028 1121/1584/2027 1003/1415/2029
f 971/1351/2030 1106/1569/2030 1122/1585/2030 1011/1431/2030
f 1011/1431/2031 1122/1585/2031 1123/1586/2031 1010/1429/2031
f 1010/1429/2032 1123/1586/2032 1124/1587/2032 1009/1427/2032
f 1019/1447/2033 1131/1594/2033 1125/1588/2033 1015/1439/2033
f 963/1335/2034 1099/1562/2034 1126/1589/2034 1017/1443/2034
f 962/1333/2035 1098/1561/2036 1127/1590/2037 1023/1455/2038
f 1023/1455/2039 1127/1590/2039 1128/1591/2039 1022/1453/2039
f 1022/1453/2040 1128/1591/2041 1129/1592/2042 1021/1451/2043
f 1021/1451/2044 1129/1592/2044 1130/1593/2044 1020/1449/2044
f 1020/1449/2045 1130/1593/2045 1131/1594/2045 1019/1447/2045
f 1017/1443/2046 1126/1589/2046 1132/1595/2046 1033/1475/2046
f 1033/1475/2047 1132/1595/2047 1133/1596/2047 1032/1473/2047
f 1032/1473/2048 1133/1596/2048 1134/1597/2048 1031/1471/2048
f 1031/1471/2049 1134/1597/2050 1135/1598/2051 1030/1469/2052
f 1030/1469/2053 1135/1598/2053 1136/1599/2053 1029/1467/2053
f 1196/1676/1342 1193/1673/1342 1144/1608/1342 1151/1615/1342
f 1170/1641/795 1169/1640/795 1143/1607/795 1150/1614/795
f 1146/1610/1342 1139/1603/1342 1142/1606/1342 1149/1613/1342
f 1195/1675/795 1194/1674/795 1141/1605/795 1148/1612/795
f 1148/1612/795 1141/1605/795 1140/1604/795 1147/1611/795
f 1163/1632/2054 1162/1631/2054 1137/1600/2054 1152/1617/2054
f 1152/1616/1413 1137/1601/1413 1138/1602/1413 1145/1609/1413
f 947/1302/1413 1152/1616/1413 1145/1609/1413 949/1307/1413
f 1157/1623/2055 1163/1632/2055 1152/1617/2055 947/1303/2055
f 1039/1487/2056 1148/1612/2056 1147/1611/2056 955/1323/2056
f 1190/1668/2057 1195/1675/2057 1148/1612/2057 1039/1487/2057
f 957/1327/2058 1146/1610/2058 1149/1613/2058 1042/1493/2058
f 1171/1642/2059 1170/1641/2059 1150/1614/2059 1047/1501/2059
f 1188/1664/2060 1196/1676/2061 1151/1615/2060 1050/1505/2062
f 949/1307/2063 1145/1609/2063 1164/1633/2063 1153/1618/2063
f 1166/1635/2064 1176/1649/2065 1163/1632/2064 1157/1623/2066
f 1176/1649/1342 1175/1648/1342 1162/1631/1342 1163/1632/1342
f 1145/1609/2067 1138/1602/2067 1161/1630/2067 1164/1633/2067
f 1167/1637/2068 1158/1625/2068 1160/1628/2068 1168/1639/2068
f 1168/1638/1953 1160/1629/1953 1159/1626/1953 1174/1646/1953
f 1138/1602/2069 950/1309/2069 1156/1622/2069 1161/1630/2069
f 949/1308/2070 1153/1619/1951 1157/1624/2070 947/1304/2071
f 1177/1650/2072 1183/1659/2073 1155/1621/2072 1043/1495/2073
f 1185/1661/795 1184/1660/795 1158/1625/795 1167/1637/795
f 1043/1495/2074 1155/1621/2074 1159/1627/2074 1053/1513/2074
f 1175/1648/1342 1172/1644/1342 1154/1620/1342 1162/1631/1342
f 1144/1608/1342 1048/1503/1342 1172/1644/1342 1175/1648/1342
f 1181/1657/2075 1185/1661/2075 1167/1637/2075 1052/1510/2075
f 1056/1518/1953 1168/1638/1953 1174/1646/1953 1055/1517/1953
f 1052/1510/2076 1167/1637/2076 1168/1639/2076 1056/1519/2076
f 1151/1615/1342 1144/1608/1342 1175/1648/1342 1176/1649/1342
f 1050/1505/2077 1151/1615/2077 1176/1649/2077 1166/1635/2077
f 1153/1618/2078 1164/1633/2079 1170/1641/2078 1171/1642/2079
f 1164/1633/795 1161/1630/795 1169/1640/795 1170/1641/795
f 1161/1630/795 1156/1622/795 1165/1634/795 1169/1640/795
f 1153/1619/1965 1171/1643/1965 1166/1636/1965 1157/1624/1965
f 1183/1659/1342 1186/1662/1342 1173/1645/1342 1155/1621/1342
f 1155/1621/2080 1173/1645/2080 1174/1647/2080 1159/1627/2080
f 1154/1620/1342 1172/1644/1342 1186/1662/1342 1183/1659/1342
f 1049/1504/795 1165/1634/795 1185/1661/795 1181/1657/795
f 1165/1634/795 1156/1622/795 1184/1660/795 1185/1661/795
f 948/1305/2081 1154/1620/2073 1183/1659/2081 1177/1650/2082
f 1172/1644/1342 1048/1503/1342 1182/1658/1342 1186/1662/1342
f 1187/1663/795 1049/1504/795 1181/1657/795 1197/1677/795
f 1156/1622/2083 950/1309/2084 1178/1652/2083 1184/1660/2084
f 1040/1488/1973 1041/1490/1974 1180/1655/1975 1179/1653/1974
f 1191/1670/2085 1040/1489/2086 1179/1654/2087 1198/1678/2088
f 950/1309/1970 948/1306/1971 1177/1651/1972 1178/1652/1971
f 1048/1503/1342 1191/1670/1342 1198/1678/1342 1182/1658/1342
f 1041/1491/2089 1187/1663/2090 1197/1677/2089 1180/1656/2090
f 1042/1493/2091 1149/1613/2091 1196/1676/2091 1188/1664/2091
f 1047/1501/2092 1150/1614/2093 1195/1675/2094 1190/1668/2095
f 1150/1614/795 1143/1607/795 1194/1674/795 1195/1675/795
f 1149/1613/1342 1142/1606/1342 1193/1673/1342 1196/1676/1342
f 1142/1606/2096 1040/1489/2097 1191/1670/2098 1193/1673/2099
f 1046/1499/1953 1189/1666/1953 1192/1671/1953 1045/1498/1953
f 1180/1656/2100 1197/1677/2101 1189/1667/2102 1046/1500/2103
f 1182/1658/2104 1198/1678/2104 1192/1672/2104 1051/1508/2104
f 1047/1502/1965 1190/1669/1965 1188/1665/1965 1050/1506/1965
f 1143/1607/795 1049/1504/795 1187/1663/795 1194/1674/795
f 1199/1680/2105 1070/1533/2106 978/1365/2105 952/1314/2107
f 1139/1603/2108 1199/1679/2109 952/1315/2110 958/1329/2111
f 1063/1526/2112 1200/1681/2113 954/1320/2114 983/1375/2115
f 1200/1682/2116 1140/1604/2116 956/1325/2116 954/1321/2116
f 1146/1610/1342 1201/1683/1342 1199/1679/1342 1139/1603/1342
f 1201/1684/2117 1110/1573/2117 1070/1533/2117 1199/1680/2117
f 1103/1566/2118 1202/1685/2118 1200/1681/2118 1063/1526/2118
f 1202/1686/795 1147/1611/795 1140/1604/795 1200/1682/795
f 1308/1829/2119 1206/1695/2119 1204/1690/2119 1334/1881/2119
f 1210/1700/2120 1316/1845/2121 1326/1865/2120 1208/1698/2122
f 1316/1845/2119 1315/1843/2119 1327/1867/2119 1326/1865/2119
f 1315/1843/2119 1314/1841/2119 1328/1869/2119 1327/1867/2119
f 1314/1841/2119 1313/1839/2119 1329/1871/2119 1328/1869/2119
f 1313/1839/2120 1312/1837/2121 1330/1873/2120 1329/1871/2122
f 1312/1837/2119 1311/1835/2119 1331/1875/2119 1330/1873/2119
f 1311/1835/2119 1310/1833/2119 1332/1877/2119 1331/1875/2119
f 1310/1833/2120 1309/1831/2121 1333/1879/2120 1332/1877/2122
f 1309/1831/2119 1308/1829/2119 1334/1881/2119 1333/1879/2119
f 1731/2280/1413 1732/2281/1413 1734/2285/1413 1733/2284/1413
f 1733/2284/795 1734/2285/795 1738/2290/795 1737/2289/795
f 1737/2289/1408 1738/2290/1408 1736/2288/1408 1735/2287/1408
f 1735/2287/1342 1736/2288/1342 1732/2282/1342 1731/2279/1342
f 1735/2287/1342 1731/2279/1342 1740/2293/1342 1742/2295/1342
f 1738/2290/2123 1734/2286/2123 1732/2283/2123 1736/2288/2123
f 1741/2294/2124 1742/2295/2124 1746/2300/2124 1745/2299/2124
f 1733/2284/795 1737/2289/795 1741/2294/795 1739/2291/795
f 1731/2280/1413 1733/2284/1413 1739/2291/1413 1740/2292/1413
f 1737/2289/1408 1735/2287/1408 1742/2295/1408 1741/2294/1408
f 1746/2300/1342 1744/2297/1342 1748/2303/1342 1750/2305/1342
f 1740/2292/2125 1739/2291/2125 1743/2296/2125 1744/2298/2125
f 1742/2295/1342 1740/2293/1342 1744/2297/1342 1746/2300/1342
f 1739/2291/795 1741/2294/795 1745/2299/795 1743/2296/795
f 1749/2304/2126 1750/2305/2127 1754/2310/2128 1753/2309/2127
f 1743/2296/795 1745/2299/795 1749/2304/795 1747/2301/795
f 1745/2299/2129 1746/2300/2129 1750/2305/2129 1749/2304/2129
f 1744/2298/2130 1743/2296/2130 1747/2301/2130 1748/2302/2130
f 1753/2309/2131 1754/2310/2131 1758/2315/2131 1757/2314/2131
f 1748/2302/2132 1747/2301/2132 1751/2306/2132 1752/2307/2132
f 1750/2305/1342 1748/2303/1342 1752/2308/1342 1754/2310/1342
f 1747/2301/795 1749/2304/795 1753/2309/795 1751/2306/795
f 1758/2315/2133 1756/2312/2134 1760/2318/2135 1762/2320/2136
f 1752/2307/2137 1751/2306/2137 1755/2311/2137 1756/2313/2137
f 1754/2310/1342 1752/2308/1342 1756/2312/1342 1758/2315/1342
f 1751/2306/795 1753/2309/795 1757/2314/795 1755/2311/795
f 1761/2319/2138 1762/2320/2138 1766/2325/2138 1765/2324/2138
f 1755/2311/2139 1757/2314/2140 1761/2319/2141 1759/2316/2142
f 1757/2314/2143 1758/2315/2143 1762/2320/2143 1761/2319/2143
f 1756/2313/2144 1755/2311/2144 1759/2316/2144 1760/2317/2144
f 1764/2322/2145 1763/2321/2145 1767/2326/2145 1768/2328/2145
f 1760/2317/2146 1759/2316/2146 1763/2321/2146 1764/2322/2146
f 1762/2320/1445 1760/2318/2147 1764/2323/2148 1766/2325/2149
f 1759/2316/1422 1761/2319/2150 1765/2324/2151 1763/2321/1980
f 1770/2330/2152 1768/2327/2153 1772/2333/2152 1774/2335/2153
f 1766/2325/1342 1764/2323/1342 1768/2327/1342 1770/2330/1342
f 1763/2321/795 1765/2324/795 1769/2329/795 1767/2326/795
f 1765/2324/2154 1766/2325/2155 1770/2330/2156 1769/2329/2155
f 1773/2334/2157 1774/2335/2157 1778/2340/2157 1777/2339/2157
f 1767/2326/1737 1769/2329/2158 1773/2334/2159 1771/2331/2160
f 1769/2329/2161 1770/2330/2161 1774/2335/2161 1773/2334/2161
f 1768/2328/2162 1767/2326/2163 1771/2331/2162 1772/2332/2163
f 1778/2340/1342 1776/2337/1342 1780/2343/1342 1782/2345/1342
f 1772/2332/2164 1771/2331/2164 1775/2336/2164 1776/2338/2164
f 1774/2335/1342 1772/2333/1342 1776/2337/1342 1778/2340/1342
f 1771/2331/795 1773/2334/795 1777/2339/795 1775/2336/795
f 1779/2341/795 1781/2344/795 1785/2349/795 1783/2346/795
f 1775/2336/795 1777/2339/795 1781/2344/795 1779/2341/795
f 1777/2339/2165 1778/2340/2165 1782/2345/2165 1781/2344/2165
f 1776/2338/2166 1775/2336/2166 1779/2341/2166 1780/2342/2166
f 1785/2349/2167 1786/2350/2168 1790/2355/2169 1789/2354/2170
f 1781/2344/2171 1782/2345/2172 1786/2350/2171 1785/2349/2172
f 1780/2342/2173 1779/2341/2174 1783/2346/2175 1784/2347/2174
f 1782/2345/1342 1780/2343/1342 1784/2348/1342 1786/2350/1342
f 1788/2352/2176 1787/2351/2176 1791/2356/2176 1792/2358/2176
f 1784/2347/2177 1783/2346/2177 1787/2351/2177 1788/2352/2177
f 1786/2350/1342 1784/2348/1342 1788/2353/1342 1790/2355/1342
f 1783/2346/795 1785/2349/795 1789/2354/795 1787/2351/795
f 1794/2360/2136 1792/2357/2178 1796/2363/2179 1798/2365/2180
f 1790/2355/1342 1788/2353/1342 1792/2357/1342 1794/2360/1342
f 1787/2351/795 1789/2354/795 1793/2359/795 1791/2356/795
f 1789/2354/2181 1790/2355/2181 1794/2360/2181 1793/2359/2181
f 1797/2364/2182 1798/2365/2182 1802/2370/2182 1801/2369/2182
f 1791/2356/2183 1793/2359/2184 1797/2364/2185 1795/2361/2186
f 1793/2359/2187 1794/2360/2187 1798/2365/2187 1797/2364/2187
f 1792/2358/2188 1791/2356/2188 1795/2361/2188 1796/2362/2188
f 1801/2369/2189 1802/2370/2190 1806/2377/2191 1805/2376/2190
f 1796/2362/2192 1795/2361/2193 1799/2366/2194 1800/2367/2195
f 1798/2365/1342 1796/2363/1342 1800/2368/1342 1802/2370/1342
f 1795/2361/795 1797/2364/795 1801/2369/795 1799/2366/795
f 1803/2371/2196 1805/2376/2197 1806/2377/2196 1804/2373/2198
f 1800/2367/2199 1799/2366/2199 1803/2372/2199 1804/2374/2199
f 1802/2370/1342 1800/2368/1342 1804/2375/1342 1806/2377/1342
f 1799/2366/795 1801/2369/795 1805/2376/795 1803/2372/795
f 1834/2422/1413 1835/2423/1413 1810/2387/1413 1808/2381/1413
f 1843/2431/2200 1837/2425/2200 1814/2391/2201 1816/2395/2200
f 1837/2425/2202 1839/2427/2203 1812/2389/2203 1814/2391/2203
f 1841/2429/2204 1834/2421/2205 1808/2382/2206 1818/2399/2205
f 1815/2392/1421 1817/2396/1421 1811/2388/1421 1813/2390/1421
f 1816/2394/2123 1818/2398/2123 1808/2383/2123 1810/2386/2123
f 1830/2415/2207 1828/2411/2208 1827/2410/2207 1829/2413/2209
f 1809/2384/1421 1807/2378/1421 1817/2396/1421 1815/2392/1421
f 1839/2427/2210 1841/2429/2210 1818/2399/2211 1812/2389/2210
f 1835/2423/2212 1843/2431/2213 1816/2395/2214 1810/2387/2213
f 1809/2385/2215 1815/2393/2215 1824/2406/2216 1820/2402/2215
f 1811/2388/2217 1817/2397/2217 1823/2405/2218 1822/2404/2217
f 1817/2397/2217 1807/2379/2217 1819/2400/2218 1823/2405/2217
f 1813/2390/1408 1811/2388/1408 1822/2404/1408 1821/2403/1408
f 1815/2393/2215 1813/2390/2215 1821/2403/2216 1824/2406/2215
f 1807/2380/2219 1809/2385/2220 1820/2402/2221 1819/2401/2220
f 1826/2409/2222 1827/2410/2223 1828/2412/2224 1825/2408/2225
f 1832/2418/2226 1826/2409/2227 1825/2407/2226 1831/2417/2228
f 1831/2416/2229 1825/2408/2230 1828/2412/2231 1830/2414/2232
f 1829/2413/2233 1827/2410/2234 1826/2409/2235 1832/2418/2236
f 1812/2389/1408 1829/2413/1408 1832/2418/1408 1814/2391/1612
f 1816/2394/2237 1831/2416/2238 1830/2414/2239 1818/2398/2240
f 1814/2391/2241 1832/2418/2242 1831/2417/2242 1816/2395/2241
f 1818/2399/2243 1830/2415/2243 1829/2413/2244 1812/2389/2244
f 1820/2402/2245 1824/2406/2246 1844/2432/2247 1836/2424/2246
f 1836/2424/2248 1844/2432/2248 1843/2431/2248 1835/2423/2248
f 1822/2404/2249 1823/2405/2249 1842/2430/2250 1840/2428/2249
f 1840/2428/2251 1842/2430/2252 1841/2429/2253 1839/2427/2254
f 1823/2405/2255 1819/2400/2256 1833/2419/2257 1842/2430/2256
f 1842/2430/2258 1833/2419/2259 1834/2421/2258 1841/2429/2259
f 1821/2403/2260 1822/2404/2261 1840/2428/2262 1838/2426/2263
f 1838/2426/2264 1840/2428/2265 1839/2427/2266 1837/2425/2267
f 1824/2406/2245 1821/2403/2245 1838/2426/2268 1844/2432/2245
f 1844/2432/2269 1838/2426/2270 1837/2425/2271 1843/2431/2272
f 1819/2401/1413 1820/2402/1413 1836/2424/1413 1833/2420/1413
f 1833/2420/1413 1836/2424/1413 1835/2423/1413 1834/2422/1413
f 2038/2801/795 1868/2478/795 1852/2446/795 2023/2786/795
f 2285/3051/1612 2200/2966/1612 1850/2444/1612 2024/2787/1612
f 2204/2970/2123 2198/2963/2123 1846/2436/2123 1858/2457/2123
f 2258/3024/2123 2201/2967/2123 1856/2453/2123 1966/2674/2123
f 2201/2967/2273 2204/2970/2274 1858/2457/2275 1856/2453/2276
f 2210/2976/2123 2205/2971/2123 1864/2469/2123 1880/2501/2123
f 2200/2966/2123 2207/2973/2123 1877/2495/2123 1850/2444/2123
f 2207/2973/2123 2208/2974/2123 1878/2497/2123 1877/2495/2123
f 2208/2974/2123 2209/2975/2123 1879/2499/2123 1878/2497/2123
f 2209/2975/2123 2210/2976/2123 1880/2501/2123 1879/2499/2123
f 2226/2992/2123 2216/2982/2123 1882/2505/2123 1924/2589/2123
f 2205/2971/2123 2217/2983/2123 1915/2571/2123 1864/2469/2123
f 2217/2983/2123 2218/2984/2123 1916/2573/2123 1915/2571/2123
f 2218/2984/2123 2219/2985/2123 1917/2575/2123 1916/2573/2123
f 2219/2985/2123 2220/2986/2123 1918/2577/2123 1917/2575/2123
f 2220/2986/2123 2221/2987/2123 1919/2579/2123 1918/2577/2123
f 2221/2987/2123 2222/2988/2123 1920/2581/2123 1919/2579/2123
f 2222/2988/2123 2223/2989/2123 1921/2583/2123 1920/2581/2123
f 2223/2989/2123 2224/2990/2123 1922/2585/2123 1921/2583/2123
f 2224/2990/2123 2225/2991/2123 1923/2587/2123 1922/2585/2123
f 2225/2991/2123 2226/2992/2123 1924/2589/2123 1923/2587/2123
f 2238/3004/2123 2259/3025/2123 1972/2685/2123 1926/2593/2123
f 2288/3054/1408 2285/3051/1408 2024/2787/1408 2111/2874/1408
f 2293/3061/2277 2292/3059/2277 2109/2872/2277 1847/2439/2277
f 2199/2965/1612 2288/3054/1612 2111/2874/1612 1849/2443/1612
f 2290/3057/1612 2380/3148/1612 2288/3054/1612 2199/2965/1612
f 2380/3148/1408 2379/3147/1408 2285/3051/1408 2288/3054/1408
f 2332/3100/2123 2353/3121/2123 2259/3025/2123 2238/3004/2123
f 2319/3087/2123 2320/3088/2123 2226/2992/2123 2225/2991/2123
f 2318/3086/2273 2319/3087/2274 2225/2991/2275 2224/2990/2276
f 2317/3085/2123 2318/3086/2123 2224/2990/2123 2223/2989/2123
f 2316/3084/2273 2317/3085/2274 2223/2989/2275 2222/2988/2276
f 2315/3083/2123 2316/3084/2123 2222/2988/2123 2221/2987/2123
f 2314/3082/2273 2315/3083/2274 2221/2987/2275 2220/2986/2276
f 2313/3081/2123 2314/3082/2123 2220/2986/2123 2219/2985/2123
f 2312/3080/2123 2313/3081/2123 2219/2985/2123 2218/2984/2123
f 2311/3079/2123 2312/3080/2123 2218/2984/2123 2217/2983/2123
f 2299/3067/2123 2311/3079/2123 2217/2983/2123 2205/2971/2123
f 2320/3088/2123 2310/3078/2123 2216/2982/2123 2226/2992/2123
f 2303/3071/2123 2304/3072/2123 2210/2976/2123 2209/2975/2123
f 2302/3070/2123 2303/3071/2123 2209/2975/2123 2208/2974/2123
f 2301/3069/2123 2302/3070/2123 2208/2974/2123 2207/2973/2123
f 2294/3062/2123 2301/3069/2123 2207/2973/2123 2200/2966/2123
f 2304/3072/2123 2299/3067/2123 2205/2971/2123 2210/2976/2123
f 2295/3063/2123 2298/3066/2123 2204/2970/2123 2201/2967/2123
f 2352/3120/2123 2295/3063/2123 2201/2967/2123 2258/3024/2123
f 2298/3066/2123 2289/3055/2123 2198/2963/2123 2204/2970/2123
f 2379/3147/1612 2294/3062/1612 2200/2966/1612 2285/3051/1612
f 2023/2786/1612 1852/2446/1612 2294/3062/1612 2379/3147/1612
f 1859/2459/2123 1848/2441/2123 2289/3055/2123 2298/3066/2123
f 1967/2676/2273 1854/2449/2274 2295/3063/2275 2352/3120/2276
f 1854/2449/2273 1859/2459/2274 2298/3066/2275 2295/3063/2276
f 1865/2471/2123 1861/2463/2123 2299/3067/2123 2304/3072/2123
f 1852/2446/2123 1868/2477/2123 2301/3069/2123 2294/3062/2123
f 1868/2477/2123 1867/2475/2123 2302/3070/2123 2301/3069/2123
f 1867/2475/2123 1866/2473/2123 2303/3071/2123 2302/3070/2123
f 1866/2473/2123 1865/2471/2123 2304/3072/2123 2303/3071/2123
f 1885/2511/2273 1883/2508/2274 2310/3078/2275 2320/3088/2276
f 1861/2463/2273 1894/2529/2274 2311/3079/2275 2299/3067/2276
f 1894/2529/2273 1893/2527/2274 2312/3080/2275 2311/3079/2276
f 1893/2527/2273 1892/2525/2274 2313/3081/2275 2312/3080/2276
f 1892/2525/2273 1891/2523/2274 2314/3082/2275 2313/3081/2276
f 1891/2523/2123 1890/2521/2123 2315/3083/2123 2314/3082/2123
f 1890/2521/2273 1889/2519/2274 2316/3084/2275 2315/3083/2276
f 1889/2519/2123 1888/2517/2123 2317/3085/2123 2316/3084/2123
f 1888/2517/2273 1887/2515/2274 2318/3086/2275 2317/3085/2276
f 1887/2515/2123 1886/2513/2123 2319/3087/2123 2318/3086/2123
f 1886/2513/2123 1885/2511/2123 2320/3088/2123 2319/3087/2123
f 1927/2596/2123 1969/2680/2123 2353/3121/2123 2332/3100/2123
f 2110/2873/1408 2023/2786/1408 2379/3147/1408 2380/3148/1408
f 1851/2445/2278 2110/2873/2279 2380/3148/2278 2290/3057/2280
f 2381/3149/2281 2382/3152/2281 2384/3157/2281 2383/3155/2281
f 2383/3155/2282 2384/3157/2283 2386/3161/2284 2385/3159/2283
f 2385/3159/2285 2386/3161/2286 2388/3165/2287 2387/3163/2288
f 2387/3163/2289 2388/3165/2290 2390/3169/2291 2389/3167/2290
f 2389/3167/2292 2390/3169/2293 2392/3173/2292 2391/3171/2293
f 2391/3171/2294 2392/3173/2295 2394/3177/2296 2393/3175/2295
f 2393/3175/2297 2394/3177/2298 2396/3181/2299 2395/3179/2300
f 2395/3179/2301 2396/3181/2301 2398/3185/2301 2397/3183/2301
f 2397/3183/2302 2398/3185/2302 2400/3189/2302 2399/3187/2302
f 2399/3187/2303 2400/3189/2303 2402/3193/2303 2401/3191/2303
f 2401/3191/2304 2402/3193/2305 2404/3197/2306 2403/3195/2305
f 2403/3195/2307 2404/3197/2307 2406/3201/2307 2405/3199/2307
f 2405/3199/2308 2406/3201/2308 2408/3205/2308 2407/3203/2308
f 2407/3203/2309 2408/3205/2309 2410/3209/2309 2409/3207/2309
f 2409/3207/2310 2410/3209/2310 2412/3213/2310 2411/3211/2310
f 2411/3211/2311 2412/3213/2311 2414/3217/2311 2413/3215/2311
f 2413/3215/2312 2414/3217/2312 2416/3221/2312 2415/3219/2312
f 2415/3219/2313 2416/3221/2313 2418/3225/2313 2417/3223/2313
f 2417/3223/2314 2418/3225/2314 2420/3229/2314 2419/3227/2314
f 2419/3227/2315 2420/3229/2315 2422/3233/2315 2421/3231/2315
f 2421/3231/2316 2422/3233/2316 2424/3237/2316 2423/3235/2316
f 2423/3235/2317 2424/3237/2318 2426/3241/2319 2425/3239/2318
f 2425/3239/2320 2426/3241/2320 2428/3245/2320 2427/3243/2320
f 2427/3243/2321 2428/3245/2321 2430/3249/2321 2429/3247/2321
f 2429/3247/2322 2430/3249/2322 2432/3253/2322 2431/3251/2322
f 2431/3251/2323 2432/3253/2324 2434/3257/2325 2433/3255/2326
f 2433/3255/2327 2434/3257/2328 2436/3261/2327 2435/3259/2329
f 2435/3259/2330 2436/3261/2331 2438/3265/2330 2437/3263/2331
f 2437/3263/2332 2438/3265/2333 2440/3269/2334 2439/3267/2333
f 2439/3267/2335 2440/3269/2336 2442/3273/2337 2441/3271/2338
f 2441/3271/2339 2442/3273/2340 2444/3277/2341 2443/3275/2340
f 2443/3275/2342 2444/3277/2342 2446/3281/2342 2445/3279/2342
f 2445/3279/2343 2446/3281/2343 2448/3285/2343 2447/3283/2343
f 2447/3283/2344 2448/3285/2345 2450/3289/2346 2449/3287/2345
f 2449/3287/2347 2450/3289/2347 2452/3293/2347 2451/3291/2347
f 2451/3291/2348 2452/3293/2349 2454/3297/2348 2453/3295/2349
f 2453/3295/2350 2454/3297/2350 2456/3301/2350 2455/3299/2350
f 2455/3299/2351 2456/3301/2351 2458/3305/2351 2457/3303/2351
f 2457/3303/2352 2458/3305/2352 2460/3309/2352 2459/3307/2352
f 2459/3307/2353 2460/3309/2353 2462/3313/2353 2461/3311/2353
f 2461/3311/2354 2462/3313/2354 2464/3317/2354 2463/3315/2354
f 2463/3315/2355 2464/3317/2356 2466/3321/2357 2465/3319/2356
f 2465/3319/2358 2466/3321/2359 2468/3325/2360 2467/3323/2359
f 2467/3323/2361 2468/3325/2361 2470/3329/2361 2469/3327/2361
f 2469/3327/2362 2470/3329/2362 2472/3333/2362 2471/3331/2362
f 2471/3331/2363 2472/3333/2363 2474/3337/2363 2473/3335/2363
f 2473/3335/2364 2474/3337/2364 2476/3341/2364 2475/3339/2364
f 2475/3339/2365 2476/3341/2365 2478/3345/2365 2477/3343/2365
f 2477/3343/2366 2478/3345/2366 2480/3349/2366 2479/3347/2366
f 2479/3347/2367 2480/3349/2367 2482/3353/2367 2481/3351/2367
f 2481/3351/2368 2482/3353/2368 2484/3357/2368 2483/3355/2368
f 2483/3355/2369 2484/3357/2369 2486/3361/2369 2485/3359/2369
f 2485/3359/2370 2486/3361/2370 2488/3365/2370 2487/3363/2370
f 2487/3363/2371 2488/3365/2372 2490/3369/2373 2489/3367/2372
f 2489/3367/2374 2490/3369/2375 2492/3373/2376 2491/3371/2375
f 2491/3371/2377 2492/3373/2377 2494/3377/2377 2493/3375/2377
f 2493/3375/2378 2494/3377/2378 2496/3381/2378 2495/3379/2378
f 2495/3379/2379 2496/3381/2379 2498/3385/2379 2497/3383/2379
f 2497/3383/2380 2498/3385/2380 2500/3389/2380 2499/3387/2380
f 2499/3387/2381 2500/3389/2381 2502/3393/2381 2501/3391/2381
f 2501/3391/2382 2502/3393/2383 2504/3397/2384 2503/3395/2383
f 2503/3395/2385 2504/3397/2385 2506/3402/2385 2505/3399/2385
f 2384/3158/1408 2382/3153/1408 2508/3405/1408 2506/3401/1408 2504/3398/1408 2502/3394/1408 2500/3390/1408 2498/3386/1408 2496/3382/1408 2494/3378/1408 2492/3374/1408 2490/3370/1408 2488/3366/1408 2486/3362/1408 2484/3358/1408 2482/3354/1408 2480/3350/1408 2478/3346/1408 2476/3342/1408 2474/3338/1408 2472/3334/1408 2470/3330/1408 2468/3326/1408 2466/3322/1408 2464/3318/1408 2462/3314/1408 2460/3310/1408 2458/3306/1408 2456/3302/1408 2454/3298/1408 2452/3294/1408 2450/3290/1408 2448/3286/1408 2446/3282/1408 2444/3278/1408 2442/3274/1408 2440/3270/1408 2438/3266/1408 2436/3262/1408 2434/3258/1408 2432/3254/1408 2430/3250/1408 2428/3246/1408 2426/3242/1408 2424/3238/1408 2422/3234/1408 2420/3230/1408 2418/3226/1408 2416/3222/1408 2414/3218/1408 2412/3214/1408 2410/3210/1408 2408/3206/1408 2406/3202/1408 2404/3198/1408 2402/3194/1408 2400/3190/1408 2398/3186/1408 2396/3182/1408 2394/3178/1408 2392/3174/1408 2390/3170/1408 2388/3166/1408 2386/3162/1408
f 2505/3399/2386 2506/3402/2387 2508/3406/2388 2507/3403/2387
f 2507/3403/2389 2508/3406/2389 2382/3154/2389 2381/3150/2389
f 2381/3151/1413 2383/3156/1413 2385/3160/1413 2387/3164/1413 2389/3168/1413 2391/3172/1413 2393/3176/1413 2395/3180/1413 2397/3184/1413 2399/3188/1413 2401/3192/1413 2403/3196/1413 2405/3200/1413 2407/3204/1413 2409/3208/1413 2411/3212/1413 2413/3216/1413 2415/3220/1413 2417/3224/1413 2419/3228/1413 2421/3232/1413 2423/3236/1413 2425/3240/1413 2427/3244/1413 2429/3248/1413 2431/3252/1413 2433/3256/1413 2435/3260/1413 2437/3264/1413 2439/3268/1413 2441/3272/1413 2443/3276/1413 2445/3280/1413 2447/3284/1413 2449/3288/1413 2451/3292/1413 2453/3296/1413 2455/3300/1413 2457/3304/1413 2459/3308/1413 2461/3312/1413 2463/3316/1413 2465/3320/1413 2467/3324/1413 2469/3328/1413 2471/3332/1413 2473/3336/1413 2475/3340/1413 2477/3344/1413 2479/3348/1413 2481/3352/1413 2483/3356/1413 2485/3360/1413 2487/3364/1413 2489/3368/1413 2491/3372/1413 2493/3376/1413 2495/3380/1413 2497/3384/1413 2499/3388/1413 2501/3392/1413 2503/3396/1413 2505/3400/1413 2507/3404/1413
f 3052/4196/1421 2999/4143/1421 2513/3417/1421 2602/3591/1421
f 3068/4212/1421 3002/4146/1421 2519/3425/1421 2650/3687/1421
f 3018/4162/2390 3004/4148/2391 2522/3431/2392 2580/3547/2393
f 3017/4161/2390 3018/4162/2391 2580/3547/2392 2579/3545/2393
f 3004/4148/1421 3034/4178/1421 2582/3551/1421 2522/3431/1421
f 3034/4178/2390 3044/4188/2391 2594/3575/2392 2582/3551/2393
f 3044/4188/1421 3045/4189/1421 2595/3577/1421 2594/3575/1421
f 3045/4189/1421 3046/4190/1421 2596/3579/1421 2595/3577/1421
f 3046/4190/2390 3047/4191/2391 2597/3581/2392 2596/3579/2393
f 3047/4191/1421 3048/4192/1421 2598/3583/1421 2597/3581/1421
f 3048/4192/1421 3049/4193/1421 2599/3585/1421 2598/3583/1421
f 3049/4193/1421 3050/4194/1421 2600/3587/1421 2599/3585/1421
f 3050/4194/1421 3051/4195/1421 2601/3589/1421 2600/3587/1421
f 3051/4195/2390 3052/4196/2391 2602/3591/2392 2601/3589/2393
f 3060/4204/1421 3053/4197/1421 2624/3635/1421 2648/3683/1421
f 2997/4139/1421 3055/4199/1421 2643/3673/1421 2509/3407/1421
f 3055/4199/1421 3056/4200/1421 2644/3675/1421 2643/3673/1421
f 3056/4200/1421 3057/4201/1421 2645/3677/1421 2644/3675/1421
f 3057/4201/1421 3058/4202/1421 2646/3679/1421 2645/3677/1421
f 3058/4202/1421 3059/4203/1421 2647/3681/1421 2646/3679/1421
f 3059/4203/1421 3060/4204/1421 2648/3683/1421 2647/3681/1421
f 3053/4197/1421 3069/4213/1421 2656/3699/1421 2624/3635/1421
f 2603/3593/795 2929/4070/795 2876/4017/795 2515/3419/795
f 2999/4143/1408 3122/4266/1408 2877/4018/1408 2513/3417/1408
f 2513/3417/1342 2877/4018/1342 2912/4053/1342 2602/3592/1342
f 2602/3592/1342 2912/4053/1342 2913/4054/1342 2601/3590/1342
f 2601/3590/1342 2913/4054/1342 2914/4055/1342 2600/3588/1342
f 2600/3588/2152 2914/4055/2394 2915/4056/1751 2599/3586/2395
f 2599/3586/1342 2915/4056/1342 2916/4057/1342 2598/3584/1342
f 2598/3584/2152 2916/4057/2394 2917/4058/1751 2597/3582/2395
f 2597/3582/2152 2917/4058/2394 2918/4059/1751 2596/3580/2395
f 2596/3580/1342 2918/4059/1342 2919/4060/1342 2595/3578/1342
f 2595/3578/1342 2919/4060/1342 2920/4061/1342 2594/3576/1342
f 2583/3554/795 2911/4052/795 2921/4062/795 2611/3609/795
f 2611/3609/795 2921/4062/795 2922/4063/795 2610/3607/795
f 2610/3607/795 2922/4063/795 2923/4064/795 2609/3605/795
f 2609/3605/795 2923/4064/795 2924/4065/795 2608/3603/795
f 2608/3603/795 2924/4065/795 2925/4066/795 2607/3601/795
f 2607/3601/795 2925/4066/795 2926/4067/795 2606/3599/795
f 2606/3599/1737 2926/4067/2158 2927/4068/2159 2605/3597/2160
f 2605/3597/795 2927/4068/795 2928/4069/795 2604/3595/795
f 2604/3595/795 2928/4069/795 2929/4070/795 2603/3593/795
f 3124/4269/2396 3248/4394/2397 3122/4266/2398 2999/4143/2280
f 3181/4327/1421 3197/4343/1421 3069/4213/1421 3053/4197/1421
f 3187/4333/1421 3188/4334/1421 3060/4204/1421 3059/4203/1421
f 3186/4332/1421 3187/4333/1421 3059/4203/1421 3058/4202/1421
f 3185/4331/1421 3186/4332/1421 3058/4202/1421 3057/4201/1421
f 3184/4330/1421 3185/4331/1421 3057/4201/1421 3056/4200/1421
f 3183/4329/1421 3184/4330/1421 3056/4200/1421 3055/4199/1421
f 3127/4272/1421 3183/4329/1421 3055/4199/1421 2997/4139/1421
f 3188/4334/1421 3181/4327/1421 3053/4197/1421 3060/4204/1421
f 3179/4325/1421 3180/4326/1421 3052/4196/1421 3051/4195/1421
f 3178/4324/1421 3179/4325/1421 3051/4195/1421 3050/4194/1421
f 3177/4323/2390 3178/4324/2391 3050/4194/2392 3049/4193/2393
f 3176/4322/1421 3177/4323/1421 3049/4193/1421 3048/4192/1421
f 3175/4321/2390 3176/4322/2391 3048/4192/2392 3047/4191/2393
f 3174/4320/1421 3175/4321/1421 3047/4191/1421 3046/4190/1421
f 3173/4319/1421 3174/4320/1421 3046/4190/1421 3045/4189/1421
f 3172/4318/2390 3173/4319/2391 3045/4189/2392 3044/4188/2393
f 3162/4308/1421 3172/4318/1421 3044/4188/1421 3034/4178/1421
f 3132/4278/1421 3162/4308/1421 3034/4178/1421 3004/4148/1421
f 3145/4291/1421 3146/4292/1421 3018/4162/1421 3017/4161/1421
f 3146/4292/1421 3132/4278/1421 3004/4148/1421 3018/4162/1421
f 3196/4342/2390 3130/4276/2391 3002/4146/2392 3068/4212/2393
f 3180/4326/1421 3124/4269/1421 2999/4143/1421 3052/4196/1421
f 2753/3894/1413 2510/3410/1413 2998/4142/1413 3120/4264/1413
f 2603/3594/1421 2515/3419/1421 3124/4269/1421 3180/4326/1421
f 2651/3690/1421 2517/3422/1421 3130/4276/1421 3196/4342/1421
f 2525/3437/1421 2523/3433/1421 3132/4278/1421 3146/4292/1421
f 2526/3440/1421 2525/3437/1421 3146/4292/1421 3145/4291/1421
f 2523/3433/1421 2583/3553/1421 3162/4308/1421 3132/4278/1421
f 2583/3553/1421 2611/3610/1421 3172/4318/1421 3162/4308/1421
f 2611/3610/1421 2610/3608/1421 3173/4319/1421 3172/4318/1421
f 2610/3608/1421 2609/3606/1421 3174/4320/1421 3173/4319/1421
f 2609/3606/1421 2608/3604/1421 3175/4321/1421 3174/4320/1421
f 2608/3604/1421 2607/3602/1421 3176/4322/1421 3175/4321/1421
f 2607/3602/1421 2606/3600/1421 3177/4323/1421 3176/4322/1421
f 2606/3600/1421 2605/3598/1421 3178/4324/1421 3177/4323/1421
f 2605/3598/1421 2604/3596/1421 3179/4325/1421 3178/4324/1421
f 2604/3596/1421 2603/3594/1421 3180/4326/1421 3179/4325/1421
f 2625/3637/1421 2621/3629/1421 3181/4327/1421 3188/4334/1421
f 2511/3413/1421 2630/3647/1421 3183/4329/1421 3127/4272/1421
f 2630/3647/1421 2629/3645/1421 3184/4330/1421 3183/4329/1421
f 2629/3645/1421 2628/3643/1421 3185/4331/1421 3184/4330/1421
f 2628/3643/1421 2627/3641/1421 3186/4332/1421 3185/4331/1421
f 2627/3641/1421 2626/3639/1421 3187/4333/1421 3186/4332/1421
f 2626/3639/1421 2625/3637/1421 3188/4334/1421 3187/4333/1421
f 2621/3629/1421 2653/3694/1421 3197/4343/1421 3181/4327/1421
f 2515/3419/1408 2876/4017/1408 3248/4394/1408 3124/4269/1408
f 3249/4395/2399 3250/4398/2399 3252/4404/2399 3251/4402/2399
f 3257/4410/795 3258/4411/795 3256/4408/795 3255/4407/795
f 3255/4407/2400 3256/4408/2400 3254/4406/2400 3253/4405/2400
f 3259/4414/1342 3260/4415/1342 3250/4399/1342 3249/4396/1342
f 3257/4409/2401 3255/4407/2401 3253/4405/2401 3259/4413/2401
f 3258/4412/2402 3252/4403/2402 3250/4400/2402 3260/4416/2402
f 3254/4406/2403 3256/4408/2403 3262/4419/2403 3263/4420/2403
f 3251/4401/2401 3257/4409/2401 3259/4413/2401 3249/4397/2401
f 3253/4405/1342 3254/4406/1342 3260/4415/1342 3259/4414/1342
f 3251/4402/795 3252/4404/795 3258/4411/795 3257/4410/795
f 3262/4419/2402 3261/4418/2402 3264/4422/2402 3263/4420/2402
f 3260/4415/1342 3254/4406/1342 3263/4420/1342 3264/4421/1342
f 3256/4408/795 3258/4411/795 3261/4417/795 3262/4419/795
f 3258/4412/2404 3260/4416/2404 3264/4422/2404 3261/4418/2404
f 3265/4423/2405 3266/4426/2406 3268/4431/2407 3267/4429/2408
f 3267/4429/795 3268/4431/795 3272/4436/795 3271/4435/795
f 3271/4435/2396 3272/4436/2397 3270/4434/2398 3269/4433/2280
f 3269/4433/1342 3270/4434/1342 3266/4427/1342 3265/4424/1342
f 3267/4430/1421 3271/4435/1421 3269/4433/1421 3265/4425/1421
f 3272/4436/2123 3268/4432/2123 3266/4428/2123 3270/4434/2123
f 3273/4437/2281 3275/4443/2409 3276/4445/2281 3274/4440/2410
f 3275/4443/2411 3277/4447/2411 3278/4449/2411 3276/4445/2412
f 3277/4447/2413 3279/4451/2414 3280/4453/2415 3278/4449/2416
f 3279/4451/2417 3281/4455/1467 3282/4457/2417 3280/4453/2417
f 3281/4455/2418 3283/4459/2418 3284/4461/2418 3282/4457/2419
f 3283/4459/2420 3285/4463/2421 3286/4465/2420 3284/4461/2422
f 3285/4463/2423 3287/4467/2424 3288/4469/2423 3286/4465/2423
f 3287/4467/2301 3289/4471/2425 3290/4473/2301 3288/4469/2301
f 3289/4471/2426 3291/4475/2427 3292/4477/2426 3290/4473/2428
f 3291/4475/2303 3293/4479/2303 3294/4481/2303 3292/4477/2429
f 3293/4479/2430 3295/4483/2431 3296/4485/2430 3294/4481/2432
f 3295/4483/2433 3297/4487/2434 3298/4489/2433 3296/4485/2307
f 3297/4487/2435 3299/4491/2435 3300/4493/2435 3298/4489/2436
f 3299/4491/2437 3301/4495/2438 3302/4497/2437 3300/4493/2309
f 3301/4495/2439 3303/4499/2440 3304/4501/2441 3302/4497/2440
f 3303/4499/2442 3305/4503/2443 3306/4505/2442 3304/4501/2443
f 3305/4503/2444 3307/4507/2312 3308/4509/2444 3306/4505/2312
f 3307/4507/2445 3309/4511/2446 3310/4513/2445 3308/4509/2446
f 3309/4511/2447 3311/4515/2314 3312/4517/2447 3310/4513/2448
f 3311/4515/2449 3313/4519/2450 3314/4521/2449 3312/4517/2449
f 3313/4519/2451 3315/4523/2316 3316/4525/2451 3314/4521/2452
f 3315/4523/2453 3317/4527/2454 3318/4529/2453 3316/4525/2455
f 3317/4527/2320 3319/4531/2456 3320/4533/2320 3318/4529/2320
f 3319/4531/2457 3321/4535/2458 3322/4537/2457 3320/4533/2459
f 3321/4535/2322 3323/4539/2322 3324/4541/2322 3322/4537/2460
f 3323/4539/2461 3325/4543/2461 3326/4545/2461 3324/4541/2462
f 3325/4543/2463 3327/4547/2464 3328/4549/2463 3326/4545/2465
f 3327/4547/2466 3329/4551/2467 3330/4553/2466 3328/4549/2466
f 3329/4551/2468 3331/4555/2468 3332/4557/2468 3330/4553/1533
f 3331/4555/2469 3333/4559/2470 3334/4561/2469 3332/4557/2469
f 3333/4559/2471 3335/4563/2472 3336/4565/2473 3334/4561/2474
f 3335/4563/2342 3337/4567/2475 3338/4569/2342 3336/4565/2476
f 3337/4567/2343 3339/4571/2343 3340/4573/2343 3338/4569/2477
f 3339/4571/2478 3341/4575/2478 3342/4577/2478 3340/4573/2479
f 3341/4575/2480 3343/4579/2347 3344/4581/2480 3342/4577/2481
f 3343/4579/2482 3345/4583/2483 3346/4585/2482 3344/4581/2482
f 3345/4583/2484 3347/4587/2484 3348/4589/2484 3346/4585/2485
f 3347/4587/2351 3349/4591/2486 3350/4593/2351 3348/4589/2351
f 3349/4591/2352 3351/4595/2487 3352/4597/2352 3350/4593/2352
f 3351/4595/2353 3353/4599/2488 3354/4601/2353 3352/4597/2353
f 3353/4599/2489 3355/4603/2490 3356/4605/2489 3354/4601/2491
f 3355/4603/2492 3357/4607/2492 3358/4609/2492 3356/4605/2493
f 3357/4607/2494 3359/4611/2495 3360/4613/2496 3358/4609/2497
f 3359/4611/2498 3361/4615/2499 3362/4617/2498 3360/4613/2361
f 3361/4615/2500 3363/4619/2501 3364/4621/2500 3362/4617/2502
f 3363/4619/2503 3365/4623/2504 3366/4625/2503 3364/4621/2505
f 3365/4623/2364 3367/4627/2506 3368/4629/2364 3366/4625/2364
f 3367/4627/2365 3369/4631/2507 3370/4633/2365 3368/4629/2365
f 3369/4631/2366 3371/4635/2366 3372/4637/2366 3370/4633/2508
f 3371/4635/2367 3373/4639/2367 3374/4641/2367 3372/4637/2509
f 3373/4639/2510 3375/4643/2511 3376/4645/2510 3374/4641/2512
f 3375/4643/2513 3377/4647/2514 3378/4649/2513 3376/4645/2515
f 3377/4647/2516 3379/4651/2370 3380/4653/2516 3378/4649/2517
f 3379/4651/2518 3381/4655/2519 3382/4657/2520 3380/4653/2521
f 3381/4655/2522 3383/4659/2523 3384/4661/2522 3382/4657/2522
f 3383/4659/2524 3385/4663/2525 3386/4665/2524 3384/4661/2526
f 3385/4663/2378 3387/4667/2378 3388/4669/2378 3386/4665/2527
f 3387/4667/2379 3389/4671/2379 3390/4673/2379 3388/4669/2528
f 3389/4671/2380 3391/4675/2380 3392/4677/2380 3390/4673/2529
f 3391/4675/2530 3393/4679/2531 3394/4681/2530 3392/4677/2530
f 3393/4679/2532 3395/4683/2532 3396/4685/2532 3394/4681/2533
f 3395/4683/2534 3397/4687/2535 3398/4690/2534 3396/4685/2385
f 3276/4446/1408 3278/4450/1408 3280/4454/1408 3282/4458/1408 3284/4462/1408 3286/4466/1408 3288/4470/1408 3290/4474/1408 3292/4478/1408 3294/4482/1408 3296/4486/1408 3298/4490/1408 3300/4494/1408 3302/4498/1408 3304/4502/1408 3306/4506/1408 3308/4510/1408 3310/4514/1408 3312/4518/1408 3314/4522/1408 3316/4526/1408 3318/4530/1408 3320/4534/1408 3322/4538/1408 3324/4542/1408 3326/4546/1408 3328/4550/1408 3330/4554/1408 3332/4558/1408 3334/4562/1408 3336/4566/1408 3338/4570/1408 3340/4574/1408 3342/4578/1408 3344/4582/1408 3346/4586/1408 3348/4590/1408 3350/4594/1408 3352/4598/1408 3354/4602/1408 3356/4606/1408 3358/4610/1408 3360/4614/1408 3362/4618/1408 3364/4622/1408 3366/4626/1408 3368/4630/1408 3370/4634/1408 3372/4638/1408 3374/4642/1408 3376/4646/1408 3378/4650/1408 3380/4654/1408 3382/4658/1408 3384/4662/1408 3386/4666/1408 3388/4670/1408 3390/4674/1408 3392/4678/1408 3394/4682/1408 3396/4686/1408 3398/4689/1408 3400/4693/1408 3274/4441/1408
f 3397/4687/2536 3399/4691/2537 3400/4694/2536 3398/4690/2536
f 3399/4691/2389 3273/4438/2538 3274/4442/2389 3400/4694/2389
f 3273/4439/1413 3399/4692/1413 3397/4688/1413 3395/4684/1413 3393/4680/1413 3391/4676/1413 3389/4672/1413 3387/4668/1413 3385/4664/1413 3383/4660/1413 3381/4656/1413 3379/4652/1413 3377/4648/1413 3375/4644/1413 3373/4640/1413 3371/4636/1413 3369/4632/1413 3367/4628/1413 3365/4624/1413 3363/4620/1413 3361/4616/1413 3359/4612/1413 3357/4608/1413 3355/4604/1413 3353/4600/1413 3351/4596/1413 3349/4592/1413 3347/4588/1413 3345/4584/1413 3343/4580/1413 3341/4576/1413 3339/4572/1413 3337/4568/1413 3335/4564/1413 3333/4560/1413 3331/4556/1413 3329/4552/1413 3327/4548/1413 3325/4544/1413 3323/4540/1413 3321/4536/1413 3319/4532/1413 3317/4528/1413 3315/4524/1413 3313/4520/1413 3311/4516/1413 3309/4512/1413 3307/4508/1413 3305/4504/1413 3303/4500/1413 3301/4496/1413 3299/4492/1413 3297/4488/1413 3295/4484/1413 3293/4480/1413 3291/4476/1413 3289/4472/1413 3287/4468/1413 3285/4464/1413 3283/4460/1413 3281/4456/1413 3279/4452/1413 3277/4448/1413 3275/4444/1413
f 3401/4695/2281 3403/4699/2409 3529/4888/2281 3530/4890/2410
f 3403/4699/2411 3405/4702/2411 3531/4893/2411 3529/4888/2412
f 3405/4702/2416 3407/4705/2414 3532/4895/2416 3531/4893/2539
f 3407/4705/2417 3409/4708/1467 3533/4897/2417 3532/4895/2417
f 3409/4708/2540 3411/4711/2541 3534/4899/2540 3533/4897/2542
f 3411/4711/2543 3413/4714/2544 3535/4901/2543 3534/4899/2545
f 3413/4714/2423 3415/4717/2424 3536/4903/2423 3535/4901/2423
f 3415/4717/2546 3417/4720/2547 3537/4905/2546 3536/4903/2548
f 3417/4720/2302 3419/4723/2302 3538/4907/2302 3537/4905/2549
f 3419/4723/2550 3421/4726/2551 3539/4909/2550 3538/4907/2552
f 3421/4726/2553 3423/4729/1487 3540/4911/2553 3539/4909/2553
f 3423/4729/2307 3425/4732/2554 3541/4913/2307 3540/4911/2307
f 3425/4732/1490 3427/4735/2555 3542/4915/1490 3541/4913/2556
f 3427/4735/2557 3429/4738/2558 3543/4917/2557 3542/4915/2559
f 3429/4738/2310 3431/4741/2560 3544/4919/2310 3543/4917/2310
f 3431/4741/2311 3433/4744/2443 3545/4921/2311 3544/4919/2311
f 3433/4744/2312 3435/4747/2312 3546/4923/2312 3545/4921/2444
f 3435/4747/2313 3437/4750/2313 3547/4925/2313 3546/4923/2561
f 3437/4750/2562 3439/4753/2563 3548/4927/2562 3547/4925/2564
f 3439/4753/1509 3441/4756/2565 3549/4929/1509 3548/4927/2566
f 3441/4756/2316 3443/4759/2316 3550/4931/2316 3549/4929/2567
f 3443/4759/2568 3445/4762/2568 3551/4933/2568 3550/4931/1515
f 3445/4762/2569 3447/4765/2570 3552/4935/2569 3551/4933/2571
f 3447/4765/2321 3449/4768/2572 3553/4937/2321 3552/4935/2321
f 3449/4768/2573 3451/4771/2574 3554/4939/2573 3553/4937/2575
f 3451/4771/2461 3453/4774/2461 3555/4941/2461 3554/4939/2462
f 3453/4774/2576 3455/4777/2577 3556/4943/2576 3555/4941/2578
f 3455/4777/2579 3457/4780/2580 3557/4945/2579 3556/4943/2581
f 3457/4780/2468 3459/4783/2468 3558/4947/2468 3557/4945/1533
f 3459/4783/2582 3461/4786/2470 3559/4949/2582 3558/4947/2469
f 3461/4786/2474 3463/4789/2472 3560/4951/2474 3559/4949/2474
f 3463/4789/2342 3465/4792/2475 3561/4953/2342 3560/4951/2476
f 3465/4792/2583 3467/4795/2584 3562/4955/2583 3561/4953/2585
f 3467/4795/2478 3469/4798/2478 3563/4957/2478 3562/4955/2479
f 3469/4798/2586 3471/4801/2587 3564/4959/2586 3563/4957/2588
f 3471/4801/2482 3473/4804/2483 3565/4961/2482 3564/4959/2482
f 3473/4804/2589 3475/4807/2590 3566/4963/2589 3565/4961/2591
f 3475/4807/2592 3477/4810/2592 3567/4965/2592 3566/4963/2486
f 3477/4810/2352 3479/4813/2487 3568/4967/2352 3567/4965/2352
f 3479/4813/2593 3481/4816/2594 3569/4969/2593 3568/4967/1557
f 3481/4816/2595 3483/4819/2595 3570/4971/2595 3569/4969/2596
f 3483/4819/2492 3485/4822/2492 3571/4973/2492 3570/4971/2493
f 3485/4822/2597 3487/4825/1565 3572/4975/2597 3571/4973/2597
f 3487/4825/2361 3489/4828/2598 3573/4977/2361 3572/4975/2361
f 3489/4828/1569 3491/4831/2599 3574/4979/1569 3573/4977/2600
f 3491/4831/2601 3493/4834/2602 3575/4981/2601 3574/4979/2603
f 3493/4834/2364 3495/4837/2506 3576/4983/2364 3575/4981/2364
f 3495/4837/2365 3497/4840/2507 3577/4985/2365 3576/4983/2365
f 3497/4840/2366 3499/4843/2366 3578/4987/2366 3577/4985/2508
f 3499/4843/2367 3501/4846/2367 3579/4989/2367 3578/4987/2509
f 3501/4846/2604 3503/4849/2605 3580/4991/2604 3579/4989/2606
f 3503/4849/1586 3505/4852/2607 3581/4993/1586 3580/4991/2608
f 3505/4852/2370 3507/4855/2370 3582/4995/2370 3581/4993/2609
f 3507/4855/2610 3509/4858/2610 3583/4997/2610 3582/4995/1593
f 3509/4858/2522 3511/4861/2523 3584/4999/2522 3583/4997/2522
f 3511/4861/2611 3513/4864/2612 3585/5001/2611 3584/4999/2611
f 3513/4864/2613 3515/4867/1601 3586/5003/2613 3585/5001/2614
f 3515/4867/2379 3517/4870/2379 3587/5005/2379 3586/5003/2528
f 3517/4870/2615 3519/4873/2529 3588/5007/2615 3587/5005/2615
f 3519/4873/2616 3521/4876/2617 3589/5009/2616 3588/5007/2618
f 3521/4876/2532 3523/4879/2532 3590/5011/2532 3589/5009/2533
f 3523/4879/2619 3525/4882/2620 3591/5013/2619 3590/5011/2621
f 3406/4704/2479 3595/5019/2478 3593/5017/2478 3404/4701/2478
f 3525/4882/2536 3527/4885/2537 3592/5015/2536 3591/5013/2536
f 3527/4885/2622 3401/4696/2623 3530/4891/2622 3592/5015/2624
f 3401/4697/1413 3527/4886/1413 3525/4883/1413 3523/4880/1413 3521/4877/1413 3519/4874/1413 3517/4871/1413 3515/4868/1413 3513/4865/1413 3511/4862/1413 3509/4859/1413 3507/4856/1413 3505/4853/1413 3503/4850/1413 3501/4847/1413 3499/4844/1413 3497/4841/1413 3495/4838/1413 3493/4835/1413 3491/4832/1413 3489/4829/1413 3487/4826/1413 3485/4823/1413 3483/4820/1413 3481/4817/1413 3479/4814/1413 3477/4811/1413 3475/4808/1413 3473/4805/1413 3471/4802/1413 3469/4799/1413 3467/4796/1413 3465/4793/1413 3463/4790/1413 3461/4787/1413 3459/4784/1413 3457/4781/1413 3455/4778/1413 3453/4775/1413 3451/4772/1413 3449/4769/1413 3447/4766/1413 3445/4763/1413 3443/4760/1413 3441/4757/1413 3439/4754/1413 3437/4751/1413 3435/4748/1413 3433/4745/1413 3431/4742/1413 3429/4739/1413 3427/4736/1413 3425/4733/1413 3423/4730/1413 3421/4727/1413 3419/4724/1413 3417/4721/1413 3415/4718/1413 3413/4715/1413 3411/4712/1413 3409/4709/1413 3407/4706/1413 3405/4703/1413 3403/4700/1413
f 3402/4698/2234 3530/4892/2278 3529/4889/2625 3404/4701/2233
f 3404/4701/2626 3529/4889/1408 3531/4894/1408 3406/4704/2627
f 3406/4704/1408 3531/4894/1408 3532/4896/1408 3408/4707/1408
f 3408/4707/1408 3532/4896/1408 3533/4898/1408 3410/4710/1408
f 3410/4710/1408 3533/4898/1612 3534/4900/1612 3412/4713/1408
f 3412/4713/2626 3534/4900/1408 3535/4902/1408 3414/4716/2626
f 3414/4716/1408 3535/4902/1408 3536/4904/1408 3416/4719/1408
f 3416/4719/1408 3536/4904/1408 3537/4906/1408 3418/4722/1408
f 3418/4722/1408 3537/4906/1408 3538/4908/1408 3420/4725/1408
f 3420/4725/2626 3538/4908/1408 3539/4910/2627 3422/4728/2626
f 3422/4728/1408 3539/4910/1408 3540/4912/1408 3424/4731/1408
f 3424/4731/1408 3540/4912/1408 3541/4914/1408 3426/4734/1408
f 3426/4734/2628 3541/4914/1612 3542/4916/1408 3428/4737/1408
f 3428/4737/2629 3542/4916/2630 3543/4918/2631 3430/4740/2632
f 3430/4740/2633 3543/4918/2634 3544/4920/2635 3432/4743/2636
f 3432/4743/2628 3544/4920/1612 3545/4922/1408 3434/4746/1408
f 3434/4746/2628 3545/4922/1612 3546/4924/1408 3436/4749/1408
f 3436/4749/2637 3546/4924/2638 3547/4926/2639 3438/4752/2640
f 3438/4752/2641 3547/4926/2642 3548/4928/2643 3440/4755/2644
f 3440/4755/1408 3548/4928/1408 3549/4930/1408 3442/4758/1408
f 3442/4758/1408 3549/4930/1408 3550/4932/1408 3444/4761/1408
f 3444/4761/1612 3550/4932/1612 3551/4934/1408 3446/4764/1408
f 3446/4764/1408 3551/4934/1408 3552/4936/1408 3448/4767/1408
f 3448/4767/1408 3552/4936/1408 3553/4938/1408 3450/4770/1408
f 3450/4770/1408 3553/4938/1408 3554/4940/1408 3452/4773/1408
f 3452/4773/1408 3554/4940/1408 3555/4942/1408 3454/4776/1408
f 3454/4776/1408 3555/4942/2627 3556/4944/2626 3456/4779/1408
f 3456/4779/1408 3556/4944/1408 3557/4946/1408 3458/4782/1408
f 3458/4782/1408 3557/4946/1408 3558/4948/1408 3460/4785/1408
f 3460/4785/1408 3558/4948/1408 3559/4950/1408 3462/4788/1408
f 3462/4788/1408 3559/4950/1408 3560/4952/1408 3464/4791/1408
f 3464/4791/2645 3560/4952/2635 3561/4954/2234 3466/4794/2396
f 3466/4794/2236 3561/4954/2646 3562/4956/2647 3468/4797/2235
f 3468/4797/1612 3562/4956/1408 3563/4958/1408 3470/4800/2628
f 3470/4800/1408 3563/4958/1408 3564/4960/1408 3472/4803/1408
f 3472/4803/1408 3564/4960/1408 3565/4962/1408 3474/4806/1408
f 3474/4806/1408 3565/4962/2626 3566/4964/2626 3476/4809/1408
f 3476/4809/2648 3566/4964/2649 3567/4966/2650 3478/4812/2651
f 3478/4812/1408 3567/4966/1408 3568/4968/1408 3480/4815/1408
f 3480/4815/1408 3568/4968/1408 3569/4970/1408 3482/4818/1408
f 3482/4818/1408 3569/4970/1408 3570/4972/1408 3484/4821/1408
f 3484/4821/1612 3570/4972/1408 3571/4974/2628 3486/4824/1612
f 3486/4824/1408 3571/4974/1408 3572/4976/1408 3488/4827/1408
f 3488/4827/1408 3572/4976/1408 3573/4978/1408 3490/4830/1408
f 3490/4830/2627 3573/4978/2626 3574/4980/1408 3492/4833/1408
f 3492/4833/2652 3574/4980/2632 3575/4982/2633 3494/4836/2630
f 3494/4836/2627 3575/4982/2626 3576/4984/1408 3496/4839/1408
f 3496/4839/2627 3576/4984/2626 3577/4986/1408 3498/4842/1408
f 3498/4842/2627 3577/4986/2626 3578/4988/1408 3500/4845/1408
f 3500/4845/1408 3578/4988/1408 3579/4990/1408 3502/4848/1408
f 3502/4848/2639 3579/4990/2644 3580/4992/2653 3504/4851/2642
f 3504/4851/1408 3580/4992/1408 3581/4994/1408 3506/4854/1408
f 3506/4854/1408 3581/4994/1408 3582/4996/1408 3508/4857/1408
f 3508/4857/2626 3582/4996/2626 3583/4998/1408 3510/4860/1408
f 3510/4860/1408 3583/4998/1408 3584/5000/1408 3512/4863/1408
f 3512/4863/1408 3584/5000/1408 3585/5002/1408 3514/4866/1408
f 3514/4866/1408 3585/5002/1408 3586/5004/1408 3516/4869/1408
f 3516/4869/1408 3586/5004/1408 3587/5006/1408 3518/4872/1408
f 3518/4872/2654 3587/5006/2655 3588/5008/2656 3520/4875/2657
f 3520/4875/1408 3588/5008/1408 3589/5010/1408 3522/4878/1408
f 3522/4878/1408 3589/5010/1408 3590/5012/1408 3524/4881/1408
f 3524/4881/1408 3590/5012/1408 3591/5014/1408 3526/4884/1408
f 3526/4884/1408 3591/5014/1408 3592/5016/1408 3528/4887/1408
f 3528/4887/2658 3592/5016/2659 3530/4892/2236 3402/4698/2398
f 3593/5017/1408 3595/5019/1408 3596/5020/1408 3597/5021/1408 3598/5022/1408 3599/5023/1408 3600/5024/1408 3601/5025/1408 3602/5026/1408 3603/5027/1408 3604/5028/1408 3605/5029/1408 3606/5030/1408 3607/5031/1408 3608/5032/1408 3609/5033/1408 3610/5034/1408 3611/5035/1408 3612/5036/1408 3613/5037/1408 3614/5038/1408 3615/5039/1408 3616/5040/1408 3617/5041/1408 3618/5042/1408 3619/5043/1408 3620/5044/1408 3621/5045/1408 3622/5046/1408 3623/5047/1408 3624/5048/1408 3625/5049/1408 3626/5050/1408 3627/5051/1408 3628/5052/1408 3629/5053/1408 3630/5054/1408 3631/5055/1408 3632/5056/1408 3633/5057/1408 3634/5058/1408 3635/5059/1408 3636/5060/1408 3637/5061/1408 3638/5062/1408 3639/5063/1408 3640/5064/1408 3641/5065/1408 3642/5066/1408 3643/5067/1408 3644/5068/1408 3645/5069/1408 3646/5070/1408 3647/5071/1408 3648/5072/1408 3649/5073/1408 3650/5074/1408 3651/5075/1408 3652/5076/1408 3653/5077/1408 3654/5078/1408 3655/5079/1408 3656/5080/1408 3594/5018/1408
f 3512/4863/2660 3648/5072/2661 3647/5071/2662 3510/4860/2661
f 3460/4785/2533 3622/5046/2533 3621/5045/2532 3458/4782/2533
f 3408/4707/2663 3596/5020/2664 3595/5019/2665 3406/4704/2664
f 3514/4866/2321 3649/5073/2572 3648/5072/2666 3512/4863/2572
f 3462/4788/2667 3623/5047/2668 3622/5046/2669 3460/4785/2668
f 3410/4710/2482 3597/5021/2483 3596/5020/2483 3408/4707/2483
f 3516/4869/2670 3650/5074/2671 3649/5073/2672 3514/4866/2671
f 3464/4791/2536 3624/5048/2536 3623/5047/2537 3462/4788/2536
f 3412/4713/2673 3598/5022/2673 3597/5021/2485 3410/4710/2673
f 3518/4872/2674 3651/5075/2462 3650/5074/2461 3516/4869/2462
f 3466/4794/2675 3625/5049/2676 3624/5048/2675 3464/4791/2676
f 3414/4716/2592 3599/5023/2592 3598/5022/2677 3412/4713/2592
f 3520/4875/2678 3652/5076/2679 3651/5075/2679 3518/4872/2679
f 3468/4797/2680 3626/5050/2681 3625/5049/2680 3466/4794/2681
f 3416/4719/2352 3600/5024/2487 3599/5023/2682 3414/4716/2487
f 3522/4878/2467 3653/5077/2683 3652/5076/2683 3520/4875/2683
f 3470/4800/2412 3627/5051/2411 3626/5050/2411 3468/4797/2411
f 3418/4722/2684 3601/5025/2685 3600/5024/2686 3416/4719/2685
f 3524/4881/2687 3654/5078/2688 3653/5077/2689 3522/4878/2690
f 3472/4803/2416 3628/5052/2414 3627/5051/2414 3470/4800/2414
f 3420/4725/2691 3602/5026/2692 3601/5025/2354 3418/4722/2692
f 3526/4884/2469 3655/5079/2469 3654/5078/2582 3524/4881/2469
f 3474/4806/2693 3629/5053/2694 3628/5052/2695 3472/4803/2696
f 3422/4728/2697 3603/5027/2698 3602/5026/2699 3420/4725/2698
f 3528/4887/2474 3656/5080/2474 3655/5079/2472 3526/4884/2474
f 3476/4809/2700 3630/5054/2700 3629/5053/2419 3474/4806/2700
f 3424/4731/2701 3604/5028/2702 3603/5027/2597 3422/4728/2703
f 3402/4698/2704 3594/5018/2705 3656/5080/2704 3528/4887/2705
f 3478/4812/2706 3631/5055/2706 3630/5054/2707 3476/4809/2706
f 3426/4734/2708 3605/5029/2709 3604/5028/2710 3424/4731/2709
f 3480/4815/2423 3632/5056/2424 3631/5055/2711 3478/4812/2424
f 3428/4737/1570 3606/5030/1570 3605/5029/2712 3426/4734/1570
f 3482/4818/2713 3633/5057/2714 3632/5056/2715 3480/4815/2714
f 3430/4740/2363 3607/5031/2716 3606/5030/2717 3428/4737/2716
f 3484/4821/2718 3634/5058/2549 3633/5057/2302 3482/4818/2549
f 3432/4743/2719 3608/5032/2364 3607/5031/2364 3430/4740/2364
f 3486/4824/2720 3635/5059/2721 3634/5058/2722 3484/4821/2721
f 3434/4746/2723 3609/5033/2724 3608/5032/2724 3432/4743/2724
f 3488/4827/2725 3636/5060/2726 3635/5059/2553 3486/4824/2726
f 3436/4749/2727 3610/5034/2727 3609/5033/2728 3434/4746/2727
f 3490/4830/2729 3637/5061/2730 3636/5060/2731 3488/4827/2730
f 3438/4752/2367 3611/5035/2367 3610/5034/2732 3436/4749/2367
f 3492/4833/1491 3638/5062/1491 3637/5061/2308 3490/4830/1491
f 3440/4755/2733 3612/5036/2734 3611/5035/2368 3438/4752/2734
f 3494/4836/2309 3639/5063/2437 3638/5062/2438 3492/4833/2437
f 3442/4758/2735 3613/5037/1588 3612/5036/1588 3440/4755/1588
f 3496/4839/2310 3640/5064/2310 3639/5063/2310 3494/4836/2310
f 3444/4761/2736 3614/5038/2737 3613/5037/2738 3442/4758/2737
f 3498/4842/2739 3641/5065/2740 3640/5064/2740 3496/4839/2740
f 3446/4764/2610 3615/5039/2741 3614/5038/2742 3444/4761/2743
f 3500/4845/2744 3642/5066/2744 3641/5065/2745 3498/4842/2744
f 3448/4767/2746 3616/5040/2747 3615/5039/2748 3446/4764/2747
f 3502/4848/2313 3643/5067/2313 3642/5066/2313 3500/4845/2313
f 3450/4770/2377 3617/5041/2749 3616/5040/2750 3448/4767/2749
f 3504/4851/2448 3644/5068/2447 3643/5067/2314 3502/4848/2447
f 3452/4773/2751 3618/5042/2752 3617/5041/2753 3450/4770/2752
f 3506/4854/2315 3645/5069/1511 3644/5068/1511 3504/4851/1511
f 3454/4776/2754 3619/5043/2528 3618/5042/2379 3452/4773/2528
f 3508/4857/2755 3646/5070/2756 3645/5069/2757 3506/4854/2756
f 3456/4779/2758 3620/5044/2615 3619/5043/2615 3454/4776/2615
f 3404/4701/2759 3593/5017/2760 3594/5018/2759 3402/4698/2760
f 3510/4860/2568 3647/5071/2761 3646/5070/2762 3508/4857/2761
f 3458/4782/2531 3621/5045/2763 3620/5044/2763 3456/4779/2763
f 3665/5096/1413 3658/5084/1413 3660/5090/1413 3666/5097/1413
f 3682/5119/795 3678/5112/795 3664/5094/795 3667/5098/795
f 3667/5098/1408 3664/5094/1408 3662/5092/1408 3668/5099/1408
f 3689/5128/1342 3688/5127/1342 3658/5085/1342 3665/5095/1342
f 3677/5111/2390 3663/5093/2391 3661/5091/2392 3679/5114/2393
f 3692/5132/2123 3660/5089/2123 3658/5086/2123 3688/5126/2123
f 3690/5129/1342 3689/5128/1342 3665/5095/1342 3672/5104/1342
f 3670/5101/2764 3667/5098/2764 3668/5099/2764 3671/5102/2764
f 3683/5120/795 3682/5119/795 3667/5098/795 3670/5101/795
f 3672/5103/2405 3665/5096/2406 3666/5097/2407 3669/5100/2408
f 3676/5109/1413 3672/5103/1413 3669/5100/1413 3673/5105/1413
f 3686/5123/795 3683/5120/795 3670/5101/795 3674/5106/795
f 3674/5106/2765 3670/5101/2766 3671/5102/2765 3675/5107/2767
f 3691/5130/1342 3690/5129/1342 3672/5104/1342 3676/5108/1342
f 3693/5134/1342 3691/5130/1342 3676/5108/1342 3657/5081/1342
f 3663/5093/2764 3674/5106/2764 3675/5107/2764 3661/5091/2764
f 3677/5110/795 3686/5123/795 3674/5106/795 3663/5093/795
f 3657/5082/1413 3676/5109/1413 3673/5105/1413 3659/5088/1413
f 3687/5125/795 3696/5137/795 3686/5123/795 3677/5110/795
f 3661/5091/1342 3675/5107/1342 3685/5122/1342 3679/5115/1342
f 3675/5107/1342 3671/5102/1342 3684/5121/1342 3685/5122/1342
f 3695/5136/795 3694/5135/795 3682/5119/795 3683/5120/795
f 3671/5102/1342 3668/5099/1342 3681/5118/1342 3684/5121/1342
f 3664/5094/2123 3678/5113/2123 3680/5116/2123 3662/5092/2123
f 3687/5124/1421 3677/5111/1421 3679/5114/1421 3693/5133/1421
f 3668/5099/1342 3662/5092/1342 3680/5117/1342 3681/5118/1342
f 3694/5135/795 3692/5131/795 3678/5112/795 3682/5119/795
f 3666/5097/795 3660/5090/795 3692/5131/795 3694/5135/795
f 3659/5087/1421 3687/5124/1421 3693/5133/1421 3657/5083/1421
f 3669/5100/795 3666/5097/795 3694/5135/795 3695/5136/795
f 3673/5105/795 3669/5100/795 3695/5136/795 3696/5137/795
f 3659/5088/795 3673/5105/795 3696/5137/795 3687/5125/795
f 3679/5115/1342 3685/5122/1342 3691/5130/1342 3693/5134/1342
f 3684/5121/1342 3681/5118/1342 3689/5128/1342 3690/5129/1342
f 3678/5113/2123 3692/5132/2123 3688/5126/2123 3680/5116/2123
f 3681/5118/1342 3680/5117/1342 3688/5127/1342 3689/5128/1342
f 3696/5137/2768 3695/5136/2768 3690/5129/2768 3691/5130/2768
f 3695/5136/1421 3683/5120/1421 3684/5121/1421 3690/5129/1421
f 3696/5137/2123 3691/5130/2123 3685/5122/2123 3686/5123/2123
f 3685/5122/2769 3684/5121/2769 3683/5120/2769 3686/5123/2769
f 3697/5138/1413 3698/5141/1413 3700/5147/1413 3699/5145/1413
f 3705/5153/795 3738/5219/795 3704/5151/795 3703/5150/795
f 3703/5150/1408 3704/5151/1408 3702/5149/1408 3701/5148/1408
f 3739/5221/2152 3772/5287/2394 3698/5142/1751 3697/5139/2395
f 3705/5152/2390 3703/5150/2391 3701/5148/2392 3755/5252/2393
f 3722/5186/2273 3700/5146/2274 3698/5143/2275 3772/5286/2276
f 3704/5151/2273 3738/5218/2274 3756/5254/2275 3702/5149/2276
f 3738/5218/2273 3737/5216/2274 3757/5256/2275 3756/5254/2276
f 3737/5216/2123 3736/5214/2123 3758/5258/2123 3757/5256/2123
f 3736/5214/2273 3735/5212/2274 3759/5260/2275 3758/5258/2276
f 3735/5212/2770 3734/5210/2771 3760/5262/2770 3759/5260/2772
f 3734/5210/2773 3733/5208/2773 3761/5264/2773 3760/5262/2773
f 3733/5208/2774 3732/5206/2774 3762/5266/2774 3761/5264/2774
f 3732/5206/2775 3731/5204/2775 3763/5268/2775 3762/5266/2775
f 3731/5204/2776 3730/5202/2776 3764/5270/2776 3763/5268/2776
f 3730/5202/2777 3729/5200/2778 3765/5272/2777 3764/5270/2779
f 3729/5200/2780 3728/5198/2780 3766/5274/2780 3765/5272/2780
f 3728/5198/2781 3727/5196/2782 3767/5276/2783 3766/5274/2784
f 3727/5196/2785 3726/5194/2786 3768/5278/2785 3767/5276/2787
f 3726/5194/2788 3725/5192/2789 3769/5280/2788 3768/5278/2790
f 3725/5192/2791 3724/5190/2791 3770/5282/2791 3769/5280/2791
f 3724/5190/2273 3723/5188/2274 3771/5284/2275 3770/5282/2276
f 3723/5188/2273 3722/5186/2274 3772/5286/2275 3771/5284/2276
f 3699/5144/2390 3721/5184/2391 3739/5220/2392 3697/5140/2393
f 3721/5184/2390 3720/5182/2391 3740/5222/2392 3739/5220/2393
f 3720/5182/2390 3719/5180/2391 3741/5224/2392 3740/5222/2393
f 3719/5180/2390 3718/5178/2391 3742/5226/2392 3741/5224/2393
f 3718/5178/1421 3717/5176/1421 3743/5228/1421 3742/5226/1421
f 3717/5176/2390 3716/5174/2391 3744/5230/2392 3743/5228/2393
f 3716/5174/2390 3715/5172/2391 3745/5232/2392 3744/5230/2393
f 3715/5172/2390 3714/5170/2391 3746/5234/2392 3745/5232/2393
f 3714/5170/2390 3713/5168/2391 3747/5236/2392 3746/5234/2393
f 3713/5168/2390 3712/5166/2391 3748/5238/2392 3747/5236/2393
f 3712/5166/2390 3711/5164/2391 3749/5240/2392 3748/5238/2393
f 3711/5164/2390 3710/5162/2391 3750/5242/2392 3749/5240/2393
f 3710/5162/2390 3709/5160/2391 3751/5244/2392 3750/5242/2393
f 3709/5160/2390 3708/5158/2391 3752/5246/2392 3751/5244/2393
f 3708/5158/2390 3707/5156/2391 3753/5248/2392 3752/5246/2393
f 3707/5156/1421 3706/5154/1421 3754/5250/1421 3753/5248/1421
f 3706/5154/2390 3705/5152/2391 3755/5252/2392 3754/5250/2393
f 3701/5148/1342 3702/5149/1342 3756/5255/1342 3755/5253/1342
f 3755/5253/1342 3756/5255/1342 3757/5257/1342 3754/5251/1342
f 3754/5251/1342 3757/5257/1342 3758/5259/1342 3753/5249/1342
f 3753/5249/1342 3758/5259/1342 3759/5261/1342 3752/5247/1342
f 3752/5247/1342 3759/5261/1342 3760/5263/1342 3751/5245/1342
f 3751/5245/1342 3760/5263/1342 3761/5265/1342 3750/5243/1342
f 3750/5243/1342 3761/5265/1342 3762/5267/1342 3749/5241/1342
f 3749/5241/2152 3762/5267/2792 3763/5269/1751 3748/5239/2395
f 3748/5239/1342 3763/5269/1342 3764/5271/1342 3747/5237/1342
f 3747/5237/1342 3764/5271/1342 3765/5273/1342 3746/5235/1342
f 3746/5235/1342 3765/5273/1342 3766/5275/1342 3745/5233/1342
f 3745/5233/1342 3766/5275/1342 3767/5277/1342 3744/5231/1342
f 3744/5231/2152 3767/5277/2793 3768/5279/1751 3743/5229/2395
f 3743/5229/1342 3768/5279/1342 3769/5281/1342 3742/5227/1342
f 3742/5227/1342 3769/5281/1342 3770/5283/1342 3741/5225/1342
f 3741/5225/2152 3770/5283/2394 3771/5285/1751 3740/5223/2395
f 3740/5223/1342 3771/5285/1342 3772/5287/1342 3739/5221/1342
f 3699/5145/1737 3700/5147/2158 3722/5187/2159 3721/5185/2160
f 3721/5185/795 3722/5187/795 3723/5189/795 3720/5183/795
f 3720/5183/1737 3723/5189/2158 3724/5191/2159 3719/5181/2160
f 3719/5181/795 3724/5191/795 3725/5193/795 3718/5179/795
f 3718/5179/795 3725/5193/795 3726/5195/795 3717/5177/795
f 3717/5177/1737 3726/5195/2794 3727/5197/2159 3716/5175/2160
f 3716/5175/795 3727/5197/795 3728/5199/795 3715/5173/795
f 3715/5173/795 3728/5199/795 3729/5201/795 3714/5171/795
f 3714/5171/795 3729/5201/795 3730/5203/795 3713/5169/795
f 3713/5169/795 3730/5203/795 3731/5205/795 3712/5167/795
f 3712/5167/1737 3731/5205/2795 3732/5207/2159 3711/5165/2160
f 3711/5165/795 3732/5207/795 3733/5209/795 3710/5163/795
f 3710/5163/795 3733/5209/795 3734/5211/795 3709/5161/795
f 3709/5161/795 3734/5211/795 3735/5213/795 3708/5159/795
f 3708/5159/795 3735/5213/795 3736/5215/795 3707/5157/795
f 3707/5157/795 3736/5215/795 3737/5217/795 3706/5155/795
f 3706/5155/795 3737/5217/795 3738/5219/795 3705/5153/795
f 3773/5288/2796 3774/5291/2797 3776/5296/2796 3775/5294/2798
f 3775/5294/795 3776/5296/795 3780/5301/795 3779/5300/795
f 3779/5300/2799 3780/5301/2799 3778/5299/2799 3777/5298/2799
f 3777/5298/1342 3778/5299/1342 3774/5292/1342 3773/5289/1342
f 3775/5295/1421 3779/5300/1421 3777/5298/1421 3773/5290/1421
f 3780/5301/2123 3776/5297/2123 3774/5293/2123 3778/5299/2123
f 3781/5302/2800 3782/5305/2800 3784/5310/2800 3783/5308/2800
f 3783/5308/795 3784/5310/795 3788/5315/795 3787/5314/795
f 3787/5314/2801 3788/5315/2801 3786/5313/2801 3785/5312/2801
f 3785/5312/1342 3786/5313/1342 3782/5306/1342 3781/5303/1342
f 3783/5309/2390 3787/5314/2391 3785/5312/2392 3781/5304/2393
f 3788/5315/2123 3784/5311/2123 3782/5307/2123 3786/5313/2123
f 1086/1549/795 1126/1589/795 1099/1562/795 1059/1522/795
usemtl Material.002
f 1224/1725/2802 1204/1691/2802 1206/1696/2802 1225/1726/2802
f 1532/2080/795 1316/1846/795 1210/1700/795 1235/1736/795
f 1235/1736/2803 1210/1700/2803 1208/1698/2803 1245/1746/2803
f 1442/1990/1342 1334/1882/1342 1204/1692/1342 1224/1724/1342
f 1299/1812/2804 1209/1699/2804 1207/1697/2804 1325/1864/2804
f 1676/2224/1342 1343/1891/1342 1211/1701/1342 1286/1795/1342
f 1263/1764/2805 1213/1704/2805 1214/1705/2805 1271/1772/2805
f 1604/2152/795 1352/1900/795 1213/1704/795 1263/1764/795
f 1286/1794/2806 1211/1702/2806 1212/1703/2806 1255/1756/2806
f 1343/1891/1342 1361/1909/1342 1215/1706/1342 1211/1701/1342
f 1361/1909/1342 1370/1918/1342 1216/1708/1342 1215/1706/1342
f 1370/1918/1342 1379/1927/1342 1217/1710/1342 1216/1708/1342
f 1379/1927/1342 1388/1936/1342 1218/1712/1342 1217/1710/1342
f 1388/1936/1342 1397/1945/1342 1219/1714/1342 1218/1712/1342
f 1397/1945/1342 1406/1954/1342 1220/1716/1342 1219/1714/1342
f 1406/1954/1342 1415/1963/1342 1221/1718/1342 1220/1716/1342
f 1415/1963/1342 1424/1972/1342 1222/1720/1342 1221/1718/1342
f 1424/1972/1342 1433/1981/1342 1223/1722/1342 1222/1720/1342
f 1433/1981/1342 1442/1990/1342 1224/1724/1342 1223/1722/1342
f 1213/1704/2807 1244/1745/2807 1254/1755/2807 1214/1705/2807
f 1244/1745/2808 1243/1744/2809 1253/1754/2808 1254/1755/2810
f 1243/1744/2811 1242/1743/2812 1252/1753/2811 1253/1754/2813
f 1242/1743/2814 1241/1742/2815 1251/1752/2816 1252/1753/2817
f 1241/1742/2818 1240/1741/2819 1250/1751/2818 1251/1752/2820
f 1240/1741/2821 1239/1740/2822 1249/1750/2823 1250/1751/2824
f 1239/1740/2825 1238/1739/2825 1248/1749/2825 1249/1750/2825
f 1238/1739/2826 1237/1738/2827 1247/1748/2826 1248/1749/2828
f 1237/1738/2829 1236/1737/2829 1246/1747/2829 1247/1748/2829
f 1236/1737/2830 1235/1736/2831 1245/1746/2830 1246/1747/2832
f 1352/1900/795 1451/1999/795 1244/1745/795 1213/1704/795
f 1451/1999/795 1460/2008/795 1243/1744/795 1244/1745/795
f 1460/2008/795 1469/2017/795 1242/1743/795 1243/1744/795
f 1469/2017/795 1478/2026/795 1241/1742/795 1242/1743/795
f 1478/2026/795 1487/2035/795 1240/1741/795 1241/1742/795
f 1487/2035/795 1496/2044/795 1239/1740/795 1240/1741/795
f 1496/2044/795 1505/2053/795 1238/1739/795 1239/1740/795
f 1505/2053/795 1514/2062/795 1237/1738/795 1238/1739/795
f 1514/2062/795 1523/2071/795 1236/1737/795 1237/1738/795
f 1523/2071/795 1532/2080/795 1235/1736/795 1236/1737/795
f 1211/1702/2833 1215/1707/2834 1234/1735/2833 1212/1703/2835
f 1215/1707/2836 1216/1709/2837 1233/1734/2836 1234/1735/2838
f 1216/1709/2839 1217/1711/2839 1232/1733/2839 1233/1734/2839
f 1217/1711/2840 1218/1713/2841 1231/1732/2840 1232/1733/2842
f 1218/1713/2843 1219/1715/2843 1230/1731/2843 1231/1732/2843
f 1219/1715/2844 1220/1717/2845 1229/1730/2844 1230/1731/2846
f 1220/1717/2847 1221/1719/2847 1228/1729/2847 1229/1730/2847
f 1221/1719/2848 1222/1721/2848 1227/1728/2848 1228/1729/2848
f 1222/1721/2849 1223/1723/2850 1226/1727/2849 1227/1728/2851
f 1223/1723/2802 1224/1725/2802 1225/1726/2802 1226/1727/2802
f 1298/1810/2852 1279/1780/2853 1262/1763/2852 1287/1796/2854
f 1279/1780/2855 1280/1782/2856 1261/1762/2855 1262/1763/2857
f 1280/1782/2858 1281/1784/2858 1260/1761/2858 1261/1762/2858
f 1281/1784/2859 1282/1786/2860 1259/1760/2859 1260/1761/2861
f 1282/1786/2862 1283/1788/2862 1258/1759/2862 1259/1760/2862
f 1283/1788/2863 1284/1790/2864 1257/1758/2865 1258/1759/2866
f 1284/1790/2867 1285/1792/2867 1256/1757/2867 1257/1758/2867
f 1285/1792/2868 1286/1794/2868 1255/1756/2868 1256/1757/2868
f 1730/2278/795 1541/2089/795 1270/1771/795 1290/1799/795
f 1541/2089/795 1550/2098/795 1269/1770/795 1270/1771/795
f 1550/2098/795 1559/2107/795 1268/1769/795 1269/1770/795
f 1559/2107/795 1568/2116/795 1267/1768/795 1268/1769/795
f 1568/2116/795 1577/2125/795 1266/1767/795 1267/1768/795
f 1577/2125/795 1586/2134/795 1265/1766/795 1266/1767/795
f 1586/2134/795 1595/2143/795 1264/1765/795 1265/1766/795
f 1595/2143/795 1604/2152/795 1263/1764/795 1264/1765/795
f 1290/1799/2869 1270/1771/2870 1278/1779/2869 1293/1802/2871
f 1270/1771/2872 1269/1770/2873 1277/1778/2872 1278/1779/2874
f 1269/1770/2875 1268/1769/2875 1276/1777/2875 1277/1778/2875
f 1268/1769/2876 1267/1768/2876 1275/1776/2876 1276/1777/2876
f 1267/1768/2877 1266/1767/2877 1274/1775/2877 1275/1776/2877
f 1266/1767/2878 1265/1766/2878 1273/1774/2878 1274/1775/2878
f 1265/1766/2879 1264/1765/2880 1272/1773/2881 1273/1774/2882
f 1264/1765/2878 1263/1764/2878 1271/1772/2878 1272/1773/2878
f 1703/2251/1342 1613/2161/1342 1279/1781/1342 1298/1809/1342
f 1613/2161/1342 1622/2170/1342 1280/1783/1342 1279/1781/1342
f 1622/2170/1342 1631/2179/1342 1281/1785/1342 1280/1783/1342
f 1631/2179/1342 1640/2188/1342 1282/1787/1342 1281/1785/1342
f 1640/2188/1342 1649/2197/1342 1283/1789/1342 1282/1787/1342
f 1649/2197/1342 1658/2206/1342 1284/1791/1342 1283/1789/1342
f 1658/2206/1342 1667/2215/1342 1285/1793/1342 1284/1791/1342
f 1667/2215/1342 1676/2224/1342 1286/1795/1342 1285/1793/1342
f 1317/1847/1342 1685/2233/1342 1296/1805/1342 1203/1687/1342
f 1685/2233/1342 1694/2242/1342 1297/1807/1342 1296/1805/1342
f 1694/2242/1342 1703/2251/1342 1298/1809/1342 1297/1807/1342
f 1209/1699/2883 1292/1801/2884 1295/1804/2883 1207/1697/2885
f 1292/1801/2886 1291/1800/2886 1294/1803/2886 1295/1804/2886
f 1291/1800/2887 1290/1799/2888 1293/1802/2887 1294/1803/2888
f 1299/1811/795 1712/2260/795 1292/1801/795 1209/1699/795
f 1712/2260/795 1721/2269/795 1291/1800/795 1292/1801/795
f 1721/2269/795 1730/2278/795 1290/1799/795 1291/1800/795
f 1203/1688/2889 1296/1806/2889 1289/1798/2889 1205/1693/2889
f 1296/1806/2890 1297/1808/2890 1288/1797/2890 1289/1798/2890
f 1297/1808/2891 1298/1810/2892 1287/1796/2891 1288/1797/2893
f 1288/1797/795 1287/1796/795 1722/2270/795 1713/2261/795
f 1713/2261/795 1722/2270/795 1723/2271/795 1714/2262/795
f 1714/2262/795 1723/2271/795 1724/2272/795 1715/2263/795
f 1715/2263/795 1724/2272/795 1725/2273/795 1716/2264/795
f 1716/2264/795 1725/2273/795 1726/2274/795 1717/2265/795
f 1717/2265/795 1726/2274/795 1727/2275/795 1718/2266/795
f 1718/2266/795 1727/2275/795 1728/2276/795 1719/2267/795
f 1719/2267/795 1728/2276/795 1729/2277/795 1720/2268/795
f 1720/2268/795 1729/2277/795 1730/2278/795 1721/2269/795
f 1289/1798/795 1288/1797/795 1713/2261/795 1704/2252/795
f 1704/2252/795 1713/2261/795 1714/2262/795 1705/2253/795
f 1705/2253/795 1714/2262/795 1715/2263/795 1706/2254/795
f 1706/2254/795 1715/2263/795 1716/2264/795 1707/2255/795
f 1707/2255/795 1716/2264/795 1717/2265/795 1708/2256/795
f 1708/2256/795 1717/2265/795 1718/2266/795 1709/2257/795
f 1709/2257/795 1718/2266/795 1719/2267/795 1710/2258/795
f 1710/2258/795 1719/2267/795 1720/2268/795 1711/2259/795
f 1711/2259/795 1720/2268/795 1721/2269/795 1712/2260/795
f 1205/1693/795 1289/1798/795 1704/2252/795 1307/1827/795
f 1307/1827/795 1704/2252/795 1705/2253/795 1306/1825/795
f 1306/1825/795 1705/2253/795 1706/2254/795 1305/1823/795
f 1305/1823/795 1706/2254/795 1707/2255/795 1304/1821/795
f 1304/1821/795 1707/2255/795 1708/2256/795 1303/1819/795
f 1303/1819/795 1708/2256/795 1709/2257/795 1302/1817/795
f 1302/1817/795 1709/2257/795 1710/2258/795 1301/1815/795
f 1301/1815/795 1710/2258/795 1711/2259/795 1300/1813/795
f 1300/1813/2894 1711/2259/2794 1712/2260/2895 1299/1811/2896
f 1294/1803/1342 1293/1802/1342 1695/2243/1342 1686/2234/1342
f 1686/2234/1342 1695/2243/1342 1696/2244/1342 1687/2235/1342
f 1687/2235/1342 1696/2244/1342 1697/2245/1342 1688/2236/1342
f 1688/2236/1342 1697/2245/1342 1698/2246/1342 1689/2237/1342
f 1689/2237/1342 1698/2246/1342 1699/2247/1342 1690/2238/1342
f 1690/2238/1342 1699/2247/1342 1700/2248/1342 1691/2239/1342
f 1691/2239/1342 1700/2248/1342 1701/2249/1342 1692/2240/1342
f 1692/2240/1342 1701/2249/1342 1702/2250/1342 1693/2241/1342
f 1693/2241/1342 1702/2250/1342 1703/2251/1342 1694/2242/1342
f 1295/1804/1342 1294/1803/1342 1686/2234/1342 1677/2225/1342
f 1677/2225/1342 1686/2234/1342 1687/2235/1342 1678/2226/1342
f 1678/2226/1342 1687/2235/1342 1688/2236/1342 1679/2227/1342
f 1679/2227/1342 1688/2236/1342 1689/2237/1342 1680/2228/1342
f 1680/2228/1342 1689/2237/1342 1690/2238/1342 1681/2229/1342
f 1681/2229/1342 1690/2238/1342 1691/2239/1342 1682/2230/1342
f 1682/2230/1342 1691/2239/1342 1692/2240/1342 1683/2231/1342
f 1683/2231/1342 1692/2240/1342 1693/2241/1342 1684/2232/1342
f 1684/2232/1342 1693/2241/1342 1694/2242/1342 1685/2233/1342
f 1207/1697/1342 1295/1804/1342 1677/2225/1342 1325/1863/1342
f 1325/1863/1342 1677/2225/1342 1678/2226/1342 1324/1861/1342
f 1324/1861/1342 1678/2226/1342 1679/2227/1342 1323/1859/1342
f 1323/1859/1342 1679/2227/1342 1680/2228/1342 1322/1857/1342
f 1322/1857/1342 1680/2228/1342 1681/2229/1342 1321/1855/1342
f 1321/1855/1342 1681/2229/1342 1682/2230/1342 1320/1853/1342
f 1320/1853/1342 1682/2230/1342 1683/2231/1342 1319/1851/1342
f 1319/1851/1342 1683/2231/1342 1684/2232/1342 1318/1849/1342
f 1318/1849/1342 1684/2232/1342 1685/2233/1342 1317/1847/1342
f 1272/1773/1342 1271/1772/1342 1668/2216/1342 1659/2207/1342
f 1659/2207/1342 1668/2216/1342 1669/2217/1342 1660/2208/1342
f 1660/2208/2897 1669/2217/2394 1670/2218/2898 1661/2209/2395
f 1661/2209/2897 1670/2218/2394 1671/2219/2899 1662/2210/2395
f 1662/2210/2900 1671/2219/2394 1672/2220/2899 1663/2211/2395
f 1663/2211/1342 1672/2220/1342 1673/2221/1342 1664/2212/1342
f 1664/2212/1342 1673/2221/1342 1674/2222/1342 1665/2213/1342
f 1665/2213/1342 1674/2222/1342 1675/2223/1342 1666/2214/1342
f 1666/2214/1342 1675/2223/1342 1676/2224/1342 1667/2215/1342
f 1273/1774/1342 1272/1773/1342 1659/2207/1342 1650/2198/1342
f 1650/2198/1342 1659/2207/1342 1660/2208/1342 1651/2199/1342
f 1651/2199/1342 1660/2208/1342 1661/2209/1342 1652/2200/1342
f 1652/2200/2897 1661/2209/2394 1662/2210/2898 1653/2201/2901
f 1653/2201/1342 1662/2210/1342 1663/2211/1342 1654/2202/1342
f 1654/2202/1342 1663/2211/1342 1664/2212/1342 1655/2203/1342
f 1655/2203/2900 1664/2212/2394 1665/2213/2899 1656/2204/2901
f 1656/2204/1342 1665/2213/1342 1666/2214/1342 1657/2205/1342
f 1657/2205/1342 1666/2214/1342 1667/2215/1342 1658/2206/1342
f 1274/1775/1342 1273/1774/1342 1650/2198/1342 1641/2189/1342
f 1641/2189/1342 1650/2198/1342 1651/2199/1342 1642/2190/1342
f 1642/2190/1342 1651/2199/1342 1652/2200/1342 1643/2191/1342
f 1643/2191/1342 1652/2200/1342 1653/2201/1342 1644/2192/1342
f 1644/2192/1342 1653/2201/1342 1654/2202/1342 1645/2193/1342
f 1645/2193/2897 1654/2202/2902 1655/2203/2898 1646/2194/2903
f 1646/2194/1342 1655/2203/1342 1656/2204/1342 1647/2195/1342
f 1647/2195/1342 1656/2204/1342 1657/2205/1342 1648/2196/1342
f 1648/2196/1342 1657/2205/1342 1658/2206/1342 1649/2197/1342
f 1275/1776/1342 1274/1775/1342 1641/2189/1342 1632/2180/1342
f 1632/2180/1342 1641/2189/1342 1642/2190/1342 1633/2181/1342
f 1633/2181/1342 1642/2190/1342 1643/2191/1342 1634/2182/1342
f 1634/2182/1342 1643/2191/1342 1644/2192/1342 1635/2183/1342
f 1635/2183/1342 1644/2192/1342 1645/2193/1342 1636/2184/1342
f 1636/2184/2897 1645/2193/2902 1646/2194/2898 1637/2185/2903
f 1637/2185/1342 1646/2194/1342 1647/2195/1342 1638/2186/1342
f 1638/2186/1342 1647/2195/1342 1648/2196/1342 1639/2187/1342
f 1639/2187/1342 1648/2196/1342 1649/2197/1342 1640/2188/1342
f 1276/1777/1342 1275/1776/1342 1632/2180/1342 1623/2171/1342
f 1623/2171/1342 1632/2180/1342 1633/2181/1342 1624/2172/1342
f 1624/2172/1342 1633/2181/1342 1634/2182/1342 1625/2173/1342
f 1625/2173/2897 1634/2182/2904 1635/2183/2898 1626/2174/2905
f 1626/2174/2897 1635/2183/2904 1636/2184/2898 1627/2175/2905
f 1627/2175/1342 1636/2184/1342 1637/2185/1342 1628/2176/1342
f 1628/2176/1342 1637/2185/1342 1638/2186/1342 1629/2177/1342
f 1629/2177/1342 1638/2186/1342 1639/2187/1342 1630/2178/1342
f 1630/2178/1342 1639/2187/1342 1640/2188/1342 1631/2179/1342
f 1277/1778/1342 1276/1777/1342 1623/2171/1342 1614/2162/1342
f 1614/2162/2897 1623/2171/1750 1624/2172/2898 1615/2163/2905
f 1615/2163/1342 1624/2172/1342 1625/2173/1342 1616/2164/1342
f 1616/2164/1342 1625/2173/1342 1626/2174/1342 1617/2165/1342
f 1617/2165/1342 1626/2174/1342 1627/2175/1342 1618/2166/1342
f 1618/2166/2897 1627/2175/1750 1628/2176/2898 1619/2167/2905
f 1619/2167/2897 1628/2176/1750 1629/2177/2898 1620/2168/2905
f 1620/2168/2897 1629/2177/1750 1630/2178/2898 1621/2169/2905
f 1621/2169/1342 1630/2178/1342 1631/2179/1342 1622/2170/1342
f 1278/1779/1342 1277/1778/1342 1614/2162/1342 1605/2153/1342
f 1605/2153/1342 1614/2162/1342 1615/2163/1342 1606/2154/1342
f 1606/2154/2906 1615/2163/1983 1616/2164/2907 1607/2155/2905
f 1607/2155/1749 1616/2164/1983 1617/2165/2907 1608/2156/2905
f 1608/2156/1342 1617/2165/1342 1618/2166/1342 1609/2157/1342
f 1609/2157/1342 1618/2166/1342 1619/2167/1342 1610/2158/1342
f 1610/2158/1342 1619/2167/1342 1620/2168/1342 1611/2159/1342
f 1611/2159/2908 1620/2168/1983 1621/2169/2909 1612/2160/2910
f 1612/2160/1342 1621/2169/1342 1622/2170/1342 1613/2161/1342
f 1293/1802/1342 1278/1779/1342 1605/2153/1342 1695/2243/1342
f 1695/2243/1342 1605/2153/1342 1606/2154/1342 1696/2244/1342
f 1696/2244/1342 1606/2154/1342 1607/2155/1342 1697/2245/1342
f 1697/2245/1342 1607/2155/1342 1608/2156/1342 1698/2246/1342
f 1698/2246/1342 1608/2156/1342 1609/2157/1342 1699/2247/1342
f 1699/2247/1342 1609/2157/1342 1610/2158/1342 1700/2248/1342
f 1700/2248/1342 1610/2158/1342 1611/2159/1342 1701/2249/1342
f 1701/2249/1342 1611/2159/1342 1612/2160/1342 1702/2250/1342
f 1702/2250/1342 1612/2160/1342 1613/2161/1342 1703/2251/1342
f 1256/1757/795 1255/1756/795 1596/2144/795 1587/2135/795
f 1587/2135/795 1596/2144/795 1597/2145/795 1588/2136/795
f 1588/2136/795 1597/2145/795 1598/2146/795 1589/2137/795
f 1589/2137/795 1598/2146/795 1599/2147/795 1590/2138/795
f 1590/2138/795 1599/2147/795 1600/2148/795 1591/2139/795
f 1591/2139/2911 1600/2148/2158 1601/2149/2912 1592/2140/2160
f 1592/2140/2911 1601/2149/2158 1602/2150/2913 1593/2141/2160
f 1593/2141/2914 1602/2150/2158 1603/2151/2913 1594/2142/2160
f 1594/2142/795 1603/2151/795 1604/2152/795 1595/2143/795
f 1257/1758/795 1256/1757/795 1587/2135/795 1578/2126/795
f 1578/2126/795 1587/2135/795 1588/2136/795 1579/2127/795
f 1579/2127/795 1588/2136/795 1589/2137/795 1580/2128/795
f 1580/2128/2911 1589/2137/2158 1590/2138/2912 1581/2129/2915
f 1581/2129/795 1590/2138/795 1591/2139/795 1582/2130/795
f 1582/2130/795 1591/2139/795 1592/2140/795 1583/2131/795
f 1583/2131/2914 1592/2140/2158 1593/2141/2913 1584/2132/2915
f 1584/2132/795 1593/2141/795 1594/2142/795 1585/2133/795
f 1585/2133/795 1594/2142/795 1595/2143/795 1586/2134/795
f 1258/1759/795 1257/1758/795 1578/2126/795 1569/2117/795
f 1569/2117/795 1578/2126/795 1579/2127/795 1570/2118/795
f 1570/2118/795 1579/2127/795 1580/2128/795 1571/2119/795
f 1571/2119/795 1580/2128/795 1581/2129/795 1572/2120/795
f 1572/2120/2914 1581/2129/1978 1582/2130/2913 1573/2121/2915
f 1573/2121/795 1582/2130/795 1583/2131/795 1574/2122/795
f 1574/2122/795 1583/2131/795 1584/2132/795 1575/2123/795
f 1575/2123/795 1584/2132/795 1585/2133/795 1576/2124/795
f 1576/2124/795 1585/2133/795 1586/2134/795 1577/2125/795
f 1259/1760/795 1258/1759/795 1569/2117/795 1560/2108/795
f 1560/2108/795 1569/2117/795 1570/2118/795 1561/2109/795
f 1561/2109/795 1570/2118/795 1571/2119/795 1562/2110/795
f 1562/2110/795 1571/2119/795 1572/2120/795 1563/2111/795
f 1563/2111/2914 1572/2120/1978 1573/2121/2913 1564/2112/2916
f 1564/2112/795 1573/2121/795 1574/2122/795 1565/2113/795
f 1565/2113/795 1574/2122/795 1575/2123/795 1566/2114/795
f 1566/2114/795 1575/2123/795 1576/2124/795 1567/2115/795
f 1567/2115/795 1576/2124/795 1577/2125/795 1568/2116/795
f 1260/1761/795 1259/1760/795 1560/2108/795 1551/2099/795
f 1551/2099/795 1560/2108/795 1561/2109/795 1552/2100/795
f 1552/2100/795 1561/2109/795 1562/2110/795 1553/2101/795
f 1553/2101/795 1562/2110/795 1563/2111/795 1554/2102/795
f 1554/2102/795 1563/2111/795 1564/2112/795 1555/2103/795
f 1555/2103/2914 1564/2112/2917 1565/2113/2913 1556/2104/1740
f 1556/2104/2914 1565/2113/2917 1566/2114/2913 1557/2105/1740
f 1557/2105/795 1566/2114/795 1567/2115/795 1558/2106/795
f 1558/2106/795 1567/2115/795 1568/2116/795 1559/2107/795
f 1261/1762/795 1260/1761/795 1551/2099/795 1542/2090/795
f 1542/2090/795 1551/2099/795 1552/2100/795 1543/2091/795
f 1543/2091/2914 1552/2100/2918 1553/2101/2913 1544/2092/1740
f 1544/2092/2914 1553/2101/2918 1554/2102/2913 1545/2093/1740
f 1545/2093/2914 1554/2102/2918 1555/2103/2913 1546/2094/1740
f 1546/2094/795 1555/2103/795 1556/2104/795 1547/2095/795
f 1547/2095/795 1556/2104/795 1557/2105/795 1548/2096/795
f 1548/2096/795 1557/2105/795 1558/2106/795 1549/2097/795
f 1549/2097/2914 1558/2106/2918 1559/2107/2913 1550/2098/1740
f 1262/1763/795 1261/1762/795 1542/2090/795 1533/2081/795
f 1533/2081/2919 1542/2090/2918 1543/2091/2920 1534/2082/2921
f 1534/2082/2919 1543/2091/2918 1544/2092/2922 1535/2083/2921
f 1535/2083/795 1544/2092/795 1545/2093/795 1536/2084/795
f 1536/2084/795 1545/2093/795 1546/2094/795 1537/2085/795
f 1537/2085/795 1546/2094/795 1547/2095/795 1538/2086/795
f 1538/2086/2923 1547/2095/2918 1548/2096/1739 1539/2087/2921
f 1539/2087/2923 1548/2096/2918 1549/2097/2924 1540/2088/2921
f 1540/2088/795 1549/2097/795 1550/2098/795 1541/2089/795
f 1287/1796/795 1262/1763/795 1533/2081/795 1722/2270/795
f 1722/2270/795 1533/2081/795 1534/2082/795 1723/2271/795
f 1723/2271/795 1534/2082/795 1535/2083/795 1724/2272/795
f 1724/2272/795 1535/2083/795 1536/2084/795 1725/2273/795
f 1725/2273/795 1536/2084/795 1537/2085/795 1726/2274/795
f 1726/2274/795 1537/2085/795 1538/2086/795 1727/2275/795
f 1727/2275/795 1538/2086/795 1539/2087/795 1728/2276/795
f 1728/2276/795 1539/2087/795 1540/2088/795 1729/2277/795
f 1729/2277/795 1540/2088/795 1541/2089/795 1730/2278/795
f 1226/1727/795 1225/1726/795 1524/2072/795 1515/2063/795
f 1515/2063/795 1524/2072/795 1525/2073/795 1516/2064/795
f 1516/2064/795 1525/2073/795 1526/2074/795 1517/2065/795
f 1517/2065/795 1526/2074/795 1527/2075/795 1518/2066/795
f 1518/2066/795 1527/2075/795 1528/2076/795 1519/2067/795
f 1519/2067/795 1528/2076/795 1529/2077/795 1520/2068/795
f 1520/2068/795 1529/2077/795 1530/2078/795 1521/2069/795
f 1521/2069/795 1530/2078/795 1531/2079/795 1522/2070/795
f 1522/2070/795 1531/2079/795 1532/2080/795 1523/2071/795
f 1227/1728/795 1226/1727/795 1515/2063/795 1506/2054/795
f 1506/2054/1737 1515/2063/2925 1516/2064/2159 1507/2055/2926
f 1507/2055/1737 1516/2064/2925 1517/2065/2159 1508/2056/2926
f 1508/2056/795 1517/2065/795 1518/2066/795 1509/2057/795
f 1509/2057/795 1518/2066/795 1519/2067/795 1510/2058/795
f 1510/2058/795 1519/2067/795 1520/2068/795 1511/2059/795
f 1511/2059/795 1520/2068/795 1521/2069/795 1512/2060/795
f 1512/2060/795 1521/2069/795 1522/2070/795 1513/2061/795
f 1513/2061/795 1522/2070/795 1523/2071/795 1514/2062/795
f 1228/1729/795 1227/1728/795 1506/2054/795 1497/2045/795
f 1497/2045/795 1506/2054/795 1507/2055/795 1498/2046/795
f 1498/2046/795 1507/2055/795 1508/2056/795 1499/2047/795
f 1499/2047/795 1508/2056/795 1509/2057/795 1500/2048/795
f 1500/2048/795 1509/2057/795 1510/2058/795 1501/2049/795
f 1501/2049/795 1510/2058/795 1511/2059/795 1502/2050/795
f 1502/2050/795 1511/2059/795 1512/2060/795 1503/2051/795
f 1503/2051/795 1512/2060/795 1513/2061/795 1504/2052/795
f 1504/2052/795 1513/2061/795 1514/2062/795 1505/2053/795
f 1229/1730/795 1228/1729/795 1497/2045/795 1488/2036/795
f 1488/2036/795 1497/2045/795 1498/2046/795 1489/2037/795
f 1489/2037/795 1498/2046/795 1499/2047/795 1490/2038/795
f 1490/2038/795 1499/2047/795 1500/2048/795 1491/2039/795
f 1491/2039/795 1500/2048/795 1501/2049/795 1492/2040/795
f 1492/2040/795 1501/2049/795 1502/2050/795 1493/2041/795
f 1493/2041/795 1502/2050/795 1503/2051/795 1494/2042/795
f 1494/2042/795 1503/2051/795 1504/2052/795 1495/2043/795
f 1495/2043/795 1504/2052/795 1505/2053/795 1496/2044/795
f 1230/1731/795 1229/1730/795 1488/2036/795 1479/2027/795
f 1479/2027/2927 1488/2036/2158 1489/2037/2928 1480/2028/2929
f 1480/2028/2930 1489/2037/2158 1490/2038/1979 1481/2029/2929
f 1481/2029/795 1490/2038/795 1491/2039/795 1482/2030/795
f 1482/2030/795 1491/2039/795 1492/2040/795 1483/2031/795
f 1483/2031/795 1492/2040/795 1493/2041/795 1484/2032/795
f 1484/2032/795 1493/2041/795 1494/2042/795 1485/2033/795
f 1485/2033/795 1494/2042/795 1495/2043/795 1486/2034/795
f 1486/2034/795 1495/2043/795 1496/2044/795 1487/2035/795
f 1231/1732/795 1230/1731/795 1479/2027/795 1470/2018/795
f 1470/2018/795 1479/2027/795 1480/2028/795 1471/2019/795
f 1471/2019/795 1480/2028/795 1481/2029/795 1472/2020/795
f 1472/2020/795 1481/2029/795 1482/2030/795 1473/2021/795
f 1473/2021/795 1482/2030/795 1483/2031/795 1474/2022/795
f 1474/2022/795 1483/2031/795 1484/2032/795 1475/2023/795
f 1475/2023/795 1484/2032/795 1485/2033/795 1476/2024/795
f 1476/2024/2894 1485/2033/2158 1486/2034/2931 1477/2025/2926
f 1477/2025/795 1486/2034/795 1487/2035/795 1478/2026/795
f 1232/1733/795 1231/1732/795 1470/2018/795 1461/2009/795
f 1461/2009/795 1470/2018/795 1471/2019/795 1462/2010/795
f 1462/2010/795 1471/2019/795 1472/2020/795 1463/2011/795
f 1463/2011/795 1472/2020/795 1473/2021/795 1464/2012/795
f 1464/2012/795 1473/2021/795 1474/2022/795 1465/2013/795
f 1465/2013/1737 1474/2022/2158 1475/2023/2932 1466/2014/2929
f 1466/2014/795 1475/2023/795 1476/2024/795 1467/2015/795
f 1467/2015/795 1476/2024/795 1477/2025/795 1468/2016/795
f 1468/2016/795 1477/2025/795 1478/2026/795 1469/2017/795
f 1233/1734/795 1232/1733/795 1461/2009/795 1452/2000/795
f 1452/2000/795 1461/2009/795 1462/2010/795 1453/2001/795
f 1453/2001/795 1462/2010/795 1463/2011/795 1454/2002/795
f 1454/2002/2933 1463/2011/1978 1464/2012/2934 1455/2003/2929
f 1455/2003/795 1464/2012/795 1465/2013/795 1456/2004/795
f 1456/2004/795 1465/2013/795 1466/2014/795 1457/2005/795
f 1457/2005/2935 1466/2014/1978 1467/2015/2924 1458/2006/2936
f 1458/2006/795 1467/2015/795 1468/2016/795 1459/2007/795
f 1459/2007/795 1468/2016/795 1469/2017/795 1460/2008/795
f 1234/1735/795 1233/1734/795 1452/2000/795 1443/1991/795
f 1443/1991/795 1452/2000/795 1453/2001/795 1444/1992/795
f 1444/1992/795 1453/2001/795 1454/2002/795 1445/1993/795
f 1445/1993/795 1454/2002/795 1455/2003/795 1446/1994/795
f 1446/1994/795 1455/2003/795 1456/2004/795 1447/1995/795
f 1447/1995/2937 1456/2004/2158 1457/2005/2938 1448/1996/2929
f 1448/1996/795 1457/2005/795 1458/2006/795 1449/1997/795
f 1449/1997/2935 1458/2006/1978 1459/2007/2913 1450/1998/2936
f 1450/1998/795 1459/2007/795 1460/2008/795 1451/1999/795
f 1212/1703/795 1234/1735/795 1443/1991/795 1344/1892/795
f 1344/1892/795 1443/1991/795 1444/1992/795 1345/1893/795
f 1345/1893/795 1444/1992/795 1445/1993/795 1346/1894/795
f 1346/1894/795 1445/1993/795 1446/1994/795 1347/1895/795
f 1347/1895/795 1446/1994/795 1447/1995/795 1348/1896/795
f 1348/1896/2140 1447/1995/2158 1448/1996/2939 1349/1897/2929
f 1349/1897/795 1448/1996/795 1449/1997/795 1350/1898/795
f 1350/1898/795 1449/1997/795 1450/1998/795 1351/1899/795
f 1351/1899/2911 1450/1998/2158 1451/1999/2924 1352/1900/2929
f 1246/1747/1342 1245/1746/1342 1434/1982/1342 1425/1973/1342
f 1425/1973/1342 1434/1982/1342 1435/1983/1342 1426/1974/1342
f 1426/1974/1342 1435/1983/1342 1436/1984/1342 1427/1975/1342
f 1427/1975/1342 1436/1984/1342 1437/1985/1342 1428/1976/1342
f 1428/1976/1342 1437/1985/1342 1438/1986/1342 1429/1977/1342
f 1429/1977/1342 1438/1986/1342 1439/1987/1342 1430/1978/1342
f 1430/1978/1342 1439/1987/1342 1440/1988/1342 1431/1979/1342
f 1431/1979/1342 1440/1988/1342 1441/1989/1342 1432/1980/1342
f 1432/1980/1342 1441/1989/1342 1442/1990/1342 1433/1981/1342
f 1247/1748/1342 1246/1747/1342 1425/1973/1342 1416/1964/1342
f 1416/1964/1342 1425/1973/1342 1426/1974/1342 1417/1965/1342
f 1417/1965/1342 1426/1974/1342 1427/1975/1342 1418/1966/1342
f 1418/1966/1342 1427/1975/1342 1428/1976/1342 1419/1967/1342
f 1419/1967/1342 1428/1976/1342 1429/1977/1342 1420/1968/1342
f 1420/1968/1342 1429/1977/1342 1430/1978/1342 1421/1969/1342
f 1421/1969/1342 1430/1978/1342 1431/1979/1342 1422/1970/1342
f 1422/1970/2152 1431/1979/2153 1432/1980/1751 1423/1971/2940
f 1423/1971/2152 1432/1980/2153 1433/1981/1751 1424/1972/2940
f 1248/1749/1342 1247/1748/1342 1416/1964/1342 1407/1955/1342
f 1407/1955/1342 1416/1964/1342 1417/1965/1342 1408/1956/1342
f 1408/1956/1342 1417/1965/1342 1418/1966/1342 1409/1957/1342
f 1409/1957/1342 1418/1966/1342 1419/1967/1342 1410/1958/1342
f 1410/1958/1342 1419/1967/1342 1420/1968/1342 1411/1959/1342
f 1411/1959/1342 1420/1968/1342 1421/1969/1342 1412/1960/1342
f 1412/1960/1342 1421/1969/1342 1422/1970/1342 1413/1961/1342
f 1413/1961/1342 1422/1970/1342 1423/1971/1342 1414/1962/1342
f 1414/1962/1342 1423/1971/1342 1424/1972/1342 1415/1963/1342
f 1249/1750/1342 1248/1749/1342 1407/1955/1342 1398/1946/1342
f 1398/1946/1342 1407/1955/1342 1408/1956/1342 1399/1947/1342
f 1399/1947/1342 1408/1956/1342 1409/1957/1342 1400/1948/1342
f 1400/1948/1342 1409/1957/1342 1410/1958/1342 1401/1949/1342
f 1401/1949/1342 1410/1958/1342 1411/1959/1342 1402/1950/1342
f 1402/1950/1342 1411/1959/1342 1412/1960/1342 1403/1951/1342
f 1403/1951/1342 1412/1960/1342 1413/1961/1342 1404/1952/1342
f 1404/1952/1342 1413/1961/1342 1414/1962/1342 1405/1953/1342
f 1405/1953/1342 1414/1962/1342 1415/1963/1342 1406/1954/1342
f 1250/1751/1342 1249/1750/1342 1398/1946/1342 1389/1937/1342
f 1389/1937/1342 1398/1946/1342 1399/1947/1342 1390/1938/1342
f 1390/1938/1342 1399/1947/1342 1400/1948/1342 1391/1939/1342
f 1391/1939/1342 1400/1948/1342 1401/1949/1342 1392/1940/1342
f 1392/1940/1342 1401/1949/1342 1402/1950/1342 1393/1941/1342
f 1393/1941/1342 1402/1950/1342 1403/1951/1342 1394/1942/1342
f 1394/1942/1342 1403/1951/1342 1404/1952/1342 1395/1943/1342
f 1395/1943/1982 1404/1952/1988 1405/1953/2941 1396/1944/2395
f 1396/1944/2942 1405/1953/1988 1406/1954/2943 1397/1945/2395
f 1251/1752/1342 1250/1751/1342 1389/1937/1342 1380/1928/1342
f 1380/1928/1342 1389/1937/1342 1390/1938/1342 1381/1929/1342
f 1381/1929/2944 1390/1938/2153 1391/1939/2945 1382/1930/2395
f 1382/1930/1342 1391/1939/1342 1392/1940/1342 1383/1931/1342
f 1383/1931/1342 1392/1940/1342 1393/1941/1342 1384/1932/1342
f 1384/1932/1342 1393/1941/1342 1394/1942/1342 1385/1933/1342
f 1385/1933/1342 1394/1942/1342 1395/1943/1342 1386/1934/1342
f 1386/1934/1342 1395/1943/1342 1396/1944/1342 1387/1935/1342
f 1387/1935/1342 1396/1944/1342 1397/1945/1342 1388/1936/1342
f 1252/1753/1342 1251/1752/1342 1380/1928/1342 1371/1919/1342
f 1371/1919/1342 1380/1928/1342 1381/1929/1342 1372/1920/1342
f 1372/1920/1342 1381/1929/1342 1382/1930/1342 1373/1921/1342
f 1373/1921/1342 1382/1930/1342 1383/1931/1342 1374/1922/1342
f 1374/1922/2946 1383/1931/1988 1384/1932/1751 1375/1923/2395
f 1375/1923/1342 1384/1932/1342 1385/1933/1342 1376/1924/1342
f 1376/1924/1342 1385/1933/1342 1386/1934/1342 1377/1925/1342
f 1377/1925/1342 1386/1934/1342 1387/1935/1342 1378/1926/1342
f 1378/1926/1342 1387/1935/1342 1388/1936/1342 1379/1927/1342
f 1253/1754/1342 1252/1753/1342 1371/1919/1342 1362/1910/1342
f 1362/1910/1342 1371/1919/1342 1372/1920/1342 1363/1911/1342
f 1363/1911/1342 1372/1920/1342 1373/1921/1342 1364/1912/1342
f 1364/1912/2906 1373/1921/1986 1374/1922/2947 1365/1913/2901
f 1365/1913/1342 1374/1922/1342 1375/1923/1342 1366/1914/1342
f 1366/1914/1342 1375/1923/1342 1376/1924/1342 1367/1915/1342
f 1367/1915/2948 1376/1924/1988 1377/1925/2949 1368/1916/2395
f 1368/1916/1342 1377/1925/1342 1378/1926/1342 1369/1917/1342
f 1369/1917/1342 1378/1926/1342 1379/1927/1342 1370/1918/1342
f 1254/1755/1342 1253/1754/1342 1362/1910/1342 1353/1901/1342
f 1353/1901/1342 1362/1910/1342 1363/1911/1342 1354/1902/1342
f 1354/1902/2897 1363/1911/1986 1364/1912/2947 1355/1903/2901
f 1355/1903/1342 1364/1912/1342 1365/1913/1342 1356/1904/1342
f 1356/1904/2134 1365/1913/1988 1366/1914/2950 1357/1905/2395
f 1357/1905/1342 1366/1914/1342 1367/1915/1342 1358/1906/1342
f 1358/1906/1342 1367/1915/1342 1368/1916/1342 1359/1907/1342
f 1359/1907/1342 1368/1916/1342 1369/1917/1342 1360/1908/1342
f 1360/1908/1342 1369/1917/1342 1370/1918/1342 1361/1909/1342
f 1214/1705/1342 1254/1755/1342 1353/1901/1342 1335/1883/1342
f 1335/1883/2906 1353/1901/1988 1354/1902/2899 1336/1884/2395
f 1336/1884/1342 1354/1902/1342 1355/1903/1342 1337/1885/1342
f 1337/1885/1342 1355/1903/1342 1356/1904/1342 1338/1886/1342
f 1338/1886/2951 1356/1904/1988 1357/1905/2952 1339/1887/2395
f 1339/1887/1342 1357/1905/1342 1358/1906/1342 1340/1888/1342
f 1340/1888/1342 1358/1906/1342 1359/1907/1342 1341/1889/1342
f 1341/1889/1342 1359/1907/1342 1360/1908/1342 1342/1890/1342
f 1342/1890/1342 1360/1908/1342 1361/1909/1342 1343/1891/1342
f 1255/1756/795 1212/1703/795 1344/1892/795 1596/2144/795
f 1596/2144/795 1344/1892/795 1345/1893/795 1597/2145/795
f 1597/2145/795 1345/1893/795 1346/1894/795 1598/2146/795
f 1598/2146/795 1346/1894/795 1347/1895/795 1599/2147/795
f 1599/2147/795 1347/1895/795 1348/1896/795 1600/2148/795
f 1600/2148/795 1348/1896/795 1349/1897/795 1601/2149/795
f 1601/2149/795 1349/1897/795 1350/1898/795 1602/2150/795
f 1602/2150/795 1350/1898/795 1351/1899/795 1603/2151/795
f 1603/2151/2914 1351/1899/2925 1352/1900/2913 1604/2152/2160
f 1271/1772/1342 1214/1705/1342 1335/1883/1342 1668/2216/1342
f 1668/2216/2897 1335/1883/2153 1336/1884/2898 1669/2217/2395
f 1669/2217/1342 1336/1884/1342 1337/1885/1342 1670/2218/1342
f 1670/2218/1342 1337/1885/1342 1338/1886/1342 1671/2219/1342
f 1671/2219/1342 1338/1886/1342 1339/1887/1342 1672/2220/1342
f 1672/2220/1342 1339/1887/1342 1340/1888/1342 1673/2221/1342
f 1673/2221/1342 1340/1888/1342 1341/1889/1342 1674/2222/1342
f 1674/2222/1342 1341/1889/1342 1342/1890/1342 1675/2223/1342
f 1675/2223/1342 1342/1890/1342 1343/1891/1342 1676/2224/1342
f 1205/1694/2953 1307/1828/2953 1317/1848/2953 1203/1689/2953
f 1307/1828/2954 1306/1826/2954 1318/1850/2954 1317/1848/2954
f 1306/1826/2955 1305/1824/2955 1319/1852/2955 1318/1850/2955
f 1305/1824/2956 1304/1822/2956 1320/1854/2956 1319/1852/2956
f 1304/1822/2957 1303/1820/2958 1321/1856/2957 1320/1854/2959
f 1303/1820/2960 1302/1818/2960 1322/1858/2960 1321/1856/2960
f 1302/1818/2961 1301/1816/2962 1323/1860/2961 1322/1858/2963
f 1301/1816/2964 1300/1814/2964 1324/1862/2964 1323/1860/2964
f 1300/1814/2965 1299/1812/2965 1325/1864/2965 1324/1862/2965
f 1245/1746/1342 1208/1698/1342 1326/1866/1342 1434/1982/1342
f 1434/1982/1342 1326/1866/1342 1327/1868/1342 1435/1983/1342
f 1435/1983/1342 1327/1868/1342 1328/1870/1342 1436/1984/1342
f 1436/1984/1342 1328/1870/1342 1329/1872/1342 1437/1985/1342
f 1437/1985/1342 1329/1872/1342 1330/1874/1342 1438/1986/1342
f 1438/1986/2152 1330/1874/2153 1331/1876/1751 1439/1987/2940
f 1439/1987/1342 1331/1876/1342 1332/1878/1342 1440/1988/1342
f 1440/1988/2152 1332/1878/2153 1333/1880/1751 1441/1989/2940
f 1441/1989/1342 1333/1880/1342 1334/1882/1342 1442/1990/1342
f 1225/1726/795 1206/1696/795 1308/1830/795 1524/2072/795
f 1524/2072/795 1308/1830/795 1309/1832/795 1525/2073/795
f 1525/2073/1737 1309/1832/2925 1310/1834/2159 1526/2074/2926
f 1526/2074/795 1310/1834/795 1311/1836/795 1527/2075/795
f 1527/2075/1737 1311/1836/2925 1312/1838/2159 1528/2076/2926
f 1528/2076/795 1312/1838/795 1313/1840/795 1529/2077/795
f 1529/2077/795 1313/1840/795 1314/1842/795 1530/2078/795
f 1530/2078/795 1314/1842/795 1315/1844/795 1531/2079/795
f 1531/2079/795 1315/1844/795 1316/1846/795 1532/2080/795
f 2291/3058/1413 2289/3056/1413 1848/2442/1413 2022/2785/1413
f 2028/2791/1342 1858/2458/1342 1846/2437/1342 2021/2783/1342
f 2214/2980/2966 2199/2965/2967 1849/2443/2966 1872/2485/2967
f 2203/2969/2968 2202/2968/2968 1855/2451/2968 1860/2461/2968
f 2082/2845/1342 1966/2673/1342 1856/2454/1342 2025/2788/1342
f 2027/2790/795 1859/2460/795 1854/2450/795 2026/2789/795
f 2022/2785/795 1848/2442/795 1859/2460/795 2027/2790/795
f 2197/2961/2390 2203/2969/2391 1860/2461/2392 1845/2433/2393
f 2025/2788/1342 1856/2454/1342 1858/2458/1342 2028/2791/1342
f 2034/2797/1342 1880/2502/1342 1864/2470/1342 2029/2792/1342
f 2236/3002/2969 2206/2972/2969 1862/2465/2969 1904/2549/2969
f 2060/2823/795 1894/2530/795 1861/2464/795 2030/2793/795
f 2024/2787/1342 1850/2444/1342 1877/2496/1342 2031/2794/1342
f 2031/2794/2152 1877/2496/2394 1878/2498/1751 2032/2795/2901
f 2032/2795/1342 1878/2498/1342 1879/2500/1342 2033/2796/1342
f 2033/2796/1342 1879/2500/1342 1880/2502/1342 2034/2797/1342
f 2206/2972/2970 2211/2977/2970 1869/2479/2970 1862/2465/2970
f 2211/2977/2971 2212/2978/2971 1870/2481/2971 1869/2479/2971
f 2212/2978/2972 2213/2979/2972 1871/2483/2972 1870/2481/2972
f 2213/2979/2973 2214/2980/2973 1872/2485/2973 1871/2483/2973
f 2030/2793/795 1861/2464/795 1865/2472/795 2035/2798/795
f 2035/2798/795 1865/2472/795 1866/2474/795 2036/2799/795
f 2036/2799/795 1866/2474/795 1867/2476/795 2037/2800/795
f 2037/2800/1737 1867/2476/2158 1868/2478/2159 2038/2801/2915
f 2080/2843/795 1937/2615/795 1883/2507/795 2039/2802/795
f 2256/3022/2974 2215/2981/2975 1884/2509/2974 1946/2633/2976
f 2050/2813/1342 1924/2590/1342 1882/2506/1342 2040/2803/1342
f 2029/2792/1342 1864/2470/1342 1915/2572/1342 2041/2804/1342
f 2041/2804/1342 1915/2572/1342 1916/2574/1342 2042/2805/1342
f 2042/2805/1342 1916/2574/1342 1917/2576/1342 2043/2806/1342
f 2043/2806/1342 1917/2576/1342 1918/2578/1342 2044/2807/1342
f 2044/2807/2152 1918/2578/2394 1919/2580/1751 2045/2808/2395
f 2045/2808/1342 1919/2580/1342 1920/2582/1342 2046/2809/1342
f 2046/2809/2152 1920/2582/2394 1921/2584/1751 2047/2810/2395
f 2047/2810/2152 1921/2584/2394 1922/2586/1751 2048/2811/2395
f 2048/2811/2152 1922/2586/2394 1923/2588/1751 2049/2812/2395
f 2049/2812/1342 1923/2588/1342 1924/2590/1342 2050/2813/1342
f 2039/2802/795 1883/2507/795 1885/2512/795 2051/2814/795
f 2051/2814/795 1885/2512/795 1886/2514/795 2052/2815/795
f 2052/2815/795 1886/2514/795 1887/2516/795 2053/2816/795
f 2053/2816/1737 1887/2516/2158 1888/2518/2159 2054/2817/2160
f 2054/2817/1737 1888/2518/2158 1889/2520/2159 2055/2818/2160
f 2055/2818/795 1889/2520/795 1890/2522/795 2056/2819/795
f 2056/2819/1737 1890/2522/2158 1891/2524/2159 2057/2820/2160
f 2057/2820/795 1891/2524/795 1892/2526/795 2058/2821/795
f 2058/2821/795 1892/2526/795 1893/2528/795 2059/2822/795
f 2059/2822/795 1893/2528/795 1894/2530/795 2060/2823/795
f 2215/2981/2977 2227/2993/2977 1895/2531/2977 1884/2509/2977
f 2227/2993/2978 2228/2994/2979 1896/2533/2978 1895/2531/2980
f 2228/2994/2981 2229/2995/2981 1897/2535/2981 1896/2533/2981
f 2229/2995/2982 2230/2996/2982 1898/2537/2982 1897/2535/2982
f 2230/2996/2983 2231/2997/2983 1899/2539/2983 1898/2537/2983
f 2231/2997/2984 2232/2998/2984 1900/2541/2984 1899/2539/2984
f 2232/2998/2985 2233/2999/2985 1901/2543/2985 1900/2541/2985
f 2233/2999/2986 2234/3000/2986 1902/2545/2986 1901/2543/2986
f 2234/3000/2987 2235/3001/2988 1903/2547/2987 1902/2545/2989
f 2235/3001/2990 2236/3002/2991 1904/2549/2992 1903/2547/2993
f 2260/3026/2994 2237/3003/2995 1928/2597/2994 1970/2681/2996
f 2084/2847/795 1969/2679/795 1927/2595/795 2061/2824/795
f 2071/2834/1342 1964/2670/1342 1926/2594/1342 2062/2825/1342
f 2247/3013/2997 2238/3004/2997 1926/2593/2997 1964/2669/2997
f 2216/2982/2998 2239/3005/2998 1956/2653/2998 1882/2505/2998
f 2239/3005/2999 2240/3006/2999 1957/2655/2999 1956/2653/2999
f 2240/3006/2123 2241/3007/2123 1958/2657/2123 1957/2655/2123
f 2241/3007/3000 2242/3008/3000 1959/2659/3000 1958/2657/3000
f 2242/3008/2123 2243/3009/2123 1960/2661/2123 1959/2659/2123
f 2243/3009/1419 2244/3010/1419 1961/2663/1419 1960/2661/1419
f 2244/3010/3001 2245/3011/3002 1962/2665/3001 1961/2663/3003
f 2245/3011/2273 2246/3012/2274 1963/2667/2275 1962/2665/2276
f 2246/3012/3004 2247/3013/3004 1964/2669/3004 1963/2667/3004
f 2040/2803/1342 1882/2506/1342 1956/2654/1342 2063/2826/1342
f 2063/2826/1342 1956/2654/1342 1957/2656/1342 2064/2827/1342
f 2064/2827/1342 1957/2656/1342 1958/2658/1342 2065/2828/1342
f 2065/2828/1342 1958/2658/1342 1959/2660/1342 2066/2829/1342
f 2066/2829/1342 1959/2660/1342 1960/2662/1342 2067/2830/1342
f 2067/2830/1342 1960/2662/1342 1961/2664/1342 2068/2831/1342
f 2068/2831/1342 1961/2664/1342 1962/2666/1342 2069/2832/1342
f 2069/2832/1342 1962/2666/1342 1963/2668/1342 2070/2833/1342
f 2070/2833/1342 1963/2668/1342 1964/2670/1342 2071/2834/1342
f 2237/3003/3005 2248/3014/3005 1938/2617/3005 1928/2597/3005
f 2248/3014/2974 2249/3015/2975 1939/2619/2974 1938/2617/2976
f 2249/3015/3006 2250/3016/3006 1940/2621/3006 1939/2619/3006
f 2250/3016/3005 2251/3017/3005 1941/2623/3005 1940/2621/3005
f 2251/3017/3005 2252/3018/2975 1942/2625/3005 1941/2623/3005
f 2252/3018/3005 2253/3019/3005 1943/2627/3005 1942/2625/3005
f 2253/3019/3006 2254/3020/3006 1944/2629/3006 1943/2627/3006
f 2254/3020/3005 2255/3021/3005 1945/2631/3005 1944/2629/3005
f 2255/3021/3005 2256/3022/3005 1946/2633/3005 1945/2631/3005
f 2061/2824/795 1927/2595/795 1929/2599/795 2072/2835/795
f 2072/2835/795 1929/2599/795 1930/2601/795 2073/2836/795
f 2073/2836/795 1930/2601/795 1931/2603/795 2074/2837/795
f 2074/2837/795 1931/2603/795 1932/2605/795 2075/2838/795
f 2075/2838/795 1932/2605/795 1933/2607/795 2076/2839/795
f 2076/2839/795 1933/2607/795 1934/2609/795 2077/2840/795
f 2077/2840/795 1934/2609/795 1935/2611/795 2078/2841/795
f 2078/2841/795 1935/2611/795 1936/2613/795 2079/2842/795
f 2079/2842/795 1936/2613/795 1937/2615/795 2080/2843/795
f 2026/2789/795 1854/2450/795 1967/2675/795 2081/2844/795
f 2202/2968/3005 2257/3023/3005 1968/2677/3005 1855/2451/3005
f 2108/2871/1342 1996/2734/1342 1966/2673/1342 2082/2845/1342
f 2284/3050/3007 2258/3024/3007 1966/2674/3007 1996/2733/3007
f 2062/2825/1342 1926/2594/1342 1972/2686/1342 2083/2846/1342
f 2096/2859/795 2008/2757/795 1969/2679/795 2084/2847/795
f 2272/3038/3005 2260/3026/3005 1970/2681/3005 2020/2781/3005
f 2257/3023/3005 2261/3027/3005 2009/2759/3005 1968/2677/3005
f 2261/3027/3005 2262/3028/3005 2010/2761/3005 2009/2759/3005
f 2262/3028/3005 2263/3029/3005 2011/2763/3005 2010/2761/3005
f 2263/3029/3008 2264/3030/3009 2012/2765/3008 2011/2763/3010
f 2264/3030/3005 2265/3031/3005 2013/2767/3005 2012/2765/3005
f 2265/3031/3005 2266/3032/3005 2014/2769/3005 2013/2767/3005
f 2266/3032/3005 2267/3033/3005 2015/2771/3005 2014/2769/3005
f 2267/3033/3011 2268/3034/2995 2016/2773/3011 2015/2771/2996
f 2268/3034/3005 2269/3035/3005 2017/2775/3005 2016/2773/3005
f 2269/3035/3008 2270/3036/3009 2018/2777/3008 2017/2775/3010
f 2270/3036/3005 2271/3037/3005 2019/2779/3005 2018/2777/3005
f 2271/3037/3005 2272/3038/3005 2020/2781/3005 2019/2779/3005
f 2081/2844/795 1967/2675/795 1997/2735/795 2085/2848/795
f 2085/2848/795 1997/2735/795 1998/2737/795 2086/2849/795
f 2086/2849/795 1998/2737/795 1999/2739/795 2087/2850/795
f 2087/2850/1737 1999/2739/2925 2000/2741/2159 2088/2851/2926
f 2088/2851/795 2000/2741/795 2001/2743/795 2089/2852/795
f 2089/2852/795 2001/2743/795 2002/2745/795 2090/2853/795
f 2090/2853/1737 2002/2745/2158 2003/2747/2159 2091/2854/2160
f 2091/2854/795 2003/2747/795 2004/2749/795 2092/2855/795
f 2092/2855/795 2004/2749/795 2005/2751/795 2093/2856/795
f 2093/2856/1737 2005/2751/1978 2006/2753/2159 2094/2857/2915
f 2094/2857/1737 2006/2753/1978 2007/2755/2159 2095/2858/2915
f 2095/2858/795 2007/2755/795 2008/2757/795 2096/2859/795
f 2259/3025/3012 2273/3039/3012 1985/2711/3012 1972/2685/3012
f 2273/3039/3013 2274/3040/3013 1986/2713/3013 1985/2711/3013
f 2274/3040/3014 2275/3041/3014 1987/2715/3014 1986/2713/3014
f 2275/3041/3015 2276/3042/3015 1988/2717/3015 1987/2715/3015
f 2276/3042/3016 2277/3043/3016 1989/2719/3016 1988/2717/3016
f 2277/3043/2273 2278/3044/2274 1990/2721/2275 1989/2719/2276
f 2278/3044/3017 2279/3045/3017 1991/2723/3017 1990/2721/3017
f 2279/3045/2123 2280/3046/2123 1992/2725/2123 1991/2723/2123
f 2280/3046/2123 2281/3047/2123 1993/2727/2123 1992/2725/2123
f 2281/3047/3018 2282/3048/3018 1994/2729/3018 1993/2727/3018
f 2282/3048/3018 2283/3049/3018 1995/2731/3018 1994/2729/3018
f 2283/3049/3019 2284/3050/3020 1996/2733/3019 1995/2731/3021
f 2083/2846/1342 1972/2686/1342 1985/2712/1342 2097/2860/1342
f 2097/2860/1342 1985/2712/1342 1986/2714/1342 2098/2861/1342
f 2098/2861/2152 1986/2714/2902 1987/2716/1751 2099/2862/2901
f 2099/2862/2152 1987/2716/2902 1988/2718/1751 2100/2863/2901
f 2100/2863/1342 1988/2718/1342 1989/2720/1342 2101/2864/1342
f 2101/2864/1342 1989/2720/1342 1990/2722/1342 2102/2865/1342
f 2102/2865/2152 1990/2722/2394 1991/2724/1751 2103/2866/2395
f 2103/2866/1342 1991/2724/1342 1992/2726/1342 2104/2867/1342
f 2104/2867/1342 1992/2726/1342 1993/2728/1342 2105/2868/1342
f 2105/2868/2152 1993/2728/2153 1994/2730/1751 2106/2869/2940
f 2106/2869/1342 1994/2730/1342 1995/2732/1342 2107/2870/1342
f 2107/2870/1342 1995/2732/1342 1996/2734/1342 2108/2871/1342
f 2194/2957/1342 2107/2870/1342 2108/2871/1342 2195/2958/1342
f 2193/2956/1342 2106/2869/1342 2107/2870/1342 2194/2957/1342
f 2192/2955/1342 2105/2868/1342 2106/2869/1342 2193/2956/1342
f 2191/2954/1342 2104/2867/1342 2105/2868/1342 2192/2955/1342
f 2190/2953/1342 2103/2866/1342 2104/2867/1342 2191/2954/1342
f 2189/2952/1342 2102/2865/1342 2103/2866/1342 2190/2953/1342
f 2188/2951/1342 2101/2864/1342 2102/2865/1342 2189/2952/1342
f 2187/2950/1342 2100/2863/1342 2101/2864/1342 2188/2951/1342
f 2186/2949/1342 2099/2862/1342 2100/2863/1342 2187/2950/1342
f 2185/2948/1342 2098/2861/1342 2099/2862/1342 2186/2949/1342
f 2184/2947/1342 2097/2860/1342 2098/2861/1342 2185/2948/1342
f 2170/2933/1342 2083/2846/1342 2097/2860/1342 2184/2947/1342
f 2182/2945/795 2095/2858/795 2096/2859/795 2183/2946/795
f 2181/2944/795 2094/2857/795 2095/2858/795 2182/2945/795
f 2180/2943/795 2093/2856/795 2094/2857/795 2181/2944/795
f 2179/2942/795 2092/2855/795 2093/2856/795 2180/2943/795
f 2178/2941/795 2091/2854/795 2092/2855/795 2179/2942/795
f 2177/2940/795 2090/2853/795 2091/2854/795 2178/2941/795
f 2176/2939/795 2089/2852/795 2090/2853/795 2177/2940/795
f 2175/2938/795 2088/2851/795 2089/2852/795 2176/2939/795
f 2174/2937/795 2087/2850/795 2088/2851/795 2175/2938/795
f 2173/2936/795 2086/2849/795 2087/2850/795 2174/2937/795
f 2172/2935/795 2085/2848/795 2086/2849/795 2173/2936/795
f 2168/2931/795 2081/2844/795 2085/2848/795 2172/2935/795
f 2183/2946/795 2096/2859/795 2084/2847/795 2171/2934/795
f 2149/2912/2152 2062/2825/2394 2083/2846/1751 2170/2933/2395
f 2195/2958/1342 2108/2871/1342 2082/2845/1342 2169/2932/1342
f 2113/2876/795 2026/2789/795 2081/2844/795 2168/2931/795
f 2166/2929/1737 2079/2842/2918 2080/2843/2159 2167/2930/2160
f 2165/2928/795 2078/2841/795 2079/2842/795 2166/2929/795
f 2164/2927/795 2077/2840/795 2078/2841/795 2165/2928/795
f 2163/2926/1737 2076/2839/2158 2077/2840/2159 2164/2927/2160
f 2162/2925/795 2075/2838/795 2076/2839/795 2163/2926/795
f 2161/2924/795 2074/2837/795 2075/2838/795 2162/2925/795
f 2160/2923/1737 2073/2836/2158 2074/2837/2159 2161/2924/2160
f 2159/2922/795 2072/2835/795 2073/2836/795 2160/2923/795
f 2148/2911/795 2061/2824/795 2072/2835/795 2159/2922/795
f 2157/2920/1342 2070/2833/1342 2071/2834/1342 2158/2921/1342
f 2156/2919/2152 2069/2832/2394 2070/2833/1751 2157/2920/2395
f 2155/2918/1342 2068/2831/1342 2069/2832/1342 2156/2919/1342
f 2154/2917/1342 2067/2830/1342 2068/2831/1342 2155/2918/1342
f 2153/2916/2152 2066/2829/2394 2067/2830/1751 2154/2917/2395
f 2152/2915/1342 2065/2828/1342 2066/2829/1342 2153/2916/1342
f 2151/2914/1342 2064/2827/1342 2065/2828/1342 2152/2915/1342
f 2150/2913/2152 2063/2826/1750 2064/2827/1751 2151/2914/2395
f 2127/2890/1342 2040/2803/1342 2063/2826/1342 2150/2913/1342
f 2158/2921/1342 2071/2834/1342 2062/2825/1342 2149/2912/1342
f 2171/2934/1737 2084/2847/2158 2061/2824/2159 2148/2911/2160
f 2146/2909/795 2059/2822/795 2060/2823/795 2147/2910/795
f 2145/2908/795 2058/2821/795 2059/2822/795 2146/2909/795
f 2144/2907/795 2057/2820/795 2058/2821/795 2145/2908/795
f 2143/2906/795 2056/2819/795 2057/2820/795 2144/2907/795
f 2142/2905/795 2055/2818/795 2056/2819/795 2143/2906/795
f 2141/2904/795 2054/2817/795 2055/2818/795 2142/2905/795
f 2140/2903/795 2053/2816/795 2054/2817/795 2141/2904/795
f 2139/2902/795 2052/2815/795 2053/2816/795 2140/2903/795
f 2138/2901/795 2051/2814/795 2052/2815/795 2139/2902/795
f 2126/2889/795 2039/2802/795 2051/2814/795 2138/2901/795
f 2136/2899/1342 2049/2812/1342 2050/2813/1342 2137/2900/1342
f 2135/2898/1342 2048/2811/1342 2049/2812/1342 2136/2899/1342
f 2134/2897/1342 2047/2810/1342 2048/2811/1342 2135/2898/1342
f 2133/2896/1342 2046/2809/1342 2047/2810/1342 2134/2897/1342
f 2132/2895/1342 2045/2808/1342 2046/2809/1342 2133/2896/1342
f 2131/2894/1342 2044/2807/1342 2045/2808/1342 2132/2895/1342
f 2130/2893/1342 2043/2806/1342 2044/2807/1342 2131/2894/1342
f 2129/2892/1342 2042/2805/1342 2043/2806/1342 2130/2893/1342
f 2128/2891/1342 2041/2804/1342 2042/2805/1342 2129/2892/1342
f 2116/2879/1342 2029/2792/1342 2041/2804/1342 2128/2891/1342
f 2137/2900/1342 2050/2813/1342 2040/2803/1342 2127/2890/1342
f 2167/2930/795 2080/2843/795 2039/2802/795 2126/2889/795
f 2124/2887/795 2037/2800/795 2038/2801/795 2125/2888/795
f 2123/2886/795 2036/2799/795 2037/2800/795 2124/2887/795
f 2122/2885/1737 2035/2798/2158 2036/2799/2159 2123/2886/2921
f 2117/2880/795 2030/2793/795 2035/2798/795 2122/2885/795
f 2120/2883/2152 2033/2796/2394 2034/2797/1751 2121/2884/2910
f 2119/2882/1342 2032/2795/1342 2033/2796/1342 2120/2883/1342
f 2118/2881/1342 2031/2794/1342 2032/2795/1342 2119/2882/1342
f 2111/2874/1342 2024/2787/1342 2031/2794/1342 2118/2881/1342
f 2147/2910/795 2060/2823/795 2030/2793/795 2117/2880/795
f 2121/2884/1342 2034/2797/1342 2029/2792/1342 2116/2879/1342
f 2112/2875/1342 2025/2788/1342 2028/2791/1342 2115/2878/1342
f 2109/2872/795 2022/2785/795 2027/2790/795 2114/2877/795
f 2114/2877/795 2027/2790/795 2026/2789/795 2113/2876/795
f 2169/2932/1342 2082/2845/1342 2025/2788/1342 2112/2875/1342
f 2115/2878/1342 2028/2791/1342 2021/2783/1342 2196/2959/1342
f 2125/2888/795 2038/2801/795 2023/2786/795 2110/2873/795
f 2292/3059/1413 2291/3058/1413 2022/2785/1413 2109/2872/1413
f 1873/2487/795 2125/2888/795 2110/2873/795 1851/2445/795
f 1860/2462/1342 2115/2878/1342 2196/2959/1342 1845/2434/1342
f 1968/2678/2152 2169/2932/2394 2112/2875/1751 1855/2452/2395
f 1857/2455/795 2114/2877/795 2113/2876/795 1853/2447/795
f 1847/2439/795 2109/2872/795 2114/2877/795 1857/2455/795
f 1855/2452/1342 2112/2875/1342 2115/2878/1342 1860/2462/1342
f 1869/2480/1342 2121/2884/1342 2116/2879/1342 1862/2466/1342
f 1905/2551/795 2147/2910/795 2117/2880/795 1863/2467/795
f 1849/2443/1342 2111/2874/1342 2118/2881/1342 1872/2486/1342
f 1872/2486/2152 2118/2881/3022 2119/2882/1751 1871/2484/3023
f 1871/2484/2152 2119/2882/2793 2120/2883/1751 1870/2482/3024
f 1870/2482/1342 2120/2883/1342 2121/2884/1342 1869/2480/1342
f 1863/2467/795 2117/2880/795 2122/2885/795 1876/2493/795
f 1876/2493/795 2122/2885/795 2123/2886/795 1875/2491/795
f 1875/2491/1737 2123/2886/2794 2124/2887/2159 1874/2489/3025
f 1874/2489/1737 2124/2887/3026 2125/2888/2159 1873/2487/3027
f 1947/2635/1737 2167/2930/2158 2126/2889/2159 1881/2503/2160
f 1895/2532/1342 2137/2900/1342 2127/2890/1342 1884/2510/1342
f 1862/2466/1342 2116/2879/1342 2128/2891/1342 1904/2550/1342
f 1904/2550/1342 2128/2891/1342 2129/2892/1342 1903/2548/1342
f 1903/2548/1342 2129/2892/1342 2130/2893/1342 1902/2546/1342
f 1902/2546/1342 2130/2893/1342 2131/2894/1342 1901/2544/1342
f 1901/2544/1342 2131/2894/1342 2132/2895/1342 1900/2542/1342
f 1900/2542/1342 2132/2895/1342 2133/2896/1342 1899/2540/1342
f 1899/2540/1342 2133/2896/1342 2134/2897/1342 1898/2538/1342
f 1898/2538/1342 2134/2897/1342 2135/2898/1342 1897/2536/1342
f 1897/2536/1342 2135/2898/1342 2136/2899/1342 1896/2534/1342
f 1896/2534/1342 2136/2899/1342 2137/2900/1342 1895/2532/1342
f 1881/2503/795 2126/2889/795 2138/2901/795 1914/2569/795
f 1914/2569/795 2138/2901/795 2139/2902/795 1913/2567/795
f 1913/2567/1737 2139/2902/1738 2140/2903/2159 1912/2565/2936
f 1912/2565/795 2140/2903/795 2141/2904/795 1911/2563/795
f 1911/2563/795 2141/2904/795 2142/2905/795 1910/2561/795
f 1910/2561/795 2142/2905/795 2143/2906/795 1909/2559/795
f 1909/2559/795 2143/2906/795 2144/2907/795 1908/2557/795
f 1908/2557/795 2144/2907/795 2145/2908/795 1907/2555/795
f 1907/2555/795 2145/2908/795 2146/2909/795 1906/2553/795
f 1906/2553/795 2146/2909/795 2147/2910/795 1905/2551/795
f 1971/2683/795 2171/2934/795 2148/2911/795 1925/2591/795
f 1938/2618/2152 2158/2921/2153 2149/2912/1751 1928/2598/2395
f 1884/2510/2152 2127/2890/2394 2150/2913/1751 1946/2634/2395
f 1946/2634/1342 2150/2913/1342 2151/2914/1342 1945/2632/1342
f 1945/2632/1342 2151/2914/1342 2152/2915/1342 1944/2630/1342
f 1944/2630/2152 2152/2915/2394 2153/2916/1751 1943/2628/2395
f 1943/2628/1342 2153/2916/1342 2154/2917/1342 1942/2626/1342
f 1942/2626/2152 2154/2917/2394 2155/2918/1751 1941/2624/2395
f 1941/2624/1342 2155/2918/1342 2156/2919/1342 1940/2622/1342
f 1940/2622/1342 2156/2919/1342 2157/2920/1342 1939/2620/1342
f 1939/2620/1342 2157/2920/1342 2158/2921/1342 1938/2618/1342
f 1925/2591/1737 2148/2911/2925 2159/2922/2159 1955/2651/2160
f 1955/2651/795 2159/2922/795 2160/2923/795 1954/2649/795
f 1954/2649/795 2160/2923/795 2161/2924/795 1953/2647/795
f 1953/2647/795 2161/2924/795 2162/2925/795 1952/2645/795
f 1952/2645/1737 2162/2925/2158 2163/2926/2159 1951/2643/2160
f 1951/2643/795 2163/2926/795 2164/2927/795 1950/2641/795
f 1950/2641/1737 2164/2927/2158 2165/2928/2159 1949/2639/2160
f 1949/2639/795 2165/2928/795 2166/2929/795 1948/2637/795
f 1948/2637/795 2166/2929/795 2167/2930/795 1947/2635/795
f 1853/2447/1737 2113/2876/2158 2168/2931/2159 1965/2671/2160
f 2009/2760/1342 2195/2958/1342 2169/2932/1342 1968/2678/1342
f 1928/2598/1342 2149/2912/1342 2170/2933/1342 1970/2682/1342
f 1973/2687/795 2183/2946/795 2171/2934/795 1971/2683/795
f 1965/2671/795 2168/2931/795 2172/2935/795 1984/2709/795
f 1984/2709/795 2172/2935/795 2173/2936/795 1983/2707/795
f 1983/2707/795 2173/2936/795 2174/2937/795 1982/2705/795
f 1982/2705/1737 2174/2937/2158 2175/2938/2159 1981/2703/2160
f 1981/2703/795 2175/2938/795 2176/2939/795 1980/2701/795
f 1980/2701/795 2176/2939/795 2177/2940/795 1979/2699/795
f 1979/2699/1737 2177/2940/2158 2178/2941/2159 1978/2697/2160
f 1978/2697/795 2178/2941/795 2179/2942/795 1977/2695/795
f 1977/2695/795 2179/2942/795 2180/2943/795 1976/2693/795
f 1976/2693/1737 2180/2943/2158 2181/2944/2159 1975/2691/2160
f 1975/2691/795 2181/2944/795 2182/2945/795 1974/2689/795
f 1974/2689/795 2182/2945/795 2183/2946/795 1973/2687/795
f 1970/2682/1342 2170/2933/1342 2184/2947/1342 2020/2782/1342
f 2020/2782/1342 2184/2947/1342 2185/2948/1342 2019/2780/1342
f 2019/2780/1342 2185/2948/1342 2186/2949/1342 2018/2778/1342
f 2018/2778/1342 2186/2949/1342 2187/2950/1342 2017/2776/1342
f 2017/2776/1342 2187/2950/1342 2188/2951/1342 2016/2774/1342
f 2016/2774/1342 2188/2951/1342 2189/2952/1342 2015/2772/1342
f 2015/2772/2152 2189/2952/2394 2190/2953/1751 2014/2770/2395
f 2014/2770/1342 2190/2953/1342 2191/2954/1342 2013/2768/1342
f 2013/2768/1342 2191/2954/1342 2192/2955/1342 2012/2766/1342
f 2012/2766/2152 2192/2955/2394 2193/2956/1751 2011/2764/2395
f 2011/2764/1342 2193/2956/1342 2194/2957/1342 2010/2762/1342
f 2010/2762/1342 2194/2957/1342 2195/2958/1342 2009/2760/1342
f 1845/2435/2277 2196/2960/2277 2287/3053/2277 2197/2962/2277
f 2196/2960/1413 2021/2784/1413 2286/3052/1413 2287/3053/1413
f 2377/3145/3028 2378/3146/3028 2284/3050/3028 2283/3049/3028
f 2376/3144/3018 2377/3145/3018 2283/3049/3018 2282/3048/3018
f 2375/3143/3018 2376/3144/3018 2282/3048/3018 2281/3047/3018
f 2374/3142/2123 2375/3143/2123 2281/3047/2123 2280/3046/2123
f 2373/3141/2273 2374/3142/2274 2280/3046/2275 2279/3045/2276
f 2372/3140/3017 2373/3141/3017 2279/3045/3017 2278/3044/3017
f 2371/3139/2123 2372/3140/2123 2278/3044/2123 2277/3043/2123
f 2370/3138/3016 2371/3139/3016 2277/3043/3016 2276/3042/3016
f 2369/3137/3015 2370/3138/3015 2276/3042/3015 2275/3041/3015
f 2368/3136/3014 2369/3137/3014 2275/3041/3014 2274/3040/3014
f 2367/3135/3013 2368/3136/3013 2274/3040/3013 2273/3039/3013
f 2353/3121/3012 2367/3135/3012 2273/3039/3012 2259/3025/3012
f 2365/3133/3011 2366/3134/2975 2272/3038/3011 2271/3037/3029
f 2364/3132/3008 2365/3133/3009 2271/3037/3008 2270/3036/3010
f 2363/3131/3005 2364/3132/3005 2270/3036/3005 2269/3035/3005
f 2362/3130/3008 2363/3131/3009 2269/3035/3008 2268/3034/3010
f 2361/3129/3005 2362/3130/3005 2268/3034/3005 2267/3033/3005
f 2360/3128/3008 2361/3129/3009 2267/3033/3008 2266/3032/3010
f 2359/3127/3008 2360/3128/3009 2266/3032/3008 2265/3031/3010
f 2358/3126/3005 2359/3127/3005 2265/3031/3005 2264/3030/3005
f 2357/3125/3005 2358/3126/3005 2264/3030/3005 2263/3029/3005
f 2356/3124/3008 2357/3125/3009 2263/3029/3008 2262/3028/3010
f 2355/3123/3005 2356/3124/3005 2262/3028/3005 2261/3027/3005
f 2351/3119/3011 2355/3123/2975 2261/3027/3011 2257/3023/3029
f 2366/3134/3008 2354/3122/3009 2260/3026/3008 2272/3038/3010
f 2378/3146/3007 2352/3120/3007 2258/3024/3007 2284/3050/3007
f 2296/3064/3030 2351/3119/3031 2257/3023/3030 2202/2968/3032
f 2349/3117/3005 2350/3118/3005 2256/3022/3005 2255/3021/3005
f 2348/3116/3005 2349/3117/3005 2255/3021/3005 2254/3020/3005
f 2347/3115/3006 2348/3116/3006 2254/3020/3006 2253/3019/3006
f 2346/3114/3005 2347/3115/3005 2253/3019/3005 2252/3018/3005
f 2345/3113/3033 2346/3114/3031 2252/3018/3033 2251/3017/3032
f 2344/3112/3005 2345/3113/3005 2251/3017/3005 2250/3016/3005
f 2343/3111/3006 2344/3112/3006 2250/3016/3006 2249/3015/3006
f 2342/3110/3034 2343/3111/3035 2249/3015/3034 2248/3014/3036
f 2331/3099/3005 2342/3110/3005 2248/3014/3005 2237/3003/3005
f 2340/3108/3037 2341/3109/3038 2247/3013/3037 2246/3012/3039
f 2339/3107/2273 2340/3108/2274 2246/3012/2275 2245/3011/2276
f 2338/3106/3040 2339/3107/3040 2245/3011/3040 2244/3010/3040
f 2337/3105/3041 2338/3106/3042 2244/3010/3041 2243/3009/3043
f 2336/3104/2123 2337/3105/2123 2243/3009/2123 2242/3008/2123
f 2335/3103/3000 2336/3104/3000 2242/3008/3000 2241/3007/3000
f 2334/3102/2123 2335/3103/2123 2241/3007/2123 2240/3006/2123
f 2333/3101/3044 2334/3102/3045 2240/3006/3044 2239/3005/3046
f 2310/3078/2998 2333/3101/2998 2239/3005/2998 2216/2982/2998
f 2341/3109/2997 2332/3100/2997 2238/3004/2997 2247/3013/2997
f 2354/3122/2994 2331/3099/2995 2237/3003/2994 2260/3026/2996
f 2329/3097/2990 2330/3098/2991 2236/3002/2992 2235/3001/2993
f 2328/3096/2987 2329/3097/3047 2235/3001/2987 2234/3000/2989
f 2327/3095/2986 2328/3096/2986 2234/3000/2986 2233/2999/2986
f 2326/3094/3048 2327/3095/3049 2233/2999/3048 2232/2998/3049
f 2325/3093/2984 2326/3094/2984 2232/2998/2984 2231/2997/2984
f 2324/3092/2983 2325/3093/2983 2231/2997/2983 2230/2996/2983
f 2323/3091/2982 2324/3092/2982 2230/2996/2982 2229/2995/2982
f 2322/3090/3050 2323/3091/3051 2229/2995/3050 2228/2994/3052
f 2321/3089/2978 2322/3090/2979 2228/2994/2978 2227/2993/2980
f 2309/3077/3053 2321/3089/3054 2227/2993/3053 2215/2981/3055
f 2350/3118/3034 2309/3077/3035 2215/2981/3034 2256/3022/3036
f 2307/3075/2973 2308/3076/2973 2214/2980/2973 2213/2979/2973
f 2306/3074/2972 2307/3075/2972 2213/2979/2972 2212/2978/2972
f 2305/3073/3056 2306/3074/3057 2212/2978/3056 2211/2977/3058
f 2300/3068/2970 2305/3073/2970 2211/2977/2970 2206/2972/2970
f 2330/3098/2969 2300/3068/2969 2206/2972/2969 2236/3002/2969
f 2293/3060/1421 2297/3065/1421 2203/2969/1421 2197/2961/1421
f 2297/3065/2968 2296/3064/2968 2202/2968/2968 2203/2969/2968
f 2308/3076/3059 2290/3057/3060 2199/2965/3059 2214/2980/3061
f 2021/2784/1413 1846/2438/1413 2198/2964/1413 2286/3052/1413
f 1873/2488/2967 1851/2445/2967 2290/3057/2967 2308/3076/2967
f 1857/2456/2968 1853/2448/2968 2296/3064/2968 2297/3065/2968
f 1847/2440/1421 1857/2456/1421 2297/3065/1421 2293/3060/1421
f 1905/2552/3062 1863/2468/3063 2300/3068/3062 2330/3098/3064
f 1863/2468/3065 1876/2494/3066 2305/3073/3065 2300/3068/3067
f 1876/2494/3068 1875/2492/3069 2306/3074/3068 2305/3073/2971
f 1875/2492/3070 1874/2490/3071 2307/3075/3070 2306/3074/3072
f 1874/2490/2973 1873/2488/2973 2308/3076/2973 2307/3075/2973
f 1947/2636/3005 1881/2504/3005 2309/3077/3005 2350/3118/3005
f 1881/2504/3053 1914/2570/3054 2321/3089/3053 2309/3077/3055
f 1914/2570/2978 1913/2568/2978 2322/3090/2978 2321/3089/2978
f 1913/2568/2981 1912/2566/2981 2323/3091/2981 2322/3090/2981
f 1912/2566/2982 1911/2564/2982 2324/3092/2982 2323/3091/2982
f 1911/2564/3073 1910/2562/3074 2325/3093/3073 2324/3092/3075
f 1910/2562/2984 1909/2560/2984 2326/3094/2984 2325/3093/2984
f 1909/2560/2985 1908/2558/2985 2327/3095/2985 2326/3094/2985
f 1908/2558/3076 1907/2556/3077 2328/3096/3076 2327/3095/3078
f 1907/2556/2987 1906/2554/2988 2329/3097/2987 2328/3096/2989
f 1906/2554/3079 1905/2552/3079 2330/3098/3079 2329/3097/3079
f 1971/2684/2994 1925/2592/2995 2331/3099/2994 2354/3122/2996
f 1929/2600/2997 1927/2596/2997 2332/3100/2997 2341/3109/2997
f 1883/2508/2998 1937/2616/2998 2333/3101/2998 2310/3078/2998
f 1937/2616/3080 1936/2614/3045 2334/3102/3044 2333/3101/3081
f 1936/2614/2123 1935/2612/2123 2335/3103/2123 2334/3102/2123
f 1935/2612/3082 1934/2610/3083 2336/3104/3082 2335/3103/3084
f 1934/2610/2123 1933/2608/2123 2337/3105/2123 2336/3104/2123
f 1933/2608/1419 1932/2606/1419 2338/3106/1419 2337/3105/1419
f 1932/2606/3001 1931/2604/3002 2339/3107/3001 2338/3106/3003
f 1931/2604/2123 1930/2602/2123 2340/3108/2123 2339/3107/2123
f 1930/2602/3004 1929/2600/3004 2341/3109/3004 2340/3108/3004
f 1925/2592/3005 1955/2652/2975 2342/3110/3005 2331/3099/3005
f 1955/2652/3005 1954/2650/3005 2343/3111/3005 2342/3110/3005
f 1954/2650/3006 1953/2648/3006 2344/3112/3006 2343/3111/3006
f 1953/2648/2974 1952/2646/2975 2345/3113/2974 2344/3112/2976
f 1952/2646/3005 1951/2644/3005 2346/3114/3005 2345/3113/3005
f 1951/2644/2974 1950/2642/2975 2347/3115/2974 2346/3114/2976
f 1950/2642/3006 1949/2640/3006 2348/3116/3006 2347/3115/3006
f 1949/2640/3005 1948/2638/2975 2349/3117/3005 2348/3116/3005
f 1948/2638/2974 1947/2636/3085 2350/3118/2974 2349/3117/3005
f 1853/2448/3005 1965/2672/3005 2351/3119/3005 2296/3064/3005
f 1997/2736/3007 1967/2676/3007 2352/3120/3007 2378/3146/3007
f 1973/2688/3008 1971/2684/3009 2354/3122/3008 2366/3134/3010
f 1965/2672/3011 1984/2710/2975 2355/3123/3011 2351/3119/3029
f 1984/2710/3005 1983/2708/3005 2356/3124/3005 2355/3123/3005
f 1983/2708/3008 1982/2706/3009 2357/3125/3008 2356/3124/3010
f 1982/2706/3008 1981/2704/3009 2358/3126/3008 2357/3125/3010
f 1981/2704/3005 1980/2702/3005 2359/3127/3005 2358/3126/3005
f 1980/2702/3008 1979/2700/3009 2360/3128/3008 2359/3127/3010
f 1979/2700/3008 1978/2698/3009 2361/3129/3008 2360/3128/3010
f 1978/2698/3005 1977/2696/3005 2362/3130/3005 2361/3129/3005
f 1977/2696/3008 1976/2694/3009 2363/3131/3008 2362/3130/3010
f 1976/2694/3005 1975/2692/3005 2364/3132/3005 2363/3131/3005
f 1975/2692/3008 1974/2690/3009 2365/3133/3008 2364/3132/3010
f 1974/2690/3011 1973/2688/2975 2366/3134/3011 2365/3133/3029
f 1969/2680/3012 2008/2758/3012 2367/3135/3012 2353/3121/3012
f 2008/2758/3086 2007/2756/3087 2368/3136/3086 2367/3135/3088
f 2007/2756/3014 2006/2754/3014 2369/3137/3014 2368/3136/3014
f 2006/2754/3015 2005/2752/3015 2370/3138/3015 2369/3137/3015
f 2005/2752/3016 2004/2750/3016 2371/3139/3016 2370/3138/3016
f 2004/2750/2123 2003/2748/2123 2372/3140/2123 2371/3139/2123
f 2003/2748/3089 2002/2746/3090 2373/3141/3089 2372/3140/3091
f 2002/2746/2273 2001/2744/2274 2374/3142/2275 2373/3141/2276
f 2001/2744/2123 2000/2742/2123 2375/3143/2123 2374/3142/2123
f 2000/2742/3018 1999/2740/3018 2376/3144/3018 2375/3143/3018
f 1999/2740/3092 1998/2738/3093 2377/3145/3094 2376/3144/3095
f 1998/2738/3028 1997/2736/3028 2378/3146/3028 2377/3145/3028
f 2197/2962/2277 2287/3053/2277 2292/3059/2277 2293/3061/2277
f 2287/3053/1413 2286/3052/1413 2291/3058/1413 2292/3059/1413
f 2286/3052/1413 2198/2964/1413 2289/3056/1413 2291/3058/1413
f 3125/4270/1413 3123/4268/1413 2512/3415/1413 2754/3895/1413
f 2808/3949/795 2593/3573/795 2516/3420/795 2755/3896/795
f 3119/4263/2396 3000/4144/2397 2514/3418/2398 2756/3897/2280
f 2822/3963/3096 2636/3660/3096 2510/3411/3096 2753/3893/3096
f 3066/4210/3097 2998/4141/3098 2510/3412/3099 2636/3659/3100
f 3032/4176/2273 3001/4145/2274 2520/3428/2275 2552/3492/2276
f 2788/3929/1342 2552/3491/1342 2520/3427/1342 2757/3898/1342
f 2824/3965/795 2649/3685/795 2518/3423/795 2758/3899/795
f 2789/3930/1342 2584/3556/1342 2524/3435/1342 2759/3900/1342
f 3033/4177/2123 3003/4147/2123 2524/3436/2123 2584/3555/2123
f 2774/3915/1737 2566/3519/2158 2521/3429/2159 2760/3901/2160
f 2758/3899/795 2518/3423/795 2553/3493/795 2761/3902/795
f 2761/3902/795 2553/3493/795 2554/3495/795 2762/3903/795
f 2762/3903/795 2554/3495/795 2555/3497/795 2763/3904/795
f 2763/3904/795 2555/3497/795 2556/3499/795 2764/3905/795
f 2764/3905/795 2556/3499/795 2557/3501/795 2765/3906/795
f 2765/3906/795 2557/3501/795 2558/3503/795 2766/3907/795
f 2766/3907/795 2558/3503/795 2559/3505/795 2767/3908/795
f 2767/3908/795 2559/3505/795 2560/3507/795 2768/3909/795
f 2768/3909/795 2560/3507/795 2561/3509/795 2769/3910/795
f 2769/3910/795 2561/3509/795 2562/3511/795 2770/3911/795
f 2770/3911/795 2562/3511/795 2563/3513/795 2771/3912/795
f 2771/3912/795 2563/3513/795 2564/3515/795 2772/3913/795
f 2772/3913/795 2564/3515/795 2565/3517/795 2773/3914/795
f 2773/3914/795 2565/3517/795 2566/3519/795 2774/3915/795
f 3002/4146/3101 3005/4149/3101 2567/3521/3101 2519/3425/3101
f 3005/4149/3102 3006/4150/3102 2568/3523/3102 2567/3521/3102
f 3006/4150/1421 3007/4151/1421 2569/3525/1421 2568/3523/1421
f 3007/4151/2390 3008/4152/2391 2570/3527/2392 2569/3525/2393
f 3008/4152/2390 3009/4153/2391 2571/3529/2392 2570/3527/2393
f 3009/4153/1421 3010/4154/1421 2572/3531/1421 2571/3529/1421
f 3010/4154/2390 3011/4155/2391 2573/3533/2392 2572/3531/2393
f 3011/4155/2390 3012/4156/2391 2574/3535/2392 2573/3533/2393
f 3012/4156/2390 3013/4157/2391 2575/3537/2392 2574/3535/2393
f 3013/4157/1421 3014/4158/1421 2576/3539/1421 2575/3537/1421
f 3014/4158/2390 3015/4159/2391 2577/3541/2392 2576/3539/2393
f 3015/4159/3103 3016/4160/3103 2578/3543/3103 2577/3541/3103
f 3016/4160/3104 3017/4161/3105 2579/3545/3104 2578/3543/3106
f 2759/3900/2152 2524/3435/2394 2539/3465/1751 2775/3916/2395
f 2775/3916/1342 2539/3465/1342 2540/3467/1342 2776/3917/1342
f 2776/3917/1342 2540/3467/1342 2541/3469/1342 2777/3918/1342
f 2777/3918/1342 2541/3469/1342 2542/3471/1342 2778/3919/1342
f 2778/3919/1342 2542/3471/1342 2543/3473/1342 2779/3920/1342
f 2779/3920/1342 2543/3473/1342 2544/3475/1342 2780/3921/1342
f 2780/3921/1342 2544/3475/1342 2545/3477/1342 2781/3922/1342
f 2781/3922/1342 2545/3477/1342 2546/3479/1342 2782/3923/1342
f 2782/3923/1342 2546/3479/1342 2547/3481/1342 2783/3924/1342
f 2783/3924/1342 2547/3481/1342 2548/3483/1342 2784/3925/1342
f 2784/3925/1342 2548/3483/1342 2549/3485/1342 2785/3926/1342
f 2785/3926/1342 2549/3485/1342 2550/3487/1342 2786/3927/1342
f 2786/3927/1342 2550/3487/1342 2551/3489/1342 2787/3928/1342
f 2787/3928/1342 2551/3489/1342 2552/3491/1342 2788/3929/1342
f 3003/4147/2273 3019/4163/2274 2539/3466/2275 2524/3436/2276
f 3019/4163/2123 3020/4164/2123 2540/3468/2123 2539/3466/2123
f 3020/4164/2123 3021/4165/2123 2541/3470/2123 2540/3468/2123
f 3021/4165/2273 3022/4166/2274 2542/3472/2275 2541/3470/2276
f 3022/4166/2123 3023/4167/2123 2543/3474/2123 2542/3472/2123
f 3023/4167/2123 3024/4168/2123 2544/3476/2123 2543/3474/2123
f 3024/4168/2123 3025/4169/2123 2545/3478/2123 2544/3476/2123
f 3025/4169/2273 3026/4170/2274 2546/3480/2275 2545/3478/2276
f 3026/4170/2123 3027/4171/2123 2547/3482/2123 2546/3480/2123
f 3027/4171/2123 3028/4172/2123 2548/3484/2123 2547/3482/2123
f 3028/4172/2273 3029/4173/2274 2549/3486/2275 2548/3484/2276
f 3029/4173/2123 3030/4174/2123 2550/3488/2123 2549/3486/2123
f 3030/4174/2123 3031/4175/2123 2551/3490/2123 2550/3488/2123
f 3031/4175/2123 3032/4176/2123 2552/3492/2123 2551/3490/2123
f 3043/4187/3107 3033/4177/3107 2584/3555/3107 2620/3628/3107
f 2799/3940/1342 2620/3627/1342 2584/3556/1342 2789/3930/1342
f 2760/3901/795 2521/3429/795 2581/3549/795 2790/3931/795
f 2756/3897/1342 2514/3418/1342 2612/3611/1342 2791/3932/1342
f 2791/3932/1342 2612/3611/1342 2613/3613/1342 2792/3933/1342
f 2792/3933/1342 2613/3613/1342 2614/3615/1342 2793/3934/1342
f 2793/3934/1342 2614/3615/1342 2615/3617/1342 2794/3935/1342
f 2794/3935/1342 2615/3617/1342 2616/3619/1342 2795/3936/1342
f 2795/3936/1342 2616/3619/1342 2617/3621/1342 2796/3937/1342
f 2796/3937/1342 2617/3621/1342 2618/3623/1342 2797/3938/1342
f 2797/3938/1342 2618/3623/1342 2619/3625/1342 2798/3939/1342
f 2798/3939/1342 2619/3625/1342 2620/3627/1342 2799/3940/1342
f 3000/4144/2123 3035/4179/2123 2612/3612/2123 2514/3418/2123
f 3035/4179/2273 3036/4180/2274 2613/3614/2275 2612/3612/2276
f 3036/4180/2123 3037/4181/2123 2614/3616/2123 2613/3614/2123
f 3037/4181/2123 3038/4182/2123 2615/3618/2123 2614/3616/2123
f 3038/4182/2273 3039/4183/2274 2616/3620/2275 2615/3618/2276
f 3039/4183/3108 3040/4184/3108 2617/3622/3108 2616/3620/3108
f 3040/4184/3108 3041/4185/3108 2618/3624/3108 2617/3622/3108
f 3041/4185/3109 3042/4186/3110 2619/3626/3109 2618/3624/3111
f 3042/4186/3112 3043/4187/3112 2620/3628/3112 2619/3626/3112
f 2790/3931/795 2581/3549/795 2585/3557/795 2800/3941/795
f 2800/3941/795 2585/3557/795 2586/3559/795 2801/3942/795
f 2801/3942/795 2586/3559/795 2587/3561/795 2802/3943/795
f 2802/3943/795 2587/3561/795 2588/3563/795 2803/3944/795
f 2803/3944/795 2588/3563/795 2589/3565/795 2804/3945/795
f 2804/3945/795 2589/3565/795 2590/3567/795 2805/3946/795
f 2805/3946/795 2590/3567/795 2591/3569/795 2806/3947/795
f 2806/3947/795 2591/3569/795 2592/3571/795 2807/3948/795
f 2807/3948/795 2592/3571/795 2593/3573/795 2808/3949/795
f 2816/3957/795 2642/3671/795 2623/3633/795 2809/3950/795
f 3070/4214/3113 3054/4198/3113 2622/3631/3113 2654/3696/3113
f 2826/3967/1342 2654/3695/1342 2622/3632/1342 2810/3951/1342
f 2754/3895/795 2512/3415/795 2637/3661/795 2811/3952/795
f 2811/3952/795 2637/3661/795 2638/3663/795 2812/3953/795
f 2812/3953/795 2638/3663/795 2639/3665/795 2813/3954/795
f 2813/3954/795 2639/3665/795 2640/3667/795 2814/3955/795
f 2814/3955/795 2640/3667/795 2641/3669/795 2815/3956/795
f 2815/3956/795 2641/3669/795 2642/3671/795 2816/3957/795
f 3054/4198/3114 3061/4205/3115 2631/3649/3114 2622/3631/3116
f 3061/4205/3117 3062/4206/3117 2632/3651/3117 2631/3649/3117
f 3062/4206/3118 3063/4207/3118 2633/3653/3118 2632/3651/3118
f 3063/4207/3119 3064/4208/3119 2634/3655/3119 2633/3653/3119
f 3064/4208/3120 3065/4209/3120 2635/3657/3120 2634/3655/3120
f 3065/4209/3121 3066/4210/3121 2636/3659/3121 2635/3657/3121
f 2810/3951/1342 2622/3632/1342 2631/3650/1342 2817/3958/1342
f 2817/3958/1342 2631/3650/1342 2632/3652/1342 2818/3959/1342
f 2818/3959/1342 2632/3652/1342 2633/3654/1342 2819/3960/1342
f 2819/3960/1342 2633/3654/1342 2634/3656/1342 2820/3961/1342
f 2820/3961/1342 2634/3656/1342 2635/3658/1342 2821/3962/1342
f 2821/3962/1342 2635/3658/1342 2636/3660/1342 2822/3963/1342
f 2757/3898/1342 2520/3427/1342 2652/3692/1342 2823/3964/1342
f 3001/4145/3113 3067/4211/3113 2652/3691/3113 2520/3428/3113
f 2874/4015/795 2680/3747/795 2649/3685/795 2824/3965/795
f 3118/4262/3122 3068/4212/3122 2650/3687/3122 2704/3795/3122
f 2809/3950/795 2623/3633/795 2655/3697/795 2825/3966/795
f 2850/3991/1342 2752/3892/1342 2654/3695/1342 2826/3967/1342
f 3094/4238/3113 3070/4214/3113 2654/3696/3113 2752/3891/3113
f 3067/4211/3123 3071/4215/3123 2729/3845/3123 2652/3691/3123
f 3071/4215/3113 3072/4216/3113 2730/3847/3113 2729/3845/3113
f 3072/4216/3113 3073/4217/3113 2731/3849/3113 2730/3847/3113
f 3073/4217/3113 3074/4218/3113 2732/3851/3113 2731/3849/3113
f 3074/4218/3113 3075/4219/3113 2733/3853/3113 2732/3851/3113
f 3075/4219/3123 3076/4220/3123 2734/3855/3123 2733/3853/3123
f 3076/4220/3113 3077/4221/3113 2735/3857/3113 2734/3855/3113
f 3077/4221/3124 3078/4222/3125 2736/3859/3124 2735/3857/3126
f 3078/4222/3113 3079/4223/3113 2737/3861/3113 2736/3859/3113
f 3079/4223/3113 3080/4224/3113 2738/3863/3113 2737/3861/3113
f 3080/4224/3123 3081/4225/3123 2739/3865/3123 2738/3863/3123
f 3081/4225/3113 3082/4226/3113 2740/3867/3113 2739/3865/3113
f 3082/4226/3113 3083/4227/3113 2741/3869/3113 2740/3867/3113
f 3083/4227/3127 3084/4228/3128 2742/3871/3127 2741/3869/3128
f 3084/4228/3113 3085/4229/3113 2743/3873/3113 2742/3871/3113
f 3085/4229/3123 3086/4230/3123 2744/3875/3123 2743/3873/3123
f 3086/4230/3113 3087/4231/3113 2745/3877/3113 2744/3875/3113
f 3087/4231/3113 3088/4232/3113 2746/3879/3113 2745/3877/3113
f 3088/4232/3113 3089/4233/3113 2747/3881/3113 2746/3879/3113
f 3089/4233/3113 3090/4234/3113 2748/3883/3113 2747/3881/3113
f 3090/4234/3123 3091/4235/3123 2749/3885/3123 2748/3883/3123
f 3091/4235/3113 3092/4236/3113 2750/3887/3113 2749/3885/3113
f 3092/4236/3113 3093/4237/3113 2751/3889/3113 2750/3887/3113
f 3093/4237/3113 3094/4238/3113 2752/3891/3113 2751/3889/3113
f 2823/3964/1342 2652/3692/1342 2729/3846/1342 2827/3968/1342
f 2827/3968/1342 2729/3846/1342 2730/3848/1342 2828/3969/1342
f 2828/3969/1342 2730/3848/1342 2731/3850/1342 2829/3970/1342
f 2829/3970/1342 2731/3850/1342 2732/3852/1342 2830/3971/1342
f 2830/3971/1342 2732/3852/1342 2733/3854/1342 2831/3972/1342
f 2831/3972/1342 2733/3854/1342 2734/3856/1342 2832/3973/1342
f 2832/3973/1342 2734/3856/1342 2735/3858/1342 2833/3974/1342
f 2833/3974/1342 2735/3858/1342 2736/3860/1342 2834/3975/1342
f 2834/3975/1342 2736/3860/1342 2737/3862/1342 2835/3976/1342
f 2835/3976/1342 2737/3862/1342 2738/3864/1342 2836/3977/1342
f 2836/3977/1342 2738/3864/1342 2739/3866/1342 2837/3978/1342
f 2837/3978/1342 2739/3866/1342 2740/3868/1342 2838/3979/1342
f 2838/3979/1342 2740/3868/1342 2741/3870/1342 2839/3980/1342
f 2839/3980/1342 2741/3870/1342 2742/3872/1342 2840/3981/1342
f 2840/3981/2152 2742/3872/2394 2743/3874/1751 2841/3982/2395
f 2841/3982/1342 2743/3874/1342 2744/3876/1342 2842/3983/1342
f 2842/3983/1342 2744/3876/1342 2745/3878/1342 2843/3984/1342
f 2843/3984/1342 2745/3878/1342 2746/3880/1342 2844/3985/1342
f 2844/3985/1342 2746/3880/1342 2747/3882/1342 2845/3986/1342
f 2845/3986/1342 2747/3882/1342 2748/3884/1342 2846/3987/1342
f 2846/3987/1342 2748/3884/1342 2749/3886/1342 2847/3988/1342
f 2847/3988/1342 2749/3886/1342 2750/3888/1342 2848/3989/1342
f 2848/3989/1342 2750/3888/1342 2751/3890/1342 2849/3990/1342
f 2849/3990/1342 2751/3890/1342 2752/3892/1342 2850/3991/1342
f 3069/4213/3129 3095/4239/3129 2681/3749/3129 2656/3699/3129
f 3095/4239/3130 3096/4240/3130 2682/3751/3130 2681/3749/3130
f 3096/4240/3131 3097/4241/3132 2683/3753/3131 2682/3751/3133
f 3097/4241/3134 3098/4242/3134 2684/3755/3134 2683/3753/3134
f 3098/4242/3135 3099/4243/3135 2685/3757/3135 2684/3755/3135
f 3099/4243/1421 3100/4244/1421 2686/3759/1421 2685/3757/1421
f 3100/4244/1421 3101/4245/1421 2687/3761/1421 2686/3759/1421
f 3101/4245/1421 3102/4246/1421 2688/3763/1421 2687/3761/1421
f 3102/4246/1421 3103/4247/1421 2689/3765/1421 2688/3763/1421
f 3103/4247/1421 3104/4248/1421 2690/3767/1421 2689/3765/1421
f 3104/4248/1421 3105/4249/1421 2691/3769/1421 2690/3767/1421
f 3105/4249/1421 3106/4250/1421 2692/3771/1421 2691/3769/1421
f 3106/4250/2390 3107/4251/2391 2693/3773/2392 2692/3771/2393
f 3107/4251/1421 3108/4252/1421 2694/3775/1421 2693/3773/1421
f 3108/4252/1421 3109/4253/1421 2695/3777/1421 2694/3775/1421
f 3109/4253/1421 3110/4254/1421 2696/3779/1421 2695/3777/1421
f 3110/4254/1421 3111/4255/1421 2697/3781/1421 2696/3779/1421
f 3111/4255/1421 3112/4256/1421 2698/3783/1421 2697/3781/1421
f 3112/4256/1421 3113/4257/1421 2699/3785/1421 2698/3783/1421
f 3113/4257/1421 3114/4258/1421 2700/3787/1421 2699/3785/1421
f 3114/4258/3136 3115/4259/3136 2701/3789/3136 2700/3787/3136
f 3115/4259/3137 3116/4260/3137 2702/3791/3137 2701/3789/3137
f 3116/4260/3138 3117/4261/3138 2703/3793/3138 2702/3791/3138
f 3117/4261/3139 3118/4262/3139 2704/3795/3139 2703/3793/3139
f 2825/3966/795 2655/3697/795 2657/3701/795 2851/3992/795
f 2851/3992/795 2657/3701/795 2658/3703/795 2852/3993/795
f 2852/3993/795 2658/3703/795 2659/3705/795 2853/3994/795
f 2853/3994/795 2659/3705/795 2660/3707/795 2854/3995/795
f 2854/3995/795 2660/3707/795 2661/3709/795 2855/3996/795
f 2855/3996/795 2661/3709/795 2662/3711/795 2856/3997/795
f 2856/3997/1737 2662/3711/2158 2663/3713/2159 2857/3998/2160
f 2857/3998/795 2663/3713/795 2664/3715/795 2858/3999/795
f 2858/3999/795 2664/3715/795 2665/3717/795 2859/4000/795
f 2859/4000/795 2665/3717/795 2666/3719/795 2860/4001/795
f 2860/4001/795 2666/3719/795 2667/3721/795 2861/4002/795
f 2861/4002/795 2667/3721/795 2668/3723/795 2862/4003/795
f 2862/4003/795 2668/3723/795 2669/3725/795 2863/4004/795
f 2863/4004/795 2669/3725/795 2670/3727/795 2864/4005/795
f 2864/4005/795 2670/3727/795 2671/3729/795 2865/4006/795
f 2865/4006/795 2671/3729/795 2672/3731/795 2866/4007/795
f 2866/4007/795 2672/3731/795 2673/3733/795 2867/4008/795
f 2867/4008/795 2673/3733/795 2674/3735/795 2868/4009/795
f 2868/4009/795 2674/3735/795 2675/3737/795 2869/4010/795
f 2869/4010/795 2675/3737/795 2676/3739/795 2870/4011/795
f 2870/4011/795 2676/3739/795 2677/3741/795 2871/4012/795
f 2871/4012/795 2677/3741/795 2678/3743/795 2872/4013/795
f 2872/4013/795 2678/3743/795 2679/3745/795 2873/4014/795
f 2873/4014/795 2679/3745/795 2680/3747/795 2874/4015/795
f 2994/4135/3140 2873/4014/3141 2874/4015/3140 2995/4136/3142
f 2993/4134/3143 2872/4013/3144 2873/4014/3145 2994/4135/3146
f 2992/4133/3147 2871/4012/3147 2872/4013/3147 2993/4134/3148
f 2991/4132/3149 2870/4011/3149 2871/4012/3149 2992/4133/3149
f 2990/4131/3150 2869/4010/3151 2870/4011/3150 2991/4132/3152
f 2989/4130/3153 2868/4009/3153 2869/4010/3153 2990/4131/3153
f 2988/4129/3154 2867/4008/3154 2868/4009/3154 2989/4130/3154
f 2987/4128/3155 2866/4007/3156 2867/4008/3155 2988/4129/3156
f 2986/4127/3157 2865/4006/3157 2866/4007/3157 2987/4128/3157
f 2985/4126/3158 2864/4005/3159 2865/4006/3158 2986/4127/3159
f 2984/4125/3160 2863/4004/3161 2864/4005/3160 2985/4126/3161
f 2983/4124/3162 2862/4003/3162 2863/4004/3162 2984/4125/3162
f 2982/4123/3163 2861/4002/3164 2862/4003/3163 2983/4124/3164
f 2981/4122/3165 2860/4001/3161 2861/4002/3165 2982/4123/3161
f 2980/4121/3166 2859/4000/3166 2860/4001/3166 2981/4122/3166
f 2979/4120/3167 2858/3999/3167 2859/4000/3167 2980/4121/3167
f 2978/4119/3168 2857/3998/3169 2858/3999/3170 2979/4120/3169
f 2977/4118/3171 2856/3997/3171 2857/3998/3171 2978/4119/3171
f 2976/4117/3172 2855/3996/3173 2856/3997/3172 2977/4118/3173
f 2975/4116/3174 2854/3995/3174 2855/3996/3174 2976/4117/3174
f 2974/4115/3175 2853/3994/3176 2854/3995/3175 2975/4116/3177
f 2973/4114/3178 2852/3993/3178 2853/3994/3178 2974/4115/3178
f 2972/4113/3179 2851/3992/3180 2852/3993/3181 2973/4114/3182
f 2946/4087/3183 2825/3966/3183 2851/3992/3183 2972/4113/3183
f 2970/4111/3184 2849/3990/3184 2850/3991/3185 2971/4112/3186
f 2969/4110/3187 2848/3989/3188 2849/3990/3189 2970/4111/3190
f 2968/4109/3191 2847/3988/3192 2848/3989/3191 2969/4110/3193
f 2967/4108/3194 2846/3987/3194 2847/3988/3194 2968/4109/3194
f 2966/4107/3195 2845/3986/3195 2846/3987/3195 2967/4108/3195
f 2965/4106/3196 2844/3985/3196 2845/3986/3196 2966/4107/3196
f 2964/4105/3196 2843/3984/3196 2844/3985/3196 2965/4106/3196
f 2963/4104/3197 2842/3983/3198 2843/3984/3197 2964/4105/3199
f 2962/4103/3200 2841/3982/3201 2842/3983/3200 2963/4104/3202
f 2961/4102/3203 2840/3981/3203 2841/3982/3203 2962/4103/3203
f 2960/4101/3204 2839/3980/3205 2840/3981/3204 2961/4102/3206
f 2959/4100/3207 2838/3979/3207 2839/3980/3207 2960/4101/3207
f 2958/4099/3208 2837/3978/3201 2838/3979/3209 2959/4100/3210
f 2957/4098/3211 2836/3977/3212 2837/3978/3211 2958/4099/3213
f 2956/4097/3214 2835/3976/3213 2836/3977/3214 2957/4098/3213
f 2955/4096/3215 2834/3975/3215 2835/3976/3215 2956/4097/3215
f 2954/4095/3216 2833/3974/3217 2834/3975/3218 2955/4096/3219
f 2953/4094/3220 2832/3973/3221 2833/3974/3220 2954/4095/3221
f 2952/4093/3222 2831/3972/3196 2832/3973/3222 2953/4094/3196
f 2951/4092/3223 2830/3971/3223 2831/3972/3223 2952/4093/3223
f 2950/4091/3224 2829/3970/3224 2830/3971/3224 2951/4092/3224
f 2949/4090/3225 2828/3969/3225 2829/3970/3225 2950/4091/3225
f 2948/4089/3226 2827/3968/3226 2828/3969/3226 2949/4090/3226
f 2944/4085/3227 2823/3964/3228 2827/3968/3229 2948/4089/3230
f 2971/4112/3231 2850/3991/3231 2826/3967/3231 2947/4088/3231
f 2930/4071/3232 2809/3950/3233 2825/3966/3232 2946/4087/3233
f 2995/4136/3234 2874/4015/3234 2824/3965/3234 2945/4086/3234
f 2878/4019/3235 2757/3898/3235 2823/3964/3235 2944/4085/3235
f 2942/4083/3236 2821/3962/3237 2822/3963/3238 2943/4084/3239
f 2941/4082/3240 2820/3961/3240 2821/3962/3240 2942/4083/3240
f 2940/4081/3241 2819/3960/3242 2820/3961/3241 2941/4082/3243
f 2939/4080/3244 2818/3959/3244 2819/3960/3244 2940/4081/3244
f 2938/4079/3245 2817/3958/3246 2818/3959/3245 2939/4080/3247
f 2931/4072/3248 2810/3951/3249 2817/3958/3248 2938/4079/3250
f 2936/4077/3251 2815/3956/3252 2816/3957/3251 2937/4078/3253
f 2935/4076/3254 2814/3955/3254 2815/3956/3254 2936/4077/3254
f 2934/4075/3255 2813/3954/3255 2814/3955/3255 2935/4076/3255
f 2933/4074/3256 2812/3953/3256 2813/3954/3256 2934/4075/3256
f 2932/4073/3257 2811/3952/3257 2812/3953/3257 2933/4074/3257
f 2875/4016/3258 2754/3895/3258 2811/3952/3258 2932/4073/3258
f 2947/4088/3259 2826/3967/3259 2810/3951/3259 2931/4072/3259
f 2937/4078/3260 2816/3957/3261 2809/3950/3262 2930/4071/3261
f 2928/4069/3263 2807/3948/3264 2808/3949/3263 2929/4070/3265
f 2927/4068/3266 2806/3947/3267 2807/3948/3266 2928/4069/3268
f 2926/4067/3266 2805/3946/3269 2806/3947/3266 2927/4068/3268
f 2925/4066/3270 2804/3945/3270 2805/3946/3270 2926/4067/3270
f 2924/4065/3271 2803/3944/3271 2804/3945/3271 2925/4066/3271
f 2923/4064/3272 2802/3943/3273 2803/3944/3272 2924/4065/3274
f 2922/4063/3275 2801/3942/3275 2802/3943/3275 2923/4064/3275
f 2921/4062/3276 2800/3941/3276 2801/3942/3276 2922/4063/3276
f 2911/4052/3277 2790/3931/3278 2800/3941/3279 2921/4062/3280
f 2919/4060/3281 2798/3939/3282 2799/3940/3283 2920/4061/3284
f 2918/4059/3285 2797/3938/3286 2798/3939/3285 2919/4060/3287
f 2917/4058/3288 2796/3937/3289 2797/3938/3288 2918/4059/3290
f 2916/4057/3291 2795/3936/3292 2796/3937/3293 2917/4058/3292
f 2915/4056/3294 2794/3935/3294 2795/3936/3294 2916/4057/3294
f 2914/4055/3294 2793/3934/3294 2794/3935/3294 2915/4056/3294
f 2913/4054/3295 2792/3933/3296 2793/3934/3295 2914/4055/3297
f 2912/4053/3294 2791/3932/3294 2792/3933/3294 2913/4054/3294
f 2877/4018/3295 2756/3897/3296 2791/3932/3295 2912/4053/3297
f 2881/4022/3298 2760/3901/3299 2790/3931/3298 2911/4052/3300
f 2920/4061/3301 2799/3940/3301 2789/3930/3301 2910/4051/3301
f 2908/4049/3302 2787/3928/3302 2788/3929/3302 2909/4050/3302
f 2907/4048/3303 2786/3927/3303 2787/3928/3303 2908/4049/3303
f 2906/4047/3303 2785/3926/3303 2786/3927/3303 2907/4048/3303
f 2905/4046/3303 2784/3925/3303 2785/3926/3303 2906/4047/3303
f 2904/4045/3303 2783/3924/3303 2784/3925/3303 2905/4046/3303
f 2903/4044/3303 2782/3923/3303 2783/3924/3303 2904/4045/3303
f 2902/4043/3303 2781/3922/3303 2782/3923/3303 2903/4044/3303
f 2901/4042/3303 2780/3921/3303 2781/3922/3303 2902/4043/3303
f 2900/4041/3303 2779/3920/3303 2780/3921/3303 2901/4042/3303
f 2899/4040/3303 2778/3919/3303 2779/3920/3303 2900/4041/3303
f 2898/4039/3304 2777/3918/3305 2778/3919/3304 2899/4040/3306
f 2897/4038/3307 2776/3917/3307 2777/3918/3307 2898/4039/3307
f 2896/4037/3308 2775/3916/3309 2776/3917/3308 2897/4038/3310
f 2880/4021/3308 2759/3900/3309 2775/3916/3308 2896/4037/3310
f 2894/4035/3298 2773/3914/3299 2774/3915/3298 2895/4036/3300
f 2893/4034/3311 2772/3913/3311 2773/3914/3311 2894/4035/3311
f 2892/4033/3312 2771/3912/3312 2772/3913/3312 2893/4034/3312
f 2891/4032/3313 2770/3911/3313 2771/3912/3313 2892/4033/3313
f 2890/4031/3313 2769/3910/3313 2770/3911/3313 2891/4032/3313
f 2889/4030/3313 2768/3909/3313 2769/3910/3313 2890/4031/3313
f 2888/4029/3314 2767/3908/3315 2768/3909/3314 2889/4030/3316
f 2887/4028/3313 2766/3907/3313 2767/3908/3313 2888/4029/3313
f 2886/4027/3313 2765/3906/3313 2766/3907/3313 2887/4028/3313
f 2885/4026/3314 2764/3905/3315 2765/3906/3314 2886/4027/3316
f 2884/4025/3313 2763/3904/3313 2764/3905/3313 2885/4026/3313
f 2883/4024/3314 2762/3903/3315 2763/3904/3314 2884/4025/3316
f 2882/4023/3317 2761/3902/3318 2762/3903/3317 2883/4024/3319
f 2879/4020/3320 2758/3899/3320 2761/3902/3320 2882/4023/3320
f 2895/4036/3298 2774/3915/3299 2760/3901/3298 2881/4022/3300
f 2910/4051/3321 2789/3930/3321 2759/3900/3321 2880/4021/3321
f 2945/4086/3322 2824/3965/3322 2758/3899/3322 2879/4020/3322
f 2909/4050/3323 2788/3929/3324 2757/3898/3325 2878/4019/3326
f 2943/4084/3327 2822/3963/3327 2753/3893/3327 2996/4137/3327
f 3122/4266/1408 3119/4263/1408 2756/3897/1408 2877/4018/1408
f 2929/4070/3263 2808/3949/3264 2755/3896/3263 2876/4017/3265
f 3126/4271/1413 3125/4270/1413 2754/3895/1413 2875/4016/1413
f 3127/4273/1413 3126/4271/1413 2875/4016/1413 2511/3414/1413
f 2643/3674/1342 2943/4084/1342 2996/4137/1342 2509/3408/1342
f 2567/3522/1342 2909/4050/1342 2878/4019/1342 2519/3426/1342
f 2651/3689/795 2945/4086/795 2879/4020/795 2517/3421/795
f 2582/3552/1342 2910/4051/1342 2880/4021/1342 2522/3432/1342
f 2525/3438/1737 2895/4036/2158 2881/4022/2159 2523/3434/2160
f 2517/3421/795 2879/4020/795 2882/4023/795 2538/3463/795
f 2538/3463/795 2882/4023/795 2883/4024/795 2537/3461/795
f 2537/3461/795 2883/4024/795 2884/4025/795 2536/3459/795
f 2536/3459/795 2884/4025/795 2885/4026/795 2535/3457/795
f 2535/3457/795 2885/4026/795 2886/4027/795 2534/3455/795
f 2534/3455/795 2886/4027/795 2887/4028/795 2533/3453/795
f 2533/3453/795 2887/4028/795 2888/4029/795 2532/3451/795
f 2532/3451/795 2888/4029/795 2889/4030/795 2531/3449/795
f 2531/3449/795 2889/4030/795 2890/4031/795 2530/3447/795
f 2530/3447/795 2890/4031/795 2891/4032/795 2529/3445/795
f 2529/3445/795 2891/4032/795 2892/4033/795 2528/3443/795
f 2528/3443/795 2892/4033/795 2893/4034/795 2527/3441/795
f 2527/3441/795 2893/4034/795 2894/4035/795 2526/3439/795
f 2526/3439/795 2894/4035/795 2895/4036/795 2525/3438/795
f 2522/3432/2152 2880/4021/2394 2896/4037/1751 2580/3548/2395
f 2580/3548/1342 2896/4037/1342 2897/4038/1342 2579/3546/1342
f 2579/3546/1342 2897/4038/1342 2898/4039/1342 2578/3544/1342
f 2578/3544/1342 2898/4039/1342 2899/4040/1342 2577/3542/1342
f 2577/3542/1342 2899/4040/1342 2900/4041/1342 2576/3540/1342
f 2576/3540/1342 2900/4041/1342 2901/4042/1342 2575/3538/1342
f 2575/3538/1342 2901/4042/1342 2902/4043/1342 2574/3536/1342
f 2574/3536/1342 2902/4043/1342 2903/4044/1342 2573/3534/1342
f 2573/3534/1342 2903/4044/1342 2904/4045/1342 2572/3532/1342
f 2572/3532/1342 2904/4045/1342 2905/4046/1342 2571/3530/1342
f 2571/3530/1342 2905/4046/1342 2906/4047/1342 2570/3528/1342
f 2570/3528/1342 2906/4047/1342 2907/4048/1342 2569/3526/1342
f 2569/3526/1342 2907/4048/1342 2908/4049/1342 2568/3524/1342
f 2568/3524/1342 2908/4049/1342 2909/4050/1342 2567/3522/1342
f 2594/3576/1342 2920/4061/1342 2910/4051/1342 2582/3552/1342
f 2523/3434/795 2881/4022/795 2911/4052/795 2583/3554/795
f 2625/3638/795 2937/4078/795 2930/4071/795 2621/3630/795
f 2656/3700/1342 2947/4088/1342 2931/4072/1342 2624/3636/1342
f 2511/3414/795 2875/4016/795 2932/4073/795 2630/3648/795
f 2630/3648/795 2932/4073/795 2933/4074/795 2629/3646/795
f 2629/3646/795 2933/4074/795 2934/4075/795 2628/3644/795
f 2628/3644/795 2934/4075/795 2935/4076/795 2627/3642/795
f 2627/3642/795 2935/4076/795 2936/4077/795 2626/3640/795
f 2626/3640/1737 2936/4077/2158 2937/4078/2159 2625/3638/2160
f 2624/3636/1342 2931/4072/1342 2938/4079/1342 2648/3684/1342
f 2648/3684/2152 2938/4079/2394 2939/4080/1751 2647/3682/2395
f 2647/3682/1342 2939/4080/1342 2940/4081/1342 2646/3680/1342
f 2646/3680/1342 2940/4081/1342 2941/4082/1342 2645/3678/1342
f 2645/3678/1342 2941/4082/1342 2942/4083/1342 2644/3676/1342
f 2644/3676/1342 2942/4083/1342 2943/4084/1342 2643/3674/1342
f 2519/3426/1342 2878/4019/1342 2944/4085/1342 2650/3688/1342
f 2705/3797/795 2995/4136/795 2945/4086/795 2651/3689/795
f 2621/3630/795 2930/4071/795 2946/4087/795 2653/3693/795
f 2681/3750/1342 2971/4112/1342 2947/4088/1342 2656/3700/1342
f 2650/3688/1342 2944/4085/1342 2948/4089/1342 2704/3796/1342
f 2704/3796/1342 2948/4089/1342 2949/4090/1342 2703/3794/1342
f 2703/3794/1342 2949/4090/1342 2950/4091/1342 2702/3792/1342
f 2702/3792/1342 2950/4091/1342 2951/4092/1342 2701/3790/1342
f 2701/3790/1342 2951/4092/1342 2952/4093/1342 2700/3788/1342
f 2700/3788/1342 2952/4093/1342 2953/4094/1342 2699/3786/1342
f 2699/3786/2152 2953/4094/2394 2954/4095/1751 2698/3784/2395
f 2698/3784/2152 2954/4095/2394 2955/4096/1751 2697/3782/2395
f 2697/3782/1342 2955/4096/1342 2956/4097/1342 2696/3780/1342
f 2696/3780/1342 2956/4097/1342 2957/4098/1342 2695/3778/1342
f 2695/3778/1342 2957/4098/1342 2958/4099/1342 2694/3776/1342
f 2694/3776/1342 2958/4099/1342 2959/4100/1342 2693/3774/1342
f 2693/3774/1342 2959/4100/1342 2960/4101/1342 2692/3772/1342
f 2692/3772/1342 2960/4101/1342 2961/4102/1342 2691/3770/1342
f 2691/3770/1342 2961/4102/1342 2962/4103/1342 2690/3768/1342
f 2690/3768/1342 2962/4103/1342 2963/4104/1342 2689/3766/1342
f 2689/3766/1342 2963/4104/1342 2964/4105/1342 2688/3764/1342
f 2688/3764/2152 2964/4105/2394 2965/4106/1751 2687/3762/2395
f 2687/3762/1342 2965/4106/1342 2966/4107/1342 2686/3760/1342
f 2686/3760/1342 2966/4107/1342 2967/4108/1342 2685/3758/1342
f 2685/3758/1342 2967/4108/1342 2968/4109/1342 2684/3756/1342
f 2684/3756/1342 2968/4109/1342 2969/4110/1342 2683/3754/1342
f 2683/3754/1342 2969/4110/1342 2970/4111/1342 2682/3752/1342
f 2682/3752/2152 2970/4111/3328 2971/4112/1751 2681/3750/3329
f 2653/3693/795 2946/4087/795 2972/4113/795 2728/3843/795
f 2728/3843/1737 2972/4113/3330 2973/4114/2159 2727/3841/3331
f 2727/3841/795 2973/4114/795 2974/4115/795 2726/3839/795
f 2726/3839/795 2974/4115/795 2975/4116/795 2725/3837/795
f 2725/3837/795 2975/4116/795 2976/4117/795 2724/3835/795
f 2724/3835/795 2976/4117/795 2977/4118/795 2723/3833/795
f 2723/3833/795 2977/4118/795 2978/4119/795 2722/3831/795
f 2722/3831/1737 2978/4119/2158 2979/4120/2159 2721/3829/2160
f 2721/3829/795 2979/4120/795 2980/4121/795 2720/3827/795
f 2720/3827/795 2980/4121/795 2981/4122/795 2719/3825/795
f 2719/3825/795 2981/4122/795 2982/4123/795 2718/3823/795
f 2718/3823/795 2982/4123/795 2983/4124/795 2717/3821/795
f 2717/3821/795 2983/4124/795 2984/4125/795 2716/3819/795
f 2716/3819/795 2984/4125/795 2985/4126/795 2715/3817/795
f 2715/3817/795 2985/4126/795 2986/4127/795 2714/3815/795
f 2714/3815/795 2986/4127/795 2987/4128/795 2713/3813/795
f 2713/3813/795 2987/4128/795 2988/4129/795 2712/3811/795
f 2712/3811/1737 2988/4129/2158 2989/4130/2159 2711/3809/2160
f 2711/3809/1737 2989/4130/2158 2990/4131/2159 2710/3807/2160
f 2710/3807/795 2990/4131/795 2991/4132/795 2709/3805/795
f 2709/3805/795 2991/4132/795 2992/4133/795 2708/3803/795
f 2708/3803/795 2992/4133/795 2993/4134/795 2707/3801/795
f 2707/3801/795 2993/4134/795 2994/4135/795 2706/3799/795
f 2706/3799/795 2994/4135/795 2995/4136/795 2705/3797/795
f 2509/3409/1413 2996/4138/1413 3121/4265/1413 2997/4140/1413
f 2996/4138/1413 2753/3894/1413 3120/4264/1413 3121/4265/1413
f 3248/4394/1408 3247/4393/1408 3119/4263/1408 3122/4266/1408
f 3245/4391/3139 3246/4392/3139 3118/4262/3139 3117/4261/3139
f 3244/4390/3138 3245/4391/3138 3117/4261/3138 3116/4260/3138
f 3243/4389/3332 3244/4390/3333 3116/4260/3332 3115/4259/3334
f 3242/4388/3335 3243/4389/3336 3115/4259/3335 3114/4258/3337
f 3241/4387/2390 3242/4388/2391 3114/4258/2392 3113/4257/2393
f 3240/4386/2390 3241/4387/2391 3113/4257/2392 3112/4256/2393
f 3239/4385/1421 3240/4386/1421 3112/4256/1421 3111/4255/1421
f 3238/4384/2390 3239/4385/2391 3111/4255/2392 3110/4254/2393
f 3237/4383/2390 3238/4384/2391 3110/4254/2392 3109/4253/2393
f 3236/4382/2390 3237/4383/2391 3109/4253/2392 3108/4252/2393
f 3235/4381/3338 3236/4382/2391 3108/4252/3338 3107/4251/2391
f 3234/4380/3339 3235/4381/3339 3107/4251/3339 3106/4250/3339
f 3233/4379/1421 3234/4380/1421 3106/4250/1421 3105/4249/1421
f 3232/4378/1421 3233/4379/1421 3105/4249/1421 3104/4248/1421
f 3231/4377/1421 3232/4378/1421 3104/4248/1421 3103/4247/1421
f 3230/4376/2390 3231/4377/2391 3103/4247/2392 3102/4246/2393
f 3229/4375/2390 3230/4376/2391 3102/4246/2392 3101/4245/2393
f 3228/4374/2390 3229/4375/2391 3101/4245/2392 3100/4244/2393
f 3227/4373/2390 3228/4374/2391 3100/4244/2392 3099/4243/2393
f 3226/4372/3135 3227/4373/3135 3099/4243/3135 3098/4242/3135
f 3225/4371/3134 3226/4372/3134 3098/4242/3134 3097/4241/3134
f 3224/4370/3131 3225/4371/3132 3097/4241/3131 3096/4240/3133
f 3223/4369/3130 3224/4370/3130 3096/4240/3130 3095/4239/3130
f 3197/4343/3129 3223/4369/3129 3095/4239/3129 3069/4213/3129
f 3221/4367/3113 3222/4368/3113 3094/4238/3113 3093/4237/3113
f 3220/4366/3113 3221/4367/3113 3093/4237/3113 3092/4236/3113
f 3219/4365/3113 3220/4366/3113 3092/4236/3113 3091/4235/3113
f 3218/4364/3123 3219/4365/3123 3091/4235/3123 3090/4234/3123
f 3217/4363/3123 3218/4364/3123 3090/4234/3123 3089/4233/3123
f 3216/4362/3113 3217/4363/3113 3089/4233/3113 3088/4232/3113
f 3215/4361/3113 3216/4362/3113 3088/4232/3113 3087/4231/3113
f 3214/4360/3113 3215/4361/3113 3087/4231/3113 3086/4230/3113
f 3213/4359/3123 3214/4360/3123 3086/4230/3123 3085/4229/3123
f 3212/4358/3113 3213/4359/3113 3085/4229/3113 3084/4228/3113
f 3211/4357/3113 3212/4358/3113 3084/4228/3113 3083/4227/3113
f 3210/4356/3113 3211/4357/3113 3083/4227/3113 3082/4226/3113
f 3209/4355/3113 3210/4356/3113 3082/4226/3113 3081/4225/3113
f 3208/4354/3123 3209/4355/3123 3081/4225/3123 3080/4224/3123
f 3207/4353/3113 3208/4354/3113 3080/4224/3113 3079/4223/3113
f 3206/4352/3113 3207/4353/3113 3079/4223/3113 3078/4222/3113
f 3205/4351/3113 3206/4352/3113 3078/4222/3113 3077/4221/3113
f 3204/4350/3113 3205/4351/3113 3077/4221/3113 3076/4220/3113
f 3203/4349/3123 3204/4350/3123 3076/4220/3123 3075/4219/3123
f 3202/4348/3113 3203/4349/3113 3075/4219/3113 3074/4218/3113
f 3201/4347/3113 3202/4348/3113 3074/4218/3113 3073/4217/3113
f 3200/4346/3113 3201/4347/3113 3073/4217/3113 3072/4216/3113
f 3199/4345/3113 3200/4346/3113 3072/4216/3113 3071/4215/3113
f 3195/4341/3123 3199/4345/3123 3071/4215/3123 3067/4211/3123
f 3222/4368/3113 3198/4344/3113 3070/4214/3113 3094/4238/3113
f 3246/4392/3122 3196/4342/3122 3068/4212/3122 3118/4262/3122
f 3129/4275/3340 3195/4341/3341 3067/4211/3340 3001/4145/3342
f 3193/4339/3121 3194/4340/3121 3066/4210/3121 3065/4209/3121
f 3192/4338/3120 3193/4339/3120 3065/4209/3120 3064/4208/3120
f 3191/4337/3343 3192/4338/3344 3064/4208/3343 3063/4207/2789
f 3190/4336/3345 3191/4337/3346 3063/4207/3345 3062/4206/3347
f 3189/4335/3117 3190/4336/3348 3062/4206/3117 3061/4205/3349
f 3182/4328/3114 3189/4335/3115 3061/4205/3114 3054/4198/3116
f 3198/4344/3113 3182/4328/3113 3054/4198/3113 3070/4214/3113
f 3170/4316/3112 3171/4317/3112 3043/4187/3112 3042/4186/3112
f 3169/4315/3350 3170/4316/3350 3042/4186/3350 3041/4185/3350
f 3168/4314/3108 3169/4315/3351 3041/4185/3108 3040/4184/3108
f 3167/4313/3108 3168/4314/3108 3040/4184/3108 3039/4183/3108
f 3166/4312/2273 3167/4313/2274 3039/4183/2275 3038/4182/2276
f 3165/4311/2123 3166/4312/2123 3038/4182/2123 3037/4181/2123
f 3164/4310/2123 3165/4311/2123 3037/4181/2123 3036/4180/2123
f 3163/4309/2123 3164/4310/2123 3036/4180/2123 3035/4179/2123
f 3128/4274/2123 3163/4309/2123 3035/4179/2123 3000/4144/2123
f 3171/4317/3352 3161/4307/3353 3033/4177/3352 3043/4187/3354
f 3159/4305/2123 3160/4306/2123 3032/4176/2123 3031/4175/2123
f 3158/4304/2123 3159/4305/2123 3031/4175/2123 3030/4174/2123
f 3157/4303/2123 3158/4304/2123 3030/4174/2123 3029/4173/2123
f 3156/4302/2123 3157/4303/2123 3029/4173/2123 3028/4172/2123
f 3155/4301/2123 3156/4302/2123 3028/4172/2123 3027/4171/2123
f 3154/4300/2123 3155/4301/2123 3027/4171/2123 3026/4170/2123
f 3153/4299/2123 3154/4300/2123 3026/4170/2123 3025/4169/2123
f 3152/4298/2123 3153/4299/2123 3025/4169/2123 3024/4168/2123
f 3151/4297/2123 3152/4298/2123 3024/4168/2123 3023/4167/2123
f 3150/4296/2123 3151/4297/2123 3023/4167/2123 3022/4166/2123
f 3149/4295/2123 3150/4296/2123 3022/4166/2123 3021/4165/2123
f 3148/4294/2123 3149/4295/2123 3021/4165/2123 3020/4164/2123
f 3147/4293/2123 3148/4294/2123 3020/4164/2123 3019/4163/2123
f 3131/4277/2123 3147/4293/2123 3019/4163/2123 3003/4147/2123
f 3144/4290/3355 3145/4291/3355 3017/4161/3355 3016/4160/3355
f 3143/4289/3356 3144/4290/3357 3016/4160/3358 3015/4159/3359
f 3142/4288/1421 3143/4289/1421 3015/4159/1421 3014/4158/1421
f 3141/4287/1421 3142/4288/1421 3014/4158/1421 3013/4157/1421
f 3140/4286/1421 3141/4287/1421 3013/4157/1421 3012/4156/1421
f 3139/4285/1421 3140/4286/1421 3012/4156/1421 3011/4155/1421
f 3138/4284/1421 3139/4285/1421 3011/4155/1421 3010/4154/1421
f 3137/4283/1421 3138/4284/1421 3010/4154/1421 3009/4153/1421
f 3136/4282/1421 3137/4283/1421 3009/4153/1421 3008/4152/1421
f 3135/4281/1421 3136/4282/1421 3008/4152/1421 3007/4151/1421
f 3134/4280/1421 3135/4281/1421 3007/4151/1421 3006/4150/1421
f 3133/4279/3360 3134/4280/3361 3006/4150/3362 3005/4149/3102
f 3130/4276/3101 3133/4279/3101 3005/4149/3101 3002/4146/3101
f 3161/4307/2123 3131/4277/2123 3003/4147/2123 3033/4177/2123
f 3160/4306/2123 3129/4275/2123 3001/4145/2123 3032/4176/2123
f 3194/4340/3363 3123/4267/3363 2998/4141/3363 3066/4210/3363
f 3247/4393/1408 3128/4274/1408 3000/4144/1408 3119/4263/1408
f 2755/3896/1408 2516/3420/1408 3128/4274/1408 3247/4393/1408
f 2637/3662/3363 2512/3416/3363 3123/4267/3363 3194/4340/3363
f 2553/3494/2123 2518/3424/2123 3129/4275/2123 3160/4306/2123
f 2581/3550/2123 2521/3430/2123 3131/4277/2123 3161/4307/2123
f 2517/3422/3364 2538/3464/3365 3133/4279/3364 3130/4276/3366
f 2538/3464/3102 2537/3462/3102 3134/4280/3102 3133/4279/3102
f 2537/3462/2390 2536/3460/2391 3135/4281/2392 3134/4280/2393
f 2536/3460/1421 2535/3458/1421 3136/4282/1421 3135/4281/1421
f 2535/3458/1421 2534/3456/1421 3137/4283/1421 3136/4282/1421
f 2534/3456/2390 2533/3454/2391 3138/4284/2392 3137/4283/2393
f 2533/3454/1421 2532/3452/1421 3139/4285/1421 3138/4284/1421
f 2532/3452/1421 2531/3450/1421 3140/4286/1421 3139/4285/1421
f 2531/3450/1421 2530/3448/1421 3141/4287/1421 3140/4286/1421
f 2530/3448/2390 2529/3446/2391 3142/4288/2392 3141/4287/2393
f 2529/3446/1421 2528/3444/1421 3143/4289/1421 3142/4288/1421
f 2528/3444/3356 2527/3442/3357 3144/4290/3358 3143/4289/3359
f 2527/3442/3104 2526/3440/3105 3145/4291/3104 3144/4290/3106
f 2521/3430/2123 2566/3520/2123 3147/4293/2123 3131/4277/2123
f 2566/3520/2273 2565/3518/2274 3148/4294/2275 3147/4293/2276
f 2565/3518/2123 2564/3516/2123 3149/4295/2123 3148/4294/2123
f 2564/3516/2123 2563/3514/2123 3150/4296/2123 3149/4295/2123
f 2563/3514/2273 2562/3512/2274 3151/4297/2275 3150/4296/2276
f 2562/3512/2123 2561/3510/2123 3152/4298/2123 3151/4297/2123
f 2561/3510/2273 2560/3508/2274 3153/4299/2275 3152/4298/2276
f 2560/3508/2123 2559/3506/2123 3154/4300/2123 3153/4299/2123
f 2559/3506/2273 2558/3504/2274 3155/4301/2275 3154/4300/2276
f 2558/3504/2123 2557/3502/2123 3156/4302/2123 3155/4301/2123
f 2557/3502/2123 2556/3500/2123 3157/4303/2123 3156/4302/2123
f 2556/3500/2273 2555/3498/2274 3158/4304/2275 3157/4303/2276
f 2555/3498/2123 2554/3496/2123 3159/4305/2123 3158/4304/2123
f 2554/3496/2273 2553/3494/2274 3160/4306/2275 3159/4305/2276
f 2585/3558/3352 2581/3550/3353 3161/4307/3352 3171/4317/3354
f 2516/3420/2273 2593/3574/2274 3163/4309/2275 3128/4274/2276
f 2593/3574/2123 2592/3572/2123 3164/4310/2123 3163/4309/2123
f 2592/3572/2273 2591/3570/2274 3165/4311/2275 3164/4310/2276
f 2591/3570/2123 2590/3568/2123 3166/4312/2123 3165/4311/2123
f 2590/3568/2123 2589/3566/2123 3167/4313/2123 3166/4312/2123
f 2589/3566/3108 2588/3564/3108 3168/4314/3108 3167/4313/3108
f 2588/3564/3108 2587/3562/3351 3169/4315/3108 3168/4314/3108
f 2587/3562/3350 2586/3560/3350 3170/4316/3350 3169/4315/3350
f 2586/3560/3367 2585/3558/3368 3171/4317/3367 3170/4316/3369
f 2655/3698/3113 2623/3634/3113 3182/4328/3113 3198/4344/3113
f 2623/3634/3370 2642/3672/3370 3189/4335/3370 3182/4328/3370
f 2642/3672/3117 2641/3670/3117 3190/4336/3117 3189/4335/3117
f 2641/3670/3118 2640/3668/3118 3191/4337/3118 3190/4336/3118
f 2640/3668/3119 2639/3666/3119 3192/4338/3119 3191/4337/3119
f 2639/3666/3371 2638/3664/3372 3193/4339/3371 3192/4338/3373
f 2638/3664/3374 2637/3662/3375 3194/4340/3374 3193/4339/3376
f 2518/3424/3340 2649/3686/3341 3195/4341/3340 3129/4275/3342
f 2705/3798/3122 2651/3690/3122 3196/4342/3122 3246/4392/3122
f 2657/3702/3113 2655/3698/3113 3198/4344/3113 3222/4368/3113
f 2649/3686/3123 2680/3748/3123 3199/4345/3123 3195/4341/3123
f 2680/3748/3113 2679/3746/3113 3200/4346/3113 3199/4345/3113
f 2679/3746/3113 2678/3744/3113 3201/4347/3113 3200/4346/3113
f 2678/3744/3113 2677/3742/3113 3202/4348/3113 3201/4347/3113
f 2677/3742/3113 2676/3740/3113 3203/4349/3113 3202/4348/3113
f 2676/3740/3123 2675/3738/3123 3204/4350/3123 3203/4349/3123
f 2675/3738/3113 2674/3736/3113 3205/4351/3113 3204/4350/3113
f 2674/3736/3377 2673/3734/3378 3206/4352/3377 3205/4351/3379
f 2673/3734/3113 2672/3732/3113 3207/4353/3113 3206/4352/3113
f 2672/3732/3113 2671/3730/3113 3208/4354/3113 3207/4353/3113
f 2671/3730/3123 2670/3728/3123 3209/4355/3123 3208/4354/3123
f 2670/3728/3113 2669/3726/3113 3210/4356/3113 3209/4355/3113
f 2669/3726/3124 2668/3724/3125 3211/4357/3124 3210/4356/3126
f 2668/3724/3113 2667/3722/3113 3212/4358/3113 3211/4357/3113
f 2667/3722/3113 2666/3720/3113 3213/4359/3113 3212/4358/3113
f 2666/3720/3123 2665/3718/3123 3214/4360/3123 3213/4359/3123
f 2665/3718/3113 2664/3716/3113 3215/4361/3113 3214/4360/3113
f 2664/3716/3113 2663/3714/3113 3216/4362/3113 3215/4361/3113
f 2663/3714/3113 2662/3712/3113 3217/4363/3113 3216/4362/3113
f 2662/3712/3123 2661/3710/3123 3218/4364/3123 3217/4363/3123
f 2661/3710/3113 2660/3708/3113 3219/4365/3113 3218/4364/3113
f 2660/3708/3113 2659/3706/3113 3220/4366/3113 3219/4365/3113
f 2659/3706/3113 2658/3704/3113 3221/4367/3113 3220/4366/3113
f 2658/3704/3113 2657/3702/3113 3222/4368/3113 3221/4367/3113
f 2653/3694/3129 2728/3844/3129 3223/4369/3129 3197/4343/3129
f 2728/3844/3380 2727/3842/3381 3224/4370/3382 3223/4369/3383
f 2727/3842/3131 2726/3840/3132 3225/4371/3131 3224/4370/3133
f 2726/3840/3134 2725/3838/3134 3226/4372/3134 3225/4371/3134
f 2725/3838/3135 2724/3836/3135 3227/4373/3135 3226/4372/3135
f 2724/3836/1421 2723/3834/1421 3228/4374/1421 3227/4373/1421
f 2723/3834/1421 2722/3832/1421 3229/4375/1421 3228/4374/1421
f 2722/3832/1421 2721/3830/1421 3230/4376/1421 3229/4375/1421
f 2721/3830/1421 2720/3828/1421 3231/4377/1421 3230/4376/1421
f 2720/3828/1421 2719/3826/1421 3232/4378/1421 3231/4377/1421
f 2719/3826/1421 2718/3824/1421 3233/4379/1421 3232/4378/1421
f 2718/3824/1421 2717/3822/1421 3234/4380/1421 3233/4379/1421
f 2717/3822/3339 2716/3820/3339 3235/4381/3339 3234/4380/3339
f 2716/3820/2955 2715/3818/2955 3236/4382/2955 3235/4381/2955
f 2715/3818/1421 2714/3816/1421 3237/4383/1421 3236/4382/1421
f 2714/3816/1421 2713/3814/1421 3238/4384/1421 3237/4383/1421
f 2713/3814/1421 2712/3812/1421 3239/4385/1421 3238/4384/1421
f 2712/3812/1421 2711/3810/1421 3240/4386/1421 3239/4385/1421
f 2711/3810/1421 2710/3808/1421 3241/4387/1421 3240/4386/1421
f 2710/3808/1421 2709/3806/1421 3242/4388/1421 3241/4387/1421
f 2709/3806/3136 2708/3804/3136 3243/4389/3136 3242/4388/3136
f 2708/3804/3384 2707/3802/3385 3244/4390/3384 3243/4389/3386
f 2707/3802/3138 2706/3800/3138 3245/4391/3138 3244/4390/3138
f 2706/3800/3139 2705/3798/3139 3246/4392/3139 3245/4391/3139
f 2876/4017/1408 2755/3896/1408 3247/4393/1408 3248/4394/1408
f 2997/4140/1413 3121/4265/1413 3126/4271/1413 3127/4273/1413
f 3121/4265/1413 3120/4264/1413 3125/4270/1413 3126/4271/1413
f 3120/4264/1413 2998/4142/1413 3123/4268/1413 3125/4270/1413
