# Blender 3.4.1
# www.blender.org
mtllib Shotgun.mtl
g Cylinder_Cylinder
v -2.473766 0.334581 -0.039005
v 0.063192 0.334580 -0.046573
v -2.473766 0.326971 -0.038255
v 0.063192 0.325495 -0.045678
v -2.473766 0.319654 -0.036036
v 0.063192 0.316758 -0.043028
v -2.473766 0.312911 -0.032431
v 0.063192 0.308706 -0.038724
v -2.473766 0.307000 -0.027580
v 0.063192 0.301649 -0.032932
v -2.473766 0.302149 -0.021670
v 0.063192 0.295857 -0.025874
v -2.473766 0.298545 -0.014926
v 0.063192 0.291553 -0.017823
v -2.473766 0.296325 -0.007609
v 0.063192 0.288903 -0.009086
v -2.473766 0.295576 0.000000
v 0.063192 0.288008 0.000000
v -2.473766 0.296325 0.007609
v 0.063192 0.288903 0.009086
v -2.473766 0.298545 0.014926
v 0.063192 0.291553 0.017823
v -2.473766 0.302149 0.021670
v 0.063192 0.295857 0.025874
v -2.473766 0.307000 0.027580
v 0.063192 0.301649 0.032932
v -2.473766 0.312911 0.032431
v 0.063192 0.308706 0.038724
v -2.473766 0.319654 0.036036
v 0.063192 0.316758 0.043028
v -2.473766 0.326971 0.038255
v 0.063192 0.325495 0.045678
v -2.473766 0.334581 0.039005
v 0.063192 0.334580 0.046573
v -2.473766 0.342190 0.038255
v 0.063192 0.343666 0.045678
v -2.473766 0.349507 0.036036
v 0.063192 0.352403 0.043028
v -2.473766 0.356250 0.032431
v 0.063192 0.360455 0.038724
v -2.473766 0.362161 0.027580
v 0.063192 0.367512 0.032932
v -2.473766 0.367012 0.021670
v 0.063192 0.373304 0.025874
v -2.473766 0.370616 0.014926
v 0.063192 0.377608 0.017823
v -2.473766 0.372836 0.007609
v 0.063192 0.380258 0.009086
v -2.473766 0.373585 0.000000
v 0.063192 0.381153 0.000000
v -2.473766 0.372836 -0.007609
v 0.063192 0.380258 -0.009086
v -2.473766 0.370616 -0.014926
v 0.063192 0.377608 -0.017823
v -2.473766 0.367012 -0.021670
v 0.063192 0.373304 -0.025874
v -2.473766 0.362161 -0.027580
v 0.063192 0.367512 -0.032932
v -2.473766 0.356250 -0.032431
v 0.063192 0.360455 -0.038724
v -2.473766 0.349507 -0.036036
v 0.063192 0.352403 -0.043028
v -2.473766 0.342190 -0.038255
v 0.063192 0.343666 -0.045678
v -2.473766 0.334581 -0.046573
v -2.473766 0.325495 -0.045678
v -2.473766 0.316758 -0.043028
v -2.473766 0.308706 -0.038724
v -2.473766 0.301649 -0.032932
v -2.473766 0.295857 -0.025874
v -2.473766 0.291553 -0.017823
v -2.473766 0.288903 -0.009086
v -2.473766 0.288008 0.000000
v -2.473766 0.288903 0.009086
v -2.473766 0.291553 0.017823
v -2.473766 0.295857 0.025874
v -2.473766 0.301649 0.032932
v -2.473766 0.308706 0.038724
v -2.473766 0.316758 0.043028
v -2.473766 0.325495 0.045678
v -2.473766 0.334581 0.046573
v -2.473766 0.343666 0.045678
v -2.473766 0.352403 0.043028
v -2.473766 0.360455 0.038724
v -2.473766 0.367512 0.032932
v -2.473766 0.373304 0.025874
v -2.473766 0.377608 0.017823
v -2.473766 0.380258 0.009086
v -2.473766 0.381153 0.000000
v -2.473766 0.380258 -0.009086
v -2.473766 0.377608 -0.017823
v -2.473766 0.373304 -0.025874
v -2.473766 0.367512 -0.032932
v -2.473766 0.360455 -0.038724
v -2.473766 0.352403 -0.043028
v -2.473766 0.343666 -0.045678
v -1.363038 0.334581 -0.039005
v -1.363038 0.326971 -0.038255
v -1.363038 0.319654 -0.036036
v -1.363038 0.312911 -0.032431
v -1.363038 0.307000 -0.027580
v -1.363038 0.302150 -0.021670
v -1.363038 0.298545 -0.014926
v -1.363038 0.296326 -0.007609
v -1.363038 0.295576 0.000000
v -1.363038 0.296326 0.007609
v -1.363038 0.298545 0.014926
v -1.363038 0.302150 0.021670
v -1.363038 0.307000 0.027580
v -1.363038 0.312911 0.032431
v -1.363038 0.319654 0.036036
v -1.363038 0.326971 0.038255
v -1.363038 0.334581 0.039005
v -1.363038 0.342190 0.038255
v -1.363038 0.349507 0.036036
v -1.363038 0.356251 0.032431
v -1.363038 0.362161 0.027580
v -1.363038 0.367012 0.021670
v -1.363038 0.370616 0.014926
v -1.363038 0.372836 0.007609
v -1.363038 0.373585 0.000000
v -1.363038 0.372836 -0.007609
v -1.363038 0.370616 -0.014926
v -1.363038 0.367012 -0.021670
v -1.363038 0.362161 -0.027580
v -1.363038 0.356251 -0.032431
v -1.363038 0.349507 -0.036036
v -1.363038 0.342190 -0.038255
v -1.393137 0.209325 -0.045712
v 0.132942 0.209325 -0.054386
v -1.393137 0.200407 -0.044834
v 0.132942 0.198715 -0.053341
v -1.393137 0.191832 -0.042232
v 0.132942 0.188512 -0.050246
v -1.393137 0.183929 -0.038008
v 0.132942 0.179110 -0.045220
v -1.393137 0.177002 -0.032323
v 0.132942 0.170868 -0.038457
v -1.393137 0.171317 -0.025396
v 0.132942 0.164105 -0.030215
v -1.393137 0.167093 -0.017493
v 0.132942 0.159079 -0.020813
v -1.393137 0.164491 -0.008918
v 0.132942 0.155984 -0.010610
v -1.393137 0.163613 0.000000
v 0.132942 0.154939 0.000000
v -1.393137 0.164491 0.008918
v 0.132942 0.155984 0.010610
v -1.393137 0.167093 0.017493
v 0.132942 0.159079 0.020813
v -1.393137 0.171317 0.025396
v 0.132942 0.164105 0.030215
v -1.393137 0.177002 0.032323
v 0.132942 0.170868 0.038457
v -1.393137 0.183929 0.038008
v 0.132942 0.179110 0.045220
v -1.393137 0.191832 0.042232
v 0.132942 0.188512 0.050246
v -1.393137 0.200407 0.044834
v 0.132942 0.198715 0.053341
v -1.393137 0.209325 0.045712
v 0.132942 0.209325 0.054386
v -1.393137 0.218243 0.044834
v 0.132942 0.219935 0.053341
v -1.393137 0.226818 0.042232
v 0.132942 0.230137 0.050246
v -1.393137 0.234721 0.038008
v 0.132942 0.239540 0.045220
v -1.393137 0.241648 0.032323
v 0.132942 0.247782 0.038457
v -1.393137 0.247333 0.025396
v 0.132942 0.254545 0.030215
v -1.393137 0.251557 0.017493
v 0.132942 0.259571 0.020813
v -1.393137 0.254158 0.008918
v 0.132942 0.262666 0.010610
v -1.393137 0.255037 0.000000
v 0.132942 0.263711 0.000000
v -1.393137 0.254158 -0.008918
v 0.132942 0.262666 -0.010610
v -1.393137 0.251557 -0.017493
v 0.132942 0.259571 -0.020813
v -1.393137 0.247333 -0.025396
v 0.132942 0.254545 -0.030215
v -1.393137 0.241648 -0.032323
v 0.132942 0.247782 -0.038457
v -1.393137 0.234721 -0.038008
v 0.132942 0.239540 -0.045220
v -1.393137 0.226818 -0.042232
v 0.132942 0.230137 -0.050246
v -1.393137 0.218243 -0.044834
v 0.132942 0.219935 -0.053341
v -1.393137 0.209325 -0.054386
v -1.393137 0.198715 -0.053341
v -1.393137 0.188512 -0.050246
v -1.393137 0.179110 -0.045220
v -1.393137 0.170868 -0.038457
v -1.393137 0.164105 -0.030215
v -1.393137 0.159079 -0.020813
v -1.393137 0.155984 -0.010610
v -1.393137 0.154939 0.000000
v -1.393137 0.155984 0.010610
v -1.393137 0.159079 0.020813
v -1.393137 0.164105 0.030215
v -1.393137 0.170868 0.038457
v -1.393137 0.179110 0.045220
v -1.393137 0.188512 0.050246
v -1.393137 0.198715 0.053341
v -1.393137 0.209325 0.054386
v -1.393137 0.219935 0.053341
v -1.393137 0.230138 0.050246
v -1.393137 0.239540 0.045220
v -1.393137 0.247782 0.038457
v -1.393137 0.254545 0.030215
v -1.393137 0.259571 0.020813
v -1.393137 0.262666 0.010610
v -1.393137 0.263711 0.000000
v -1.393137 0.262666 -0.010610
v -1.393137 0.259571 -0.020813
v -1.393137 0.254545 -0.030215
v -1.393137 0.247782 -0.038457
v -1.393137 0.239540 -0.045220
v -1.393137 0.230138 -0.050246
v -1.393137 0.219935 -0.053341
v -1.401613 0.209325 -0.045712
v -1.401613 0.200407 -0.044834
v -1.401613 0.191832 -0.042232
v -1.401613 0.183929 -0.038008
v -1.401613 0.177002 -0.032323
v -1.401613 0.171317 -0.025396
v -1.401613 0.167093 -0.017493
v -1.401613 0.164491 -0.008918
v -1.401613 0.163613 0.000000
v -1.401613 0.164491 0.008918
v -1.401613 0.167093 0.017493
v -1.401613 0.171317 0.025396
v -1.401613 0.177002 0.032323
v -1.401613 0.183929 0.038008
v -1.401613 0.191832 0.042232
v -1.401613 0.200407 0.044834
v -1.401613 0.209325 0.045712
v -1.401613 0.218243 0.044834
v -1.401613 0.226818 0.042232
v -1.401613 0.234721 0.038008
v -1.401613 0.241648 0.032323
v -1.401613 0.247333 0.025396
v -1.401613 0.251557 0.017493
v -1.401613 0.254158 0.008918
v -1.401613 0.255037 0.000000
v -1.401613 0.254158 -0.008918
v -1.401613 0.251557 -0.017493
v -1.401613 0.247333 -0.025396
v -1.401613 0.241648 -0.032323
v -1.401613 0.234721 -0.038008
v -1.401613 0.226818 -0.042232
v -1.401613 0.218243 -0.044834
v 0.033445 0.142819 0.047333
v 0.033445 0.411125 0.047333
v 0.033445 0.142819 -0.047333
v 0.033445 0.411125 -0.047333
v 2.452679 -0.448556 0.047333
v 2.458045 0.109307 0.047333
v 2.452679 -0.448556 -0.047333
v 2.458045 0.109307 -0.047333
v 1.379454 -0.152267 -0.047333
v 1.379454 0.210870 -0.047333
v 1.379454 -0.152267 0.047333
v 1.379454 0.210870 0.047333
v 1.187167 0.073327 -0.047333
v 0.994880 0.124130 -0.047333
v 0.802593 0.134644 -0.047333
v 0.610306 0.143841 -0.047333
v 0.418019 0.145885 -0.047333
v 0.225732 0.142564 -0.047333
v 1.187167 0.285976 0.047333
v 0.994880 0.369130 0.047333
v 0.802593 0.409362 0.047333
v 0.610306 0.409356 0.047333
v 0.418019 0.409349 0.047333
v 0.225732 0.411131 0.047333
v 0.225732 0.411131 -0.047333
v 0.418019 0.409349 -0.047333
v 0.610306 0.409356 -0.047333
v 0.802593 0.409362 -0.047333
v 0.994880 0.369130 -0.047333
v 1.187167 0.285976 -0.047333
v 0.225732 0.142564 0.047333
v 0.418019 0.145885 0.047333
v 0.610306 0.143841 0.047333
v 0.802593 0.134644 0.047333
v 0.994880 0.124130 0.047333
v 1.187167 0.073327 0.047333
v 1.533539 0.222676 -0.047333
v 1.687623 0.213021 -0.047333
v 1.841707 0.201578 -0.047333
v 1.995791 0.188347 -0.047333
v 2.149875 0.171538 -0.047333
v 2.303960 0.154730 -0.047333
v 1.533539 -0.109006 0.047333
v 1.687623 -0.126551 0.047333
v 1.841707 -0.195959 0.047333
v 1.995791 -0.265368 0.047333
v 2.149875 -0.338353 0.047333
v 2.303960 -0.414915 0.047333
v 2.303960 -0.414915 -0.047333
v 2.149875 -0.338353 -0.047333
v 1.995791 -0.265368 -0.047333
v 1.841707 -0.195959 -0.047333
v 1.687623 -0.126551 -0.047333
v 1.533539 -0.109006 -0.047333
v 2.303960 0.154730 0.047333
v 2.149875 0.171538 0.047333
v 1.995791 0.188347 0.047333
v 1.841707 0.201578 0.047333
v 1.687623 0.213021 0.047333
v 1.533539 0.222676 0.047333
v 1.456496 -0.130636 -0.047333
v 1.456496 0.224613 0.047333
v 1.456496 0.224613 -0.047333
v 1.456496 -0.130636 0.047333
v 1.610580 0.217849 -0.047333
v 1.610580 -0.105260 0.047333
v 1.610580 -0.105260 -0.047333
v 1.610580 0.217849 0.047333
v 1.764665 0.207300 -0.047333
v 1.764665 -0.159467 0.047333
v 1.764665 -0.159467 -0.047333
v 1.764665 0.207300 0.047333
v 1.918750 0.194962 -0.047333
v 1.918750 -0.230664 0.047333
v 1.918750 -0.230664 -0.047333
v 1.918750 0.194962 0.047333
v 2.072833 0.179942 -0.047333
v 2.072833 -0.301860 0.047333
v 2.072833 -0.301860 -0.047333
v 2.072833 0.179942 0.047333
v 2.226918 0.163134 -0.047333
v 2.226918 -0.375740 0.047333
v 2.226918 -0.375740 -0.047333
v 2.226918 0.163134 0.047333
v 2.381002 0.142749 -0.047333
v 2.378319 -0.449619 0.047333
v 2.378319 -0.449619 -0.047333
v 2.381002 0.142749 0.047333
v 2.427711 0.133204 -0.047333
v 2.423402 -0.459705 0.047333
v 2.423402 -0.459705 -0.047333
v 2.427711 0.133204 0.047333
v 1.235239 0.259599 -0.047333
v 1.283311 0.233222 -0.047333
v 1.331383 0.210421 -0.047333
v 1.235239 0.040526 0.047333
v 1.283311 -0.019599 0.047333
v 1.331383 -0.170517 0.047333
v 1.331383 -0.170517 -0.047333
v 1.283311 -0.019599 -0.047333
v 1.235239 0.040526 -0.047333
v 1.331383 0.210421 0.047333
v 1.283311 0.233222 0.047333
v 1.235239 0.259599 0.047333
v 1.295329 0.225725 -0.047333
v 1.307347 0.218228 -0.047333
v 1.319364 0.212528 -0.047333
v 1.295329 -0.058227 0.047333
v 1.307347 -0.148962 0.047333
v 1.319364 -0.164830 0.047333
v 1.319364 -0.164830 -0.047333
v 1.307347 -0.148962 -0.047333
v 1.295329 -0.058227 -0.047333
v 1.319364 0.212528 0.047333
v 1.307347 0.218228 0.047333
v 1.295329 0.225725 0.047333
v 1.148710 0.087213 -0.047333
v 1.110252 0.100065 -0.047333
v 1.071795 0.110846 -0.047333
v 1.033337 0.118523 -0.047333
v 1.148710 0.305852 0.047333
v 1.110252 0.323659 0.047333
v 1.071795 0.338361 0.047333
v 1.033337 0.354097 0.047333
v 1.033337 0.354097 -0.047333
v 1.071795 0.338361 -0.047333
v 1.110252 0.323659 -0.047333
v 1.148710 0.305852 -0.047333
v 1.033337 0.118523 0.047333
v 1.071795 0.110846 0.047333
v 1.110252 0.100065 0.047333
v 1.148710 0.087213 0.047333
v 1.259275 0.246410 -0.047333
v 1.259275 0.015854 0.047333
v 1.259275 0.015854 -0.047333
v 1.259275 0.246410 0.047333
v 1.211203 0.058124 -0.047333
v 1.211203 0.272787 0.047333
v 1.211203 0.272787 -0.047333
v 1.211203 0.058124 0.047333
v 1.355418 0.207196 -0.047333
v 1.355418 -0.161392 0.047333
v 1.355418 -0.161392 -0.047333
v 1.355418 0.207196 0.047333
v 1.430815 -0.137846 -0.047333
v 1.405135 -0.145056 -0.047333
v 1.430815 0.223359 0.047333
v 1.405135 0.217614 0.047333
v 1.405135 0.217614 -0.047333
v 1.430815 0.223359 -0.047333
v 1.405135 -0.145056 0.047333
v 1.430815 -0.137846 0.047333
v 0.033445 0.177763 0.069966
v 0.033445 0.177763 -0.069966
v 2.453377 -0.375899 -0.069966
v 2.453377 -0.375899 0.069966
v 1.379454 -0.104971 0.069966
v 1.379454 -0.104971 -0.069966
v 0.225732 0.177542 -0.069966
v 0.418019 0.180199 -0.069966
v 0.610306 0.178422 -0.069966
v 0.802593 0.170423 -0.069966
v 0.994880 0.155456 -0.069966
v 1.187167 0.101023 -0.069966
v 1.187167 0.101023 0.069966
v 0.994880 0.155456 0.069966
v 0.802593 0.170423 0.069966
v 0.610306 0.178422 0.069966
v 0.418019 0.180199 0.069966
v 0.225732 0.177542 0.069966
v 2.303960 -0.340724 0.069966
v 2.149875 -0.271945 0.069966
v 1.995791 -0.206276 0.069966
v 1.841707 -0.144184 0.069966
v 1.687623 -0.082325 0.069966
v 1.533539 -0.065808 0.069966
v 1.533539 -0.065808 -0.069966
v 1.687623 -0.082325 -0.069966
v 1.841707 -0.144184 -0.069966
v 1.995791 -0.206276 -0.069966
v 2.149875 -0.271945 -0.069966
v 2.303960 -0.340724 -0.069966
v 1.456496 -0.084368 -0.069966
v 1.456496 -0.084368 0.069966
v 1.610580 -0.063178 -0.069966
v 1.610580 -0.063178 0.069966
v 1.764665 -0.111699 -0.069966
v 1.764665 -0.111699 0.069966
v 1.918750 -0.175230 -0.069966
v 1.918750 -0.175230 0.069966
v 2.072833 -0.239110 -0.069966
v 2.072833 -0.239110 0.069966
v 2.226918 -0.305557 -0.069966
v 2.226918 -0.305557 0.069966
v 2.378669 -0.372469 0.069966
v 2.378669 -0.372469 -0.069966
v 2.423964 -0.382484 0.069966
v 2.423964 -0.382484 -0.069966
v 1.331383 -0.120903 0.069966
v 1.283311 0.013329 0.069966
v 1.235239 0.069058 0.069966
v 1.235239 0.069058 -0.069966
v 1.283311 0.013329 -0.069966
v 1.331383 -0.120903 -0.069966
v 1.295329 -0.021245 -0.069966
v 1.307347 -0.101139 -0.069966
v 1.319364 -0.115683 -0.069966
v 1.319364 -0.115683 0.069966
v 1.307347 -0.101139 0.069966
v 1.295329 -0.021245 0.069966
v 1.148710 0.115689 0.069966
v 1.110252 0.129186 0.069966
v 1.071795 0.140478 0.069966
v 1.033337 0.149204 0.069966
v 1.033337 0.149204 -0.069966
v 1.071795 0.140478 -0.069966
v 1.110252 0.129186 -0.069966
v 1.148710 0.115689 -0.069966
v 1.259275 0.045882 -0.069966
v 1.259275 0.045882 0.069966
v 1.211203 0.086082 -0.069966
v 1.211203 0.086082 0.069966
v 1.355418 -0.113387 0.069966
v 1.355418 -0.113387 -0.069966
v 1.405135 -0.097822 -0.069966
v 1.430815 -0.090803 -0.069966
v 1.430815 -0.090803 0.069966
v 1.405135 -0.097822 0.069966
v 0.033445 0.379713 0.069966
v 0.033445 0.379713 -0.069966
v 2.457416 0.043997 -0.069966
v 2.457416 0.043997 0.069966
v 1.379454 0.168356 0.069966
v 1.379454 0.168356 -0.069966
v 0.225732 0.379689 -0.069966
v 0.418019 0.378505 -0.069966
v 0.610306 0.378271 -0.069966
v 0.802593 0.377200 -0.069966
v 0.994880 0.336499 -0.069966
v 1.187167 0.261081 -0.069966
v 1.187167 0.261081 0.069966
v 0.994880 0.336499 0.069966
v 0.802593 0.377200 0.069966
v 0.610306 0.378271 0.069966
v 0.418019 0.378505 0.069966
v 0.225732 0.379689 0.069966
v 2.303960 0.088040 0.069966
v 2.149875 0.111844 0.069966
v 1.995791 0.135229 0.069966
v 1.841707 0.155037 0.069966
v 1.687623 0.173266 0.069966
v 1.533539 0.183845 0.069966
v 1.533539 0.183845 -0.069966
v 1.687623 0.173266 -0.069966
v 1.841707 0.155037 -0.069966
v 1.995791 0.135229 -0.069966
v 2.149875 0.111844 -0.069966
v 2.303960 0.088040 -0.069966
v 1.456496 0.183023 -0.069966
v 1.456496 0.183023 0.069966
v 1.610580 0.180021 -0.069966
v 1.610580 0.180021 0.069966
v 1.764665 0.164361 -0.069966
v 1.764665 0.164361 0.069966
v 1.918750 0.145133 -0.069966
v 1.918750 0.145133 0.069966
v 2.072833 0.123536 -0.069966
v 2.072833 0.123536 0.069966
v 2.226918 0.100046 -0.069966
v 2.226918 0.100046 0.069966
v 2.380688 0.073399 0.069966
v 2.380688 0.073399 -0.069966
v 2.427207 0.063790 0.069966
v 2.427207 0.063790 -0.069966
v 1.331383 0.165824 0.069966
v 1.283311 0.203623 0.069966
v 1.235239 0.233951 0.069966
v 1.235239 0.233951 -0.069966
v 1.283311 0.203623 -0.069966
v 1.331383 0.165824 -0.069966
v 1.295329 0.192482 -0.069966
v 1.307347 0.175240 -0.069966
v 1.319364 0.168349 -0.069966
v 1.319364 0.168349 0.069966
v 1.307347 0.175240 0.069966
v 1.295329 0.192482 0.069966
v 1.148710 0.280256 0.069966
v 1.110252 0.297482 0.069966
v 1.071795 0.311725 0.069966
v 1.033337 0.326518 0.069966
v 1.033337 0.326518 -0.069966
v 1.071795 0.311725 -0.069966
v 1.110252 0.297482 -0.069966
v 1.148710 0.280256 -0.069966
v 1.259275 0.219418 -0.069966
v 1.259275 0.219418 0.069966
v 1.211203 0.247656 -0.069966
v 1.211203 0.247656 0.069966
v 1.355418 0.164044 0.069966
v 1.355418 0.164044 -0.069966
v 1.405135 0.175155 -0.069966
v 1.430815 0.181072 -0.069966
v 1.430815 0.181072 0.069966
v 1.405135 0.175155 0.069966
v 0.946808 0.126758 -0.047333
v 0.898737 0.129387 -0.047333
v 0.850665 0.132015 -0.047333
v 0.946808 0.384114 0.047333
v 0.898737 0.395290 0.047333
v 0.850665 0.403361 0.047333
v 0.850665 0.403361 -0.047333
v 0.898737 0.395290 -0.047333
v 0.946808 0.384114 -0.047333
v 0.850665 0.132015 0.047333
v 0.898737 0.129387 0.047333
v 0.946808 0.126758 0.047333
v 0.946808 0.159198 0.069966
v 0.898737 0.162940 0.069966
v 0.850665 0.166681 0.069966
v 0.850665 0.166681 -0.069966
v 0.898737 0.162940 -0.069966
v 0.946808 0.159198 -0.069966
v 0.946808 0.346675 0.069966
v 0.898737 0.356850 0.069966
v 0.850665 0.367025 0.069966
v 0.850665 0.367025 -0.069966
v 0.898737 0.356850 -0.069966
v 0.946808 0.346675 -0.069966
v -1.324415 0.209243 -0.054386
v -0.190990 0.209243 -0.050234
v -1.324415 0.198633 -0.053341
v -0.190990 0.199443 -0.049268
v -1.324415 0.188430 -0.050246
v -0.190990 0.190019 -0.046410
v -1.324415 0.179028 -0.045220
v -0.190990 0.181334 -0.041768
v -1.324415 0.170786 -0.038457
v -0.190990 0.173722 -0.035521
v -1.324415 0.164023 -0.030215
v -0.190990 0.167475 -0.027908
v -1.324415 0.158997 -0.020813
v -0.190990 0.162833 -0.019224
v -1.324415 0.155902 -0.010610
v -0.190990 0.159974 -0.009800
v -1.324415 0.154857 -0.000000
v -0.190990 0.159009 -0.000000
v -1.324415 0.155902 0.010610
v -0.190990 0.159974 0.009800
v -1.324415 0.158997 0.020813
v -0.190990 0.162833 0.019224
v -1.324415 0.164023 0.030215
v -0.190990 0.167475 0.027908
v -1.324415 0.170786 0.038457
v -0.190990 0.173722 0.035521
v -1.324415 0.179028 0.045220
v -0.190990 0.181334 0.041768
v -1.324415 0.188430 0.050246
v -0.190990 0.190019 0.046410
v -1.324415 0.198633 0.053341
v -0.190990 0.199443 0.049268
v -1.324415 0.209243 0.054386
v -0.190990 0.209243 0.050234
v -1.324415 0.219853 0.053341
v -0.190990 0.219043 0.049268
v -1.324415 0.230055 0.050246
v -0.190990 0.228466 0.046410
v -1.324415 0.239458 0.045220
v -0.190990 0.237151 0.041768
v -1.324415 0.247699 0.038457
v -0.190990 0.244763 0.035521
v -1.324415 0.254463 0.030215
v -0.190990 0.251010 0.027908
v -1.324415 0.259489 0.020813
v -0.190990 0.255653 0.019224
v -1.324415 0.262584 0.010610
v -0.190990 0.258511 0.009800
v -1.324415 0.263629 -0.000000
v -0.190990 0.259476 -0.000000
v -1.324415 0.262584 -0.010610
v -0.190990 0.258511 -0.009800
v -1.324415 0.259489 -0.020813
v -0.190990 0.255653 -0.019224
v -1.324415 0.254463 -0.030215
v -0.190990 0.251010 -0.027908
v -1.324415 0.247699 -0.038457
v -0.190990 0.244763 -0.035521
v -1.324415 0.239458 -0.045220
v -0.190990 0.237151 -0.041768
v -1.324415 0.230055 -0.050246
v -0.190990 0.228466 -0.046410
v -1.324415 0.219853 -0.053341
v -0.190990 0.219043 -0.049268
v -1.209363 0.209243 -0.106180
v -1.209363 0.188528 -0.104140
v -1.209363 0.168609 -0.098098
v -1.209363 0.150252 -0.088286
v -1.209363 0.134162 -0.075081
v -1.209363 0.120957 -0.058991
v -1.209363 0.111145 -0.040633
v -1.209363 0.105103 -0.020715
v -1.209363 0.103063 0.000000
v -1.209363 0.105103 0.020715
v -1.209363 0.111145 0.040633
v -1.209363 0.120957 0.058991
v -1.209363 0.134162 0.075081
v -1.209363 0.150252 0.088286
v -1.209363 0.168609 0.098098
v -1.209363 0.188528 0.104140
v -1.209363 0.209243 0.106180
v -1.209363 0.229958 0.104140
v -1.209363 0.249876 0.098098
v -1.209363 0.268233 0.088286
v -1.209363 0.284324 0.075081
v -1.209363 0.297528 0.058991
v -1.209363 0.307341 0.040633
v -1.209363 0.313383 0.020715
v -1.209363 0.315423 0.000000
v -1.209363 0.313383 -0.020715
v -1.209363 0.307341 -0.040633
v -1.209363 0.297528 -0.058991
v -1.209363 0.284324 -0.075081
v -1.209363 0.268233 -0.088286
v -1.209363 0.249876 -0.098098
v -1.209363 0.229958 -0.104140
v -1.222146 0.188544 -0.104061
v -1.234930 0.188746 -0.103046
v -1.247713 0.189102 -0.101257
v -1.260497 0.189828 -0.097604
v -1.273280 0.190636 -0.093544
v -1.286064 0.191452 -0.089443
v -1.298848 0.192582 -0.083761
v -1.311631 0.194412 -0.074558
v -1.222146 0.168640 -0.098023
v -1.234930 0.169036 -0.097068
v -1.247713 0.169734 -0.095382
v -1.260497 0.171160 -0.091941
v -1.273280 0.172744 -0.088117
v -1.286064 0.174344 -0.084253
v -1.298848 0.176561 -0.078901
v -1.311631 0.180152 -0.070232
v -1.222146 0.150297 -0.088219
v -1.234930 0.150872 -0.087358
v -1.247713 0.151885 -0.085842
v -1.260497 0.153955 -0.082745
v -1.273280 0.156254 -0.079303
v -1.286064 0.158578 -0.075826
v -1.298848 0.161796 -0.071009
v -1.311631 0.167009 -0.063207
v -1.222146 0.134219 -0.075024
v -1.234930 0.134951 -0.074292
v -1.247713 0.136240 -0.073002
v -1.260497 0.138874 -0.070368
v -1.273280 0.141801 -0.067442
v -1.286064 0.144758 -0.064485
v -1.298848 0.148855 -0.060388
v -1.311631 0.155490 -0.053753
v -1.222146 0.121024 -0.058946
v -1.234930 0.121884 -0.058371
v -1.247713 0.123401 -0.057358
v -1.260497 0.126498 -0.055288
v -1.273280 0.129940 -0.052989
v -1.286064 0.133417 -0.050665
v -1.298848 0.138234 -0.047447
v -1.311631 0.146036 -0.042234
v -1.222146 0.111219 -0.040603
v -1.234930 0.112175 -0.040207
v -1.247713 0.113861 -0.039509
v -1.260497 0.117302 -0.038083
v -1.273280 0.121126 -0.036499
v -1.286064 0.124990 -0.034899
v -1.298848 0.130342 -0.032682
v -1.311631 0.139011 -0.029091
v -1.222146 0.105182 -0.020699
v -1.234930 0.106196 -0.020497
v -1.247713 0.107986 -0.020141
v -1.260497 0.111639 -0.019415
v -1.273280 0.115699 -0.018607
v -1.286064 0.119800 -0.017791
v -1.298848 0.125482 -0.016661
v -1.311631 0.134685 -0.014830
v -1.222146 0.103143 -0.000000
v -1.234930 0.104178 -0.000000
v -1.247713 0.106002 -0.000000
v -1.260497 0.109727 -0.000000
v -1.273280 0.113866 -0.000000
v -1.286064 0.118048 -0.000000
v -1.298848 0.123841 -0.000000
v -1.311631 0.133224 -0.000000
v -1.222146 0.105182 0.020699
v -1.234930 0.106196 0.020497
v -1.247713 0.107986 0.020141
v -1.260497 0.111639 0.019415
v -1.273280 0.115699 0.018607
v -1.286064 0.119800 0.017791
v -1.298848 0.125482 0.016661
v -1.311631 0.134685 0.014830
v -1.222146 0.111219 0.040603
v -1.234930 0.112175 0.040207
v -1.247713 0.113861 0.039509
v -1.260497 0.117302 0.038083
v -1.273280 0.121126 0.036499
v -1.286064 0.124990 0.034899
v -1.298848 0.130342 0.032682
v -1.311631 0.139011 0.029091
v -1.222146 0.121024 0.058946
v -1.234930 0.121884 0.058371
v -1.247713 0.123401 0.057358
v -1.260497 0.126498 0.055288
v -1.273280 0.129940 0.052989
v -1.286064 0.133417 0.050665
v -1.298848 0.138234 0.047447
v -1.311631 0.146036 0.042234
v -1.222146 0.134219 0.075024
v -1.234930 0.134951 0.074292
v -1.247713 0.136240 0.073002
v -1.260497 0.138874 0.070368
v -1.273280 0.141801 0.067442
v -1.286064 0.144758 0.064485
v -1.298848 0.148855 0.060388
v -1.311631 0.155490 0.053753
v -1.222146 0.150297 0.088219
v -1.234930 0.150872 0.087358
v -1.247713 0.151885 0.085842
v -1.260497 0.153955 0.082745
v -1.273280 0.156254 0.079303
v -1.286064 0.158578 0.075826
v -1.298848 0.161796 0.071009
v -1.311631 0.167009 0.063207
v -1.222146 0.168640 0.098023
v -1.234930 0.169036 0.097068
v -1.247713 0.169734 0.095382
v -1.260497 0.171160 0.091941
v -1.273280 0.172744 0.088117
v -1.286064 0.174344 0.084253
v -1.298848 0.176561 0.078901
v -1.311631 0.180152 0.070232
v -1.222146 0.188544 0.104061
v -1.234930 0.188746 0.103046
v -1.247713 0.189102 0.101257
v -1.260497 0.189828 0.097604
v -1.273280 0.190636 0.093544
v -1.286064 0.191452 0.089443
v -1.298848 0.192582 0.083761
v -1.311631 0.194412 0.074558
v -1.222146 0.209243 0.106100
v -1.234930 0.209243 0.105065
v -1.247713 0.209243 0.103241
v -1.260497 0.209243 0.099516
v -1.273280 0.209243 0.095377
v -1.286064 0.209243 0.091195
v -1.298848 0.209243 0.085402
v -1.311631 0.209243 0.076018
v -1.222146 0.229942 0.104061
v -1.234930 0.229740 0.103046
v -1.247713 0.229384 0.101257
v -1.260497 0.228657 0.097604
v -1.273280 0.227850 0.093544
v -1.286064 0.227034 0.089443
v -1.298848 0.225904 0.083761
v -1.311631 0.224073 0.074558
v -1.222146 0.249845 0.098023
v -1.234930 0.249450 0.097068
v -1.247713 0.248751 0.095382
v -1.260497 0.247326 0.091941
v -1.273280 0.245742 0.088117
v -1.286064 0.244142 0.084253
v -1.298848 0.241925 0.078901
v -1.311631 0.238334 0.070232
v -1.222146 0.268189 0.088219
v -1.234930 0.267614 0.087358
v -1.247713 0.266600 0.085842
v -1.260497 0.264531 0.082745
v -1.273280 0.262231 0.079303
v -1.286064 0.259908 0.075826
v -1.298848 0.256689 0.071009
v -1.311631 0.251476 0.063207
v -1.222146 0.284267 0.075024
v -1.234930 0.283535 0.074292
v -1.247713 0.282245 0.073002
v -1.260497 0.279611 0.070368
v -1.273280 0.276684 0.067442
v -1.286064 0.273727 0.064485
v -1.298848 0.269631 0.060388
v -1.311631 0.262996 0.053753
v -1.222146 0.297462 0.058946
v -1.234930 0.296601 0.058371
v -1.247713 0.295084 0.057358
v -1.260497 0.291987 0.055288
v -1.273280 0.288546 0.052989
v -1.286064 0.285069 0.050665
v -1.298848 0.280252 0.047447
v -1.311631 0.272450 0.042234
v -1.222146 0.307266 0.040603
v -1.234930 0.306310 0.040207
v -1.247713 0.304625 0.039509
v -1.260497 0.301184 0.038083
v -1.273280 0.297360 0.036499
v -1.286064 0.293496 0.034899
v -1.298848 0.288144 0.032682
v -1.311631 0.279475 0.029091
v -1.222146 0.313304 0.020699
v -1.234930 0.312289 0.020497
v -1.247713 0.310500 0.020141
v -1.260497 0.306847 0.019415
v -1.273280 0.302787 0.018607
v -1.286064 0.298685 0.017791
v -1.298848 0.293004 0.016661
v -1.311631 0.283801 0.014830
v -1.222146 0.315343 -0.000000
v -1.234930 0.314308 -0.000000
v -1.247713 0.312484 -0.000000
v -1.260497 0.308759 -0.000000
v -1.273280 0.304620 -0.000000
v -1.286064 0.300438 -0.000000
v -1.298848 0.294645 -0.000000
v -1.311631 0.285261 -0.000000
v -1.222146 0.313304 -0.020699
v -1.234930 0.312289 -0.020497
v -1.247713 0.310500 -0.020141
v -1.260497 0.306847 -0.019415
v -1.273280 0.302787 -0.018607
v -1.286064 0.298685 -0.017791
v -1.298848 0.293004 -0.016661
v -1.311631 0.283801 -0.014830
v -1.222146 0.307266 -0.040603
v -1.234930 0.306310 -0.040207
v -1.247713 0.304625 -0.039509
v -1.260497 0.301184 -0.038083
v -1.273280 0.297360 -0.036499
v -1.286064 0.293496 -0.034899
v -1.298848 0.288144 -0.032682
v -1.311631 0.279475 -0.029091
v -1.222146 0.297462 -0.058946
v -1.234930 0.296601 -0.058371
v -1.247713 0.295084 -0.057358
v -1.260497 0.291987 -0.055288
v -1.273280 0.288546 -0.052989
v -1.286064 0.285069 -0.050665
v -1.298848 0.280252 -0.047447
v -1.311631 0.272450 -0.042234
v -1.222146 0.284267 -0.075024
v -1.234930 0.283535 -0.074292
v -1.247713 0.282245 -0.073002
v -1.260497 0.279611 -0.070368
v -1.273280 0.276684 -0.067442
v -1.286064 0.273727 -0.064485
v -1.298848 0.269631 -0.060388
v -1.311631 0.262996 -0.053753
v -1.222146 0.268189 -0.088219
v -1.234930 0.267614 -0.087358
v -1.247713 0.266600 -0.085842
v -1.260497 0.264531 -0.082745
v -1.273280 0.262231 -0.079303
v -1.286064 0.259908 -0.075826
v -1.298848 0.256689 -0.071009
v -1.311631 0.251476 -0.063207
v -1.222146 0.249845 -0.098023
v -1.234930 0.249450 -0.097068
v -1.247713 0.248751 -0.095382
v -1.260497 0.247326 -0.091941
v -1.273280 0.245742 -0.088117
v -1.286064 0.244142 -0.084253
v -1.298848 0.241925 -0.078901
v -1.311631 0.238334 -0.070232
v -1.222146 0.229942 -0.104061
v -1.234930 0.229740 -0.103046
v -1.247713 0.229384 -0.101257
v -1.260497 0.228657 -0.097604
v -1.273280 0.227850 -0.093544
v -1.286064 0.227034 -0.089443
v -1.298848 0.225904 -0.083761
v -1.311631 0.224073 -0.074558
v -1.311631 0.209243 -0.076018
v -1.298848 0.209243 -0.085402
v -1.286064 0.209243 -0.091195
v -1.273280 0.209243 -0.095377
v -1.260497 0.209243 -0.099516
v -1.247713 0.209243 -0.103241
v -1.234930 0.209243 -0.105065
v -1.222146 0.209243 -0.106100
v -0.378366 0.209243 -0.106180
v -0.378366 0.188528 -0.104140
v -0.378366 0.168609 -0.098098
v -0.378366 0.150252 -0.088286
v -0.378366 0.134162 -0.075081
v -0.378366 0.120957 -0.058991
v -0.378366 0.111145 -0.040633
v -0.378366 0.105103 -0.020715
v -0.378366 0.103063 0.000000
v -0.378366 0.105103 0.020715
v -0.378366 0.111145 0.040633
v -0.378366 0.120957 0.058991
v -0.378366 0.134162 0.075081
v -0.378366 0.150252 0.088286
v -0.378366 0.168609 0.098098
v -0.378366 0.188528 0.104140
v -0.378366 0.209243 0.106180
v -0.378366 0.229957 0.104140
v -0.378366 0.249876 0.098098
v -0.378366 0.268233 0.088286
v -0.378366 0.284324 0.075081
v -0.378366 0.297528 0.058991
v -0.378366 0.307341 0.040633
v -0.378366 0.313383 0.020715
v -0.378366 0.315423 0.000000
v -0.378366 0.313383 -0.020715
v -0.378366 0.307341 -0.040633
v -0.378366 0.297528 -0.058991
v -0.378366 0.284324 -0.075081
v -0.378366 0.268233 -0.088286
v -0.378366 0.249876 -0.098098
v -0.378366 0.229957 -0.104140
v -0.354944 0.209243 -0.106146
v -0.331522 0.209243 -0.105744
v -0.308100 0.209243 -0.104400
v -0.284678 0.209243 -0.101141
v -0.261256 0.209243 -0.095120
v -0.237834 0.209243 -0.085401
v -0.214412 0.209243 -0.073196
v -0.214412 0.194963 -0.071789
v -0.237834 0.192582 -0.083760
v -0.261256 0.190686 -0.093292
v -0.284678 0.189511 -0.099198
v -0.308100 0.188875 -0.102394
v -0.331522 0.188613 -0.103712
v -0.354944 0.188535 -0.104106
v -0.214412 0.181232 -0.067624
v -0.237834 0.176561 -0.078900
v -0.261256 0.172842 -0.087879
v -0.284678 0.170538 -0.093442
v -0.308100 0.169291 -0.096453
v -0.331522 0.168776 -0.097695
v -0.354944 0.168623 -0.098066
v -0.214412 0.168577 -0.060860
v -0.237834 0.161797 -0.071008
v -0.261256 0.156397 -0.079089
v -0.284678 0.153052 -0.084096
v -0.308100 0.151241 -0.086805
v -0.331522 0.150495 -0.087923
v -0.354944 0.150271 -0.088257
v -0.214412 0.157486 -0.051757
v -0.237834 0.148855 -0.060387
v -0.261256 0.141983 -0.067260
v -0.284678 0.137725 -0.071518
v -0.308100 0.135421 -0.073822
v -0.331522 0.134471 -0.074772
v -0.354944 0.134186 -0.075056
v -0.214412 0.148383 -0.040665
v -0.237834 0.138235 -0.047446
v -0.261256 0.130154 -0.052846
v -0.284678 0.125147 -0.056191
v -0.308100 0.122437 -0.058001
v -0.331522 0.121320 -0.058748
v -0.354944 0.120986 -0.058971
v -0.214412 0.141619 -0.028011
v -0.237834 0.130343 -0.032681
v -0.261256 0.121364 -0.036401
v -0.284678 0.115800 -0.038705
v -0.308100 0.112790 -0.039952
v -0.331522 0.111548 -0.040466
v -0.354944 0.111177 -0.040620
v -0.214412 0.137453 -0.014280
v -0.237834 0.125483 -0.016661
v -0.261256 0.115951 -0.018557
v -0.284678 0.110045 -0.019732
v -0.308100 0.106849 -0.020367
v -0.331522 0.105531 -0.020630
v -0.354944 0.105137 -0.020708
v -0.214412 0.136047 -0.000000
v -0.237834 0.123842 -0.000000
v -0.261256 0.114123 -0.000000
v -0.284678 0.108101 -0.000000
v -0.308100 0.104843 -0.000000
v -0.331522 0.103499 -0.000000
v -0.354944 0.103097 -0.000000
v -0.214412 0.137453 0.014280
v -0.237834 0.125483 0.016661
v -0.261256 0.115951 0.018557
v -0.284678 0.110045 0.019732
v -0.308100 0.106849 0.020367
v -0.331522 0.105531 0.020630
v -0.354944 0.105137 0.020708
v -0.214412 0.141619 0.028011
v -0.237834 0.130343 0.032681
v -0.261256 0.121364 0.036401
v -0.284678 0.115800 0.038705
v -0.308100 0.112790 0.039952
v -0.331522 0.111548 0.040466
v -0.354944 0.111177 0.040620
v -0.214412 0.148383 0.040665
v -0.237834 0.138235 0.047446
v -0.261256 0.130154 0.052846
v -0.284678 0.125147 0.056191
v -0.308100 0.122437 0.058001
v -0.331522 0.121320 0.058748
v -0.354944 0.120986 0.058971
v -0.214412 0.157486 0.051757
v -0.237834 0.148855 0.060387
v -0.261256 0.141983 0.067260
v -0.284678 0.137725 0.071518
v -0.308100 0.135421 0.073822
v -0.331522 0.134471 0.074772
v -0.354944 0.134186 0.075056
v -0.214412 0.168577 0.060860
v -0.237834 0.161797 0.071008
v -0.261256 0.156397 0.079089
v -0.284678 0.153052 0.084096
v -0.308100 0.151241 0.086805
v -0.331522 0.150495 0.087923
v -0.354944 0.150271 0.088257
v -0.214412 0.181232 0.067624
v -0.237834 0.176561 0.078900
v -0.261256 0.172842 0.087879
v -0.284678 0.170538 0.093442
v -0.308100 0.169291 0.096453
v -0.331522 0.168776 0.097695
v -0.354944 0.168623 0.098066
v -0.214412 0.194963 0.071789
v -0.237834 0.192582 0.083760
v -0.261256 0.190686 0.093292
v -0.284678 0.189511 0.099198
v -0.308100 0.188875 0.102394
v -0.331522 0.188613 0.103712
v -0.354944 0.188535 0.104106
v -0.214412 0.209243 0.073196
v -0.237834 0.209243 0.085401
v -0.261256 0.209243 0.095120
v -0.284678 0.209243 0.101141
v -0.308100 0.209243 0.104400
v -0.331522 0.209243 0.105744
v -0.354944 0.209243 0.106146
v -0.214412 0.223523 0.071789
v -0.237834 0.225904 0.083760
v -0.261256 0.227800 0.093292
v -0.284678 0.228974 0.099198
v -0.308100 0.229610 0.102394
v -0.331522 0.229872 0.103712
v -0.354944 0.229951 0.104106
v -0.214412 0.237254 0.067624
v -0.237834 0.241924 0.078900
v -0.261256 0.245644 0.087879
v -0.284678 0.247948 0.093442
v -0.308100 0.249195 0.096453
v -0.331522 0.249709 0.097695
v -0.354944 0.249863 0.098066
v -0.214412 0.249908 0.060860
v -0.237834 0.256689 0.071008
v -0.261256 0.262089 0.079089
v -0.284678 0.265434 0.084096
v -0.308100 0.267244 0.086805
v -0.331522 0.267991 0.087923
v -0.354944 0.268214 0.088257
v -0.214412 0.261000 0.051757
v -0.237834 0.269630 0.060387
v -0.261256 0.276503 0.067260
v -0.284678 0.280760 0.071518
v -0.308100 0.283065 0.073822
v -0.331522 0.284015 0.074772
v -0.354944 0.284299 0.075056
v -0.214412 0.270103 0.040665
v -0.237834 0.280251 0.047446
v -0.261256 0.288332 0.052846
v -0.284678 0.293339 0.056191
v -0.308100 0.296048 0.058001
v -0.331522 0.297165 0.058748
v -0.354944 0.297500 0.058971
v -0.214412 0.276867 0.028011
v -0.237834 0.288143 0.032681
v -0.261256 0.297122 0.036401
v -0.284678 0.302685 0.038705
v -0.308100 0.305696 0.039952
v -0.331522 0.306937 0.040466
v -0.354944 0.307309 0.040620
v -0.214412 0.281032 0.014280
v -0.237834 0.293003 0.016661
v -0.261256 0.302535 0.018557
v -0.284678 0.308441 0.019732
v -0.308100 0.311637 0.020367
v -0.331522 0.312955 0.020630
v -0.354944 0.313349 0.020708
v -0.214412 0.282438 -0.000000
v -0.237834 0.294643 -0.000000
v -0.261256 0.304363 -0.000000
v -0.284678 0.310384 -0.000000
v -0.308100 0.313643 -0.000000
v -0.331522 0.314987 -0.000000
v -0.354944 0.315389 -0.000000
v -0.214412 0.281032 -0.014280
v -0.237834 0.293003 -0.016661
v -0.261256 0.302535 -0.018557
v -0.284678 0.308441 -0.019732
v -0.308100 0.311637 -0.020367
v -0.331522 0.312955 -0.020630
v -0.354944 0.313349 -0.020708
v -0.214412 0.276867 -0.028011
v -0.237834 0.288143 -0.032681
v -0.261256 0.297122 -0.036401
v -0.284678 0.302685 -0.038705
v -0.308100 0.305696 -0.039952
v -0.331522 0.306937 -0.040466
v -0.354944 0.307309 -0.040620
v -0.214412 0.270103 -0.040665
v -0.237834 0.280251 -0.047446
v -0.261256 0.288332 -0.052846
v -0.284678 0.293339 -0.056191
v -0.308100 0.296048 -0.058001
v -0.331522 0.297165 -0.058748
v -0.354944 0.297500 -0.058971
v -0.214412 0.261000 -0.051757
v -0.237834 0.269630 -0.060387
v -0.261256 0.276503 -0.067260
v -0.284678 0.280760 -0.071518
v -0.308100 0.283065 -0.073822
v -0.331522 0.284015 -0.074772
v -0.354944 0.284299 -0.075056
v -0.214412 0.249908 -0.060860
v -0.237834 0.256689 -0.071008
v -0.261256 0.262089 -0.079089
v -0.284678 0.265434 -0.084096
v -0.308100 0.267244 -0.086805
v -0.331522 0.267991 -0.087923
v -0.354944 0.268214 -0.088257
v -0.214412 0.237254 -0.067624
v -0.237834 0.241924 -0.078900
v -0.261256 0.245644 -0.087879
v -0.284678 0.247948 -0.093442
v -0.308100 0.249195 -0.096453
v -0.331522 0.249709 -0.097695
v -0.354944 0.249863 -0.098066
v -0.214412 0.223523 -0.071789
v -0.237834 0.225904 -0.083760
v -0.261256 0.227800 -0.093292
v -0.284678 0.228974 -0.099198
v -0.308100 0.229610 -0.102394
v -0.331522 0.229872 -0.103712
v -0.354944 0.229951 -0.104106
v -0.247226 0.377700 0.006438
v -0.247226 0.399972 0.006438
v -0.247226 0.377700 -0.006438
v -0.247226 0.399972 -0.006438
v -0.188361 0.377700 0.006438
v -0.188361 0.399972 0.006438
v -0.188361 0.377700 -0.006438
v -0.188361 0.399972 -0.006438
v -2.447353 0.399088 -0.011430
v 0.156973 0.399087 -0.011430
v -2.447353 0.397600 -0.011210
v 0.156973 0.397600 -0.011210
v -2.447353 0.396170 -0.010560
v 0.156973 0.396169 -0.010560
v -2.447353 0.394851 -0.009504
v 0.156973 0.394851 -0.009504
v -2.447353 0.393696 -0.008082
v 0.156973 0.393696 -0.008082
v -2.447353 0.392747 -0.006350
v 0.156973 0.392747 -0.006350
v -2.447353 0.392043 -0.004374
v 0.156973 0.392043 -0.004374
v -2.447353 0.391609 -0.002230
v 0.156973 0.391609 -0.002230
v -2.447353 0.391462 0.000000
v 0.156973 0.391462 0.000000
v -2.447353 0.391609 0.002230
v 0.156973 0.391609 0.002230
v -2.447353 0.392043 0.004374
v 0.156973 0.392043 0.004374
v -2.447353 0.392747 0.006350
v 0.156973 0.392747 0.006350
v -2.447353 0.393696 0.008082
v 0.156973 0.393696 0.008082
v -2.447353 0.394851 0.009504
v 0.156973 0.394851 0.009504
v -2.447353 0.396170 0.010560
v 0.156973 0.396169 0.010560
v -2.447353 0.397600 0.011210
v 0.156973 0.397600 0.011210
v -2.447353 0.399088 0.011430
v 0.156973 0.399087 0.011430
v -2.447353 0.400575 0.011210
v 0.156973 0.400575 0.011210
v -2.447353 0.402006 0.010560
v 0.156973 0.402005 0.010560
v -2.447353 0.403324 0.009504
v 0.156973 0.403324 0.009504
v -2.447353 0.404479 0.008082
v 0.156973 0.404479 0.008082
v -2.447353 0.405428 0.006350
v 0.156973 0.405428 0.006350
v -2.447353 0.406132 0.004374
v 0.156973 0.406132 0.004374
v -2.447353 0.406566 0.002230
v 0.156973 0.406566 0.002230
v -2.447353 0.406713 0.000000
v 0.156973 0.406713 0.000000
v -2.447353 0.406566 -0.002230
v 0.156973 0.406566 -0.002230
v -2.447353 0.406132 -0.004374
v 0.156973 0.406132 -0.004374
v -2.447353 0.405428 -0.006350
v 0.156973 0.405428 -0.006350
v -2.447353 0.404479 -0.008082
v 0.156973 0.404479 -0.008082
v -2.447353 0.403324 -0.009504
v 0.156973 0.403324 -0.009504
v -2.447353 0.402006 -0.010560
v 0.156973 0.402005 -0.010560
v -2.447353 0.400575 -0.011210
v 0.156973 0.400575 -0.011210
v -0.529793 0.377700 0.006438
v -0.529793 0.399972 0.006438
v -0.529793 0.377700 -0.006438
v -0.529793 0.399972 -0.006438
v -0.470928 0.377700 0.006438
v -0.470928 0.399972 0.006438
v -0.470928 0.377700 -0.006438
v -0.470928 0.399972 -0.006438
v -0.805207 0.377700 0.006438
v -0.805207 0.399972 0.006438
v -0.805207 0.377700 -0.006438
v -0.805207 0.399972 -0.006438
v -0.746341 0.377700 0.006438
v -0.746341 0.399972 0.006438
v -0.746341 0.377700 -0.006438
v -0.746341 0.399972 -0.006438
v -1.085985 0.377700 0.006438
v -1.085985 0.399972 0.006438
v -1.085985 0.377700 -0.006438
v -1.085985 0.399972 -0.006438
v -1.027120 0.377700 0.006438
v -1.027120 0.399972 0.006438
v -1.027120 0.377700 -0.006438
v -1.027120 0.399972 -0.006438
v -1.359610 0.377700 0.006438
v -1.359610 0.399972 0.006438
v -1.359610 0.377700 -0.006438
v -1.359610 0.399972 -0.006438
v -1.300745 0.377700 0.006438
v -1.300745 0.399972 0.006438
v -1.300745 0.377700 -0.006438
v -1.300745 0.399972 -0.006438
v -1.626082 0.377700 0.006438
v -1.626082 0.399972 0.006438
v -1.626082 0.377700 -0.006438
v -1.626082 0.399972 -0.006438
v -1.567216 0.377700 0.006438
v -1.567216 0.399972 0.006438
v -1.567216 0.377700 -0.006438
v -1.567216 0.399972 -0.006438
v -1.906860 0.377700 0.006438
v -1.906860 0.399972 0.006438
v -1.906860 0.377700 -0.006438
v -1.906860 0.399972 -0.006438
v -1.847995 0.377700 0.006438
v -1.847995 0.399972 0.006438
v -1.847995 0.377700 -0.006438
v -1.847995 0.399972 -0.006438
v -2.178697 0.377700 0.006438
v -2.178697 0.399972 0.006438
v -2.178697 0.377700 -0.006438
v -2.178697 0.399972 -0.006438
v -2.119831 0.377700 0.006438
v -2.119831 0.399972 0.006438
v -2.119831 0.377700 -0.006438
v -2.119831 0.399972 -0.006438
v -2.439803 0.377700 0.006438
v -2.439803 0.399972 0.006438
v -2.439803 0.377700 -0.006438
v -2.439803 0.399972 -0.006438
v -2.380938 0.377700 0.006438
v -2.380938 0.399972 0.006438
v -2.380938 0.377700 -0.006438
v -2.380938 0.399972 -0.006438
v 0.669175 0.059311 0.013378
v 0.455318 0.154145 0.013378
v 0.669175 0.059311 -0.013378
v 0.455318 0.154145 -0.013378
v 0.699521 0.079803 0.013378
v 0.743798 0.148043 0.013378
v 0.699521 0.079803 -0.013378
v 0.743798 0.148043 -0.013378
v 0.698131 0.039719 -0.013378
v 0.698131 0.039719 0.013378
v 0.709355 0.058428 -0.013378
v 0.709355 0.058428 0.013378
v 0.749638 0.010140 -0.013378
v 0.749638 0.010140 0.013378
v 0.756582 0.029188 -0.013378
v 0.756582 0.029188 0.013378
v 0.797977 0.003019 -0.013378
v 0.797977 0.003019 0.013378
v 0.795664 0.021914 -0.013378
v 0.795664 0.021914 0.013378
v 0.895912 0.010911 -0.013378
v 0.895912 0.010911 0.013378
v 0.885071 0.025440 -0.013378
v 0.885071 0.025440 0.013378
v 0.928105 0.035515 -0.013378
v 0.928105 0.035515 0.013378
v 0.913820 0.050385 -0.013378
v 0.913820 0.050385 0.013378
v 0.941458 0.069185 -0.013378
v 0.941458 0.069185 0.013378
v 0.914909 0.074235 -0.013378
v 0.914909 0.074235 0.013378
v 0.945980 0.101722 -0.013378
v 0.945980 0.101722 0.013378
v 0.902197 0.106772 -0.013378
v 0.902197 0.106772 0.013378
v 0.948515 0.143161 -0.013378
v 0.948515 0.143161 0.013378
v 0.853212 0.145268 -0.013378
v 0.853212 0.145268 0.013378
v 0.639351 0.076394 0.013378
v 0.603643 0.095832 0.013378
v 0.564402 0.115269 0.013378
v 0.513391 0.134707 0.013378
v 0.513391 0.134707 -0.013378
v 0.564402 0.115269 -0.013378
v 0.603643 0.095832 -0.013378
v 0.639351 0.076394 -0.013378
v 0.721930 0.131670 -0.013378
v 0.713685 0.123812 -0.013378
v 0.704589 0.111697 -0.013378
v 0.699750 0.099582 -0.013378
v 0.721930 0.131670 0.013378
v 0.713685 0.123812 0.013378
v 0.704589 0.111697 0.013378
v 0.699750 0.099582 0.013378
v 0.683653 0.049515 0.013378
v 0.703211 0.069116 0.013378
v 0.703211 0.069116 -0.013378
v 0.683653 0.049515 -0.013378
v 0.654263 0.067853 -0.013378
v 0.698818 0.089693 -0.013378
v 0.698818 0.089693 0.013378
v 0.654263 0.067853 0.013378
v 0.717226 0.051568 0.013378
v 0.725097 0.045559 0.013378
v 0.732968 0.040402 0.013378
v 0.740839 0.035813 0.013378
v 0.748711 0.031791 0.013378
v 0.748711 0.031791 -0.013378
v 0.740839 0.035813 -0.013378
v 0.732968 0.040402 -0.013378
v 0.725097 0.045559 -0.013378
v 0.717226 0.051568 -0.013378
v 0.706716 0.033323 -0.013378
v 0.715300 0.027494 -0.013378
v 0.723885 0.022517 -0.013378
v 0.732469 0.017256 -0.013378
v 0.741054 0.013414 -0.013378
v 0.741053 0.013414 0.013378
v 0.732469 0.017256 0.013378
v 0.723885 0.022517 0.013378
v 0.715300 0.027494 0.013378
v 0.706716 0.033323 0.013378
v 0.761723 0.006940 0.013378
v 0.773807 0.004876 0.013378
v 0.785892 0.003380 0.013378
v 0.785894 0.022527 0.013378
v 0.776123 0.023990 0.013378
v 0.766352 0.026305 0.013378
v 0.766352 0.026305 -0.013378
v 0.776123 0.023990 -0.013378
v 0.785894 0.022527 -0.013378
v 0.785892 0.003380 -0.013378
v 0.773807 0.004876 -0.013378
v 0.761723 0.006940 -0.013378
v 0.810565 0.021887 0.013378
v 0.825467 0.021860 0.013378
v 0.840368 0.021832 0.013378
v 0.855269 0.022089 0.013378
v 0.870170 0.022913 0.013378
v 0.870170 0.022913 -0.013378
v 0.855269 0.022089 -0.013378
v 0.840368 0.021832 -0.013378
v 0.825467 0.021860 -0.013378
v 0.810565 0.021887 -0.013378
v 0.814299 0.003672 -0.013378
v 0.830622 0.004325 -0.013378
v 0.846944 0.004978 -0.013378
v 0.863267 0.005631 -0.013378
v 0.879590 0.007136 -0.013378
v 0.879590 0.007136 0.013378
v 0.863267 0.005631 0.013378
v 0.846944 0.004978 0.013378
v 0.830622 0.004325 0.013378
v 0.814299 0.003672 0.013378
v 0.906515 0.017062 0.013378
v 0.913712 0.022362 0.013378
v 0.922611 0.029364 0.013378
v 0.909755 0.044149 0.013378
v 0.902851 0.037913 0.013378
v 0.895380 0.031676 0.013378
v 0.895380 0.031676 -0.013378
v 0.902851 0.037913 -0.013378
v 0.909755 0.044149 -0.013378
v 0.922611 0.029364 -0.013378
v 0.913712 0.022362 -0.013378
v 0.906515 0.017062 -0.013378
v 0.915511 0.056348 0.013378
v 0.915783 0.062310 0.013378
v 0.915488 0.068273 0.013378
v 0.915488 0.068273 -0.013378
v 0.915783 0.062310 -0.013378
v 0.915511 0.056348 -0.013378
v 0.933288 0.043932 -0.013378
v 0.936201 0.052350 -0.013378
v 0.939113 0.060768 -0.013378
v 0.939113 0.060768 0.013378
v 0.936201 0.052350 0.013378
v 0.933288 0.043932 0.013378
v 0.943369 0.077320 -0.013378
v 0.944428 0.085454 -0.013378
v 0.944920 0.093588 -0.013378
v 0.944920 0.093588 0.013378
v 0.944428 0.085454 0.013378
v 0.943369 0.077320 0.013378
v 0.908497 0.098638 0.013378
v 0.912242 0.090504 0.013378
v 0.914001 0.082370 0.013378
v 0.914001 0.082370 -0.013378
v 0.912242 0.090504 -0.013378
v 0.908497 0.098638 -0.013378
v 0.946614 0.112082 -0.013378
v 0.946964 0.122442 -0.013378
v 0.947881 0.132801 -0.013378
v 0.947881 0.132801 0.013378
v 0.946964 0.122442 0.013378
v 0.946614 0.112082 0.013378
v 0.853821 0.135644 0.013378
v 0.873447 0.126020 0.013378
v 0.889951 0.116396 0.013378
v 0.889951 0.116396 -0.013378
v 0.873447 0.126020 -0.013378
v 0.853822 0.135644 -0.013378
v 0.847029 0.037782 0.007966
v 0.843125 0.140320 0.007966
v 0.847029 0.037782 -0.007966
v 0.843125 0.140320 -0.007966
v 0.856177 0.037782 0.007966
v 0.888457 0.140320 0.007966
v 0.856177 0.037782 -0.007966
v 0.888457 0.140320 -0.007966
v 0.863353 0.070845 0.007966
v 0.864919 0.088214 0.007966
v 0.863883 0.105583 0.007966
v 0.858826 0.122951 0.007966
v 0.858826 0.122951 -0.007966
v 0.863883 0.105583 -0.007966
v 0.864919 0.088214 -0.007966
v 0.863353 0.070845 -0.007966
v 0.888249 0.122951 -0.007966
v 0.888597 0.105583 -0.007966
v 0.886601 0.088214 -0.007966
v 0.882576 0.070845 -0.007966
v 0.888249 0.122951 0.007966
v 0.888597 0.105583 0.007966
v 0.886601 0.088214 0.007966
v 0.882576 0.070845 0.007966
v 0.858052 0.054313 -0.007966
v 0.873464 0.054313 -0.007966
v 0.873464 0.054313 0.007966
v 0.858052 0.054313 0.007966
vn -0.0000 -0.0980 -0.9952
vn -0.0000 -0.2903 -0.9569
vn -0.0000 -0.4714 -0.8819
vn -0.0000 -0.6344 -0.7730
vn -0.0000 -0.7730 -0.6344
vn -0.0000 -0.8819 -0.4714
vn -0.0000 -0.9569 -0.2903
vn -0.0000 -0.9952 -0.0980
vn -0.0000 -0.9952 0.0980
vn -0.0000 -0.9569 0.2903
vn -0.0000 -0.8819 0.4714
vn -0.0000 -0.7730 0.6344
vn -0.0000 -0.6344 0.7730
vn -0.0000 -0.4714 0.8819
vn -0.0000 -0.2903 0.9569
vn -0.0000 -0.0980 0.9952
vn -0.0000 0.0980 0.9952
vn -0.0000 0.2903 0.9569
vn -0.0000 0.4714 0.8819
vn -0.0000 0.6344 0.7730
vn -0.0000 0.7730 0.6344
vn -0.0000 0.8819 0.4714
vn -0.0000 0.9569 0.2903
vn -0.0000 0.9952 0.0980
vn -0.0000 0.9952 -0.0980
vn -0.0000 0.9569 -0.2903
vn -0.0000 0.8819 -0.4714
vn -0.0000 0.7730 -0.6344
vn -0.0000 0.6344 -0.7730
vn -0.0000 0.4714 -0.8819
vn 1.0000 -0.0000 -0.0000
vn -0.0000 0.2903 -0.9569
vn -0.0000 0.0980 -0.9952
vn -1.0000 -0.0000 -0.0000
vn 0.2228 0.3088 -0.9247
vn 1.0000 -0.0096 -0.0000
vn -0.0000 0.5844 0.8115
vn 0.3559 -0.9345 -0.0000
vn -0.0000 1.0000 -0.0000
vn -0.2540 0.9672 -0.0000
vn 0.3549 -0.9349 -0.0000
vn -0.1230 0.4666 0.8759
vn -0.0774 0.4658 -0.8815
vn -0.0000 0.5844 -0.8115
vn 0.0045 0.5879 -0.8089
vn 0.0003 0.5901 -0.8073
vn 0.0016 0.5820 -0.8132
vn 0.1406 0.5372 -0.8316
vn 0.3210 0.6322 -0.7052
vn -0.0013 -1.0000 -0.0000
vn 0.0173 -0.9999 -0.0000
vn -0.0106 -0.9999 -0.0000
vn -0.0478 -0.9989 -0.0000
vn -0.0546 -0.9985 -0.0000
vn -0.3396 -0.9406 -0.0000
vn 0.4810 0.8767 -0.0000
vn 0.3641 0.9314 -0.0000
vn 0.1239 0.9923 -0.0000
vn 0.0093 1.0000 -0.0000
vn 0.3482 0.6290 0.6951
vn 0.1918 0.5898 0.7845
vn 0.0924 0.5490 0.8307
vn 0.0016 0.5820 0.8132
vn 0.0003 0.5901 0.8073
vn 0.0045 0.5879 0.8089
vn 0.0546 0.3151 0.9475
vn 0.0453 0.3456 0.9373
vn 0.0498 0.3815 0.9230
vn 0.0455 0.4247 0.9042
vn 0.0455 0.4797 0.8763
vn 0.0285 0.5083 0.8607
vn 0.1537 0.9881 -0.0000
vn 0.1084 0.9941 -0.0000
vn 0.0856 0.9963 -0.0000
vn 0.0741 0.9973 -0.0000
vn 0.0625 0.9980 -0.0000
vn 0.2703 -0.9628 -0.0000
vn -0.2664 -0.9639 -0.0000
vn -0.4281 -0.9037 -0.0000
vn -0.4107 -0.9118 -0.0000
vn -0.4533 -0.8914 -0.0000
vn 0.0035 0.4905 -0.8714
vn 0.0379 0.5036 -0.8631
vn 0.0440 0.4510 -0.8915
vn 0.0431 0.4021 -0.9146
vn 0.0473 0.3628 -0.9306
vn 0.0436 0.3290 -0.9433
vn -0.0296 0.4747 -0.8796
vn 0.0035 0.4905 0.8714
vn 0.0251 0.9997 -0.0000
vn 0.0285 0.5083 -0.8607
vn 0.0486 -0.9988 -0.0000
vn 0.0379 0.5036 0.8631
vn 0.0455 0.4797 -0.8763
vn -0.3929 -0.9196 -0.0000
vn 0.0440 0.4510 0.8915
vn 0.0455 0.4247 -0.9042
vn 0.0431 0.4021 0.9146
vn 0.0498 0.3815 -0.9230
vn 0.0473 0.3628 0.9306
vn 0.0453 0.3456 -0.9373
vn -0.4366 -0.8997 -0.0000
vn 0.0436 0.3290 0.9433
vn 0.2002 0.9798 -0.0000
vn 0.0635 0.3092 0.9489
vn -0.4229 -0.9062 -0.0000
vn 0.0546 0.3151 -0.9475
vn 0.2228 0.3088 0.9247
vn 0.6188 0.7855 -0.0000
vn -0.2183 -0.9759 -0.0000
vn 0.0635 0.3092 -0.9489
vn 0.0477 0.4579 0.8877
vn 0.4128 0.5324 0.7391
vn 0.3519 0.6103 0.7097
vn 0.1330 0.9911 -0.0000
vn 0.5293 0.8485 -0.0000
vn 0.3489 0.6236 -0.6996
vn 0.3524 0.5846 -0.7308
vn 0.0872 0.4525 -0.8875
vn -0.5908 -0.8069 -0.0000
vn -0.8277 -0.5612 -0.0000
vn -0.4277 -0.9039 -0.0000
vn -0.9549 -0.2971 -0.0000
vn -0.9913 -0.1313 -0.0000
vn -0.7972 -0.6037 -0.0000
vn 0.4128 0.5324 -0.7391
vn 0.4652 0.4520 -0.7611
vn 0.2347 0.4480 -0.8627
vn 0.1726 0.9850 -0.0000
vn 0.4285 0.9035 -0.0000
vn 0.0872 0.4525 0.8875
vn 0.2347 0.4480 0.8627
vn 0.4652 0.4520 0.7611
vn 0.3210 0.6322 0.7052
vn 0.2872 0.6305 0.7211
vn 0.2379 0.6321 0.7375
vn 0.2465 0.6211 0.7439
vn 0.4591 0.8884 -0.0000
vn 0.4202 0.9074 -0.0000
vn 0.3571 0.9341 -0.0000
vn 0.3787 0.9255 -0.0000
vn -0.1443 -0.9895 -0.0000
vn -0.1958 -0.9807 -0.0000
vn -0.2699 -0.9629 -0.0000
vn -0.3169 -0.9484 -0.0000
vn 0.1918 0.5898 -0.7845
vn 0.2465 0.6211 -0.7439
vn 0.2379 0.6321 -0.7375
vn 0.2872 0.6305 -0.7211
vn -0.7163 -0.6978 -0.0000
vn 0.3519 0.6103 -0.7097
vn 0.3524 0.5846 0.7308
vn -0.5346 -0.8451 -0.0000
vn 0.3482 0.6290 -0.6951
vn 0.3489 0.6236 0.6996
vn -0.1511 0.9885 -0.0000
vn -0.0774 0.4658 0.8815
vn 0.0477 0.4579 -0.8877
vn -0.1230 0.4666 -0.8759
vn -0.1064 0.4685 -0.8771
vn -0.0296 0.4747 0.8796
vn -0.1064 0.4685 0.8771
vn -0.0488 0.9988 -0.0000
vn -0.2183 0.9759 -0.0000
vn 0.1191 -0.4297 0.8951
vn 0.1152 -0.4336 0.8937
vn 0.1191 -0.4297 -0.8951
vn 0.1199 -0.4288 -0.8954
vn 0.1441 -0.4163 -0.8977
vn 0.1547 -0.4239 0.8924
vn -0.4106 -0.5702 0.7115
vn -0.3679 -0.5867 -0.7214
vn -0.6368 -0.4501 0.6260
vn -0.5200 -0.5224 -0.6758
vn -0.2071 -0.6045 -0.7692
vn -0.1725 -0.6012 -0.7803
vn -0.1270 -0.5954 -0.7933
vn -0.0905 -0.5872 -0.8044
vn -0.1270 -0.5954 0.7933
vn -0.1725 -0.6012 0.7803
vn -0.2071 -0.6045 0.7692
vn -0.2269 -0.6111 0.7583
vn -0.9580 -0.1350 0.2528
vn -0.4719 -0.3729 0.7989
vn -0.1858 -0.4094 0.8932
vn -0.4719 -0.3729 -0.7989
vn -0.9580 -0.1350 -0.2528
vn -0.8559 -0.2810 -0.4341
vn -0.1858 -0.4094 -0.8932
vn -0.6368 -0.4501 -0.6260
vn -0.4106 -0.5702 -0.7115
vn -0.5200 -0.5224 0.6758
vn -0.8559 -0.2810 0.4341
vn 0.1441 -0.4163 0.8977
vn -0.0624 -0.2805 -0.9578
vn 0.0872 -0.2887 0.9534
vn -0.1266 -0.2840 -0.9504
vn -0.0624 -0.2805 0.9578
vn -0.1429 -0.2961 0.9444
vn -0.1434 -0.3113 -0.9394
vn -0.1472 -0.3271 0.9334
vn -0.1548 -0.3441 -0.9261
vn -0.1550 -0.3631 0.9188
vn -0.1637 -0.3837 -0.9088
vn -0.1822 -0.4070 0.8951
vn -0.1757 -0.4346 -0.8833
vn -0.1210 -0.4611 0.8791
vn 0.0194 -0.4687 -0.8831
vn 0.1170 -0.4484 0.8862
vn 0.1152 -0.4336 -0.8937
vn -0.1429 -0.2961 -0.9444
vn -0.1472 -0.3271 -0.9334
vn -0.1550 -0.3631 -0.9188
vn -0.1822 -0.4070 -0.8951
vn -0.1210 -0.4611 -0.8791
vn 0.1170 -0.4484 -0.8862
vn 0.0194 -0.4687 0.8831
vn -0.1757 -0.4346 0.8833
vn -0.1637 -0.3837 0.9088
vn -0.1548 -0.3441 0.9261
vn -0.1434 -0.3113 0.9394
vn -0.1266 -0.2840 0.9504
vn 0.0085 -0.5469 0.8372
vn -0.0055 -0.5491 0.8357
vn -0.0242 -0.5409 0.8407
vn -0.0358 -0.5402 0.8408
vn -0.0905 -0.5872 0.8044
vn -0.3679 -0.5867 0.7214
vn -0.2269 -0.6111 -0.7583
vn -0.0383 -0.5784 -0.8148
vn -0.0242 -0.5409 -0.8407
vn -0.0055 -0.5491 -0.8357
vn 0.0085 -0.5469 -0.8372
vn -0.0007 -0.5434 -0.8395
vn 0.1547 -0.4239 -0.8924
vn 0.1199 -0.4288 0.8954
vn -0.0007 -0.5434 0.8395
vn 0.0872 -0.2887 -0.9534
vn -0.0000 -0.0000 1.0000
vn -0.0000 -0.0000 -1.0000
vn -0.0358 -0.5402 -0.8408
vn -0.0366 -0.5525 -0.8327
vn -0.0375 -0.5652 -0.8241
vn -0.0383 -0.5784 0.8148
vn -0.0375 -0.5652 0.8241
vn -0.0366 -0.5525 0.8327
vn 0.1406 0.5372 0.8316
vn 0.1130 0.5090 0.8533
vn 0.0978 0.5154 0.8514
vn 0.2976 0.9547 -0.0000
vn 0.2264 0.9740 -0.0000
vn 0.1656 0.9862 -0.0000
vn 0.0924 0.5490 -0.8307
vn 0.0978 0.5154 -0.8514
vn 0.1130 0.5090 -0.8533
vn 0.6983 -0.0702 -0.7123
vn 0.6983 -0.2078 -0.6849
vn 0.6983 -0.3374 -0.6313
vn 0.6983 -0.4541 -0.5533
vn 0.6983 -0.5533 -0.4541
vn 0.6983 -0.6313 -0.3374
vn 0.6983 -0.6849 -0.2078
vn 0.6983 -0.7123 -0.0702
vn 0.6983 -0.7123 0.0702
vn 0.6983 -0.6849 0.2078
vn 0.6983 -0.6313 0.3374
vn 0.6983 -0.5533 0.4541
vn 0.6983 -0.4541 0.5533
vn 0.6983 -0.3374 0.6313
vn 0.6983 -0.2078 0.6849
vn 0.6983 -0.0702 0.7123
vn 0.6983 0.0702 0.7123
vn 0.6983 0.2078 0.6849
vn 0.6983 0.3374 0.6313
vn 0.6983 0.4541 0.5533
vn 0.6983 0.5533 0.4541
vn 0.6983 0.6313 0.3374
vn 0.6983 0.6849 0.2078
vn 0.6983 0.7123 0.0702
vn 0.6983 0.7123 -0.0702
vn 0.6983 0.6849 -0.2078
vn 0.6983 0.6313 -0.3374
vn 0.6983 0.5533 -0.4541
vn 0.6983 0.4541 -0.5533
vn 0.6983 0.3374 -0.6313
vn 0.6983 0.2078 -0.6849
vn 0.6983 0.0702 -0.7123
vn -0.0063 0.0980 -0.9952
vn -0.0063 0.2903 -0.9569
vn -0.0063 0.4714 -0.8819
vn -0.0063 0.6344 -0.7730
vn -0.0063 0.7730 -0.6344
vn -0.0063 0.8819 -0.4714
vn -0.0063 0.9569 -0.2903
vn -0.0063 0.9952 -0.0980
vn -0.0063 0.9952 0.0980
vn -0.0063 0.9569 0.2903
vn -0.0063 0.8819 0.4714
vn -0.0063 0.7730 0.6344
vn -0.0063 0.6344 0.7730
vn -0.0063 0.4714 0.8819
vn -0.0063 0.2903 0.9569
vn -0.0063 0.0980 0.9952
vn -0.0063 -0.0980 0.9952
vn -0.0063 -0.2903 0.9569
vn -0.0063 -0.4714 0.8819
vn -0.0063 -0.6344 0.7730
vn -0.0063 -0.7730 0.6344
vn -0.0063 -0.8819 0.4714
vn -0.0063 -0.9569 0.2903
vn -0.0063 -0.9952 0.0980
vn -0.0063 -0.9952 -0.0980
vn -0.0063 -0.9569 -0.2903
vn -0.0063 -0.8819 -0.4714
vn -0.0063 -0.7730 -0.6344
vn -0.0063 -0.6344 -0.7730
vn -0.0063 -0.4714 -0.8819
vn -0.0063 -0.2903 -0.9569
vn -0.0063 -0.0980 -0.9952
vn -0.8598 -0.0500 -0.5081
vn -0.5899 -0.0791 -0.8036
vn -0.4111 -0.0894 -0.9072
vn -0.3096 -0.0932 -0.9463
vn -0.3067 -0.0933 -0.9472
vn -0.2785 -0.0941 -0.9558
vn -0.1406 -0.0970 -0.9853
vn -0.0803 -0.0977 -0.9920
vn -0.8598 -0.1482 -0.4886
vn -0.5899 -0.2344 -0.7727
vn -0.4111 -0.2646 -0.8723
vn -0.3096 -0.2760 -0.9099
vn -0.3067 -0.2763 -0.9108
vn -0.2785 -0.2788 -0.9191
vn -0.1406 -0.2874 -0.9474
vn -0.0803 -0.2893 -0.9539
vn -0.8598 -0.2407 -0.4503
vn -0.5899 -0.3807 -0.7122
vn -0.4111 -0.4297 -0.8039
vn -0.3096 -0.4482 -0.8386
vn -0.3067 -0.4487 -0.8394
vn -0.2785 -0.4527 -0.8470
vn -0.1406 -0.4667 -0.8732
vn -0.0803 -0.4699 -0.8791
vn -0.8598 -0.3239 -0.3947
vn -0.5899 -0.5123 -0.6242
vn -0.4111 -0.5783 -0.7047
vn -0.3096 -0.6032 -0.7350
vn -0.3067 -0.6038 -0.7358
vn -0.2785 -0.6093 -0.7424
vn -0.1406 -0.6281 -0.7653
vn -0.0803 -0.6323 -0.7705
vn -0.8598 -0.3947 -0.3239
vn -0.5899 -0.6242 -0.5123
vn -0.4111 -0.7047 -0.5783
vn -0.3096 -0.7350 -0.6032
vn -0.3067 -0.7358 -0.6038
vn -0.2785 -0.7424 -0.6093
vn -0.1406 -0.7653 -0.6281
vn -0.0803 -0.7705 -0.6323
vn -0.8598 -0.4503 -0.2407
vn -0.5899 -0.7122 -0.3807
vn -0.4111 -0.8039 -0.4297
vn -0.3096 -0.8386 -0.4482
vn -0.3067 -0.8394 -0.4487
vn -0.2785 -0.8470 -0.4527
vn -0.1406 -0.8732 -0.4667
vn -0.0803 -0.8791 -0.4699
vn -0.8598 -0.4886 -0.1482
vn -0.5899 -0.7727 -0.2344
vn -0.4111 -0.8723 -0.2646
vn -0.3096 -0.9099 -0.2760
vn -0.3067 -0.9108 -0.2763
vn -0.2785 -0.9191 -0.2788
vn -0.1406 -0.9474 -0.2874
vn -0.0803 -0.9539 -0.2893
vn -0.8598 -0.5081 -0.0500
vn -0.5899 -0.8036 -0.0791
vn -0.4111 -0.9072 -0.0894
vn -0.3096 -0.9463 -0.0932
vn -0.3067 -0.9472 -0.0933
vn -0.2785 -0.9558 -0.0941
vn -0.1406 -0.9853 -0.0970
vn -0.0803 -0.9920 -0.0977
vn -0.8598 -0.5081 0.0500
vn -0.5899 -0.8036 0.0791
vn -0.4111 -0.9072 0.0894
vn -0.3096 -0.9463 0.0932
vn -0.3067 -0.9472 0.0933
vn -0.2785 -0.9558 0.0941
vn -0.1406 -0.9853 0.0970
vn -0.0803 -0.9920 0.0977
vn -0.8598 -0.4886 0.1482
vn -0.5899 -0.7727 0.2344
vn -0.4111 -0.8723 0.2646
vn -0.3096 -0.9099 0.2760
vn -0.3067 -0.9108 0.2763
vn -0.2785 -0.9191 0.2788
vn -0.1406 -0.9474 0.2874
vn -0.0803 -0.9539 0.2893
vn -0.8598 -0.4503 0.2407
vn -0.5899 -0.7122 0.3807
vn -0.4111 -0.8039 0.4297
vn -0.3096 -0.8386 0.4482
vn -0.3067 -0.8394 0.4487
vn -0.2785 -0.8470 0.4527
vn -0.1406 -0.8732 0.4667
vn -0.0803 -0.8791 0.4699
vn -0.8598 -0.3947 0.3239
vn -0.5899 -0.6242 0.5123
vn -0.4111 -0.7047 0.5783
vn -0.3096 -0.7350 0.6032
vn -0.3067 -0.7358 0.6038
vn -0.2785 -0.7424 0.6093
vn -0.1406 -0.7653 0.6281
vn -0.0803 -0.7705 0.6323
vn -0.8598 -0.3239 0.3947
vn -0.5899 -0.5123 0.6242
vn -0.4111 -0.5783 0.7047
vn -0.3096 -0.6032 0.7350
vn -0.3067 -0.6038 0.7358
vn -0.2785 -0.6093 0.7424
vn -0.1406 -0.6281 0.7653
vn -0.0803 -0.6323 0.7705
vn -0.8598 -0.2407 0.4503
vn -0.5899 -0.3807 0.7122
vn -0.4111 -0.4297 0.8039
vn -0.3096 -0.4482 0.8386
vn -0.3067 -0.4487 0.8394
vn -0.2785 -0.4527 0.8470
vn -0.1406 -0.4667 0.8732
vn -0.0803 -0.4699 0.8791
vn -0.8598 -0.1482 0.4886
vn -0.5899 -0.2344 0.7727
vn -0.4111 -0.2646 0.8723
vn -0.3096 -0.2760 0.9099
vn -0.3067 -0.2763 0.9108
vn -0.2785 -0.2788 0.9191
vn -0.1406 -0.2874 0.9474
vn -0.0803 -0.2893 0.9539
vn -0.8598 -0.0500 0.5081
vn -0.5899 -0.0791 0.8036
vn -0.4111 -0.0894 0.9072
vn -0.3096 -0.0932 0.9463
vn -0.3067 -0.0933 0.9472
vn -0.2785 -0.0941 0.9558
vn -0.1406 -0.0970 0.9853
vn -0.0803 -0.0977 0.9920
vn -0.8598 0.0500 0.5081
vn -0.5899 0.0791 0.8036
vn -0.4111 0.0894 0.9072
vn -0.3096 0.0932 0.9463
vn -0.3067 0.0933 0.9472
vn -0.2785 0.0941 0.9558
vn -0.1406 0.0970 0.9853
vn -0.0803 0.0977 0.9920
vn -0.8598 0.1482 0.4886
vn -0.5899 0.2344 0.7727
vn -0.4111 0.2646 0.8723
vn -0.3096 0.2760 0.9099
vn -0.3067 0.2763 0.9108
vn -0.2785 0.2788 0.9191
vn -0.1406 0.2874 0.9474
vn -0.0803 0.2893 0.9539
vn -0.8598 0.2407 0.4503
vn -0.5899 0.3807 0.7122
vn -0.4111 0.4297 0.8039
vn -0.3096 0.4482 0.8386
vn -0.3067 0.4487 0.8394
vn -0.2785 0.4527 0.8470
vn -0.1406 0.4667 0.8732
vn -0.0803 0.4699 0.8791
vn -0.8598 0.3239 0.3947
vn -0.5899 0.5123 0.6242
vn -0.4111 0.5783 0.7047
vn -0.3096 0.6032 0.7350
vn -0.3067 0.6038 0.7358
vn -0.2785 0.6093 0.7424
vn -0.1406 0.6281 0.7653
vn -0.0803 0.6323 0.7705
vn -0.8598 0.3947 0.3239
vn -0.5899 0.6242 0.5123
vn -0.4111 0.7047 0.5783
vn -0.3096 0.7350 0.6032
vn -0.3067 0.7358 0.6038
vn -0.2785 0.7424 0.6093
vn -0.1406 0.7653 0.6281
vn -0.0803 0.7705 0.6323
vn -0.8598 0.4503 0.2407
vn -0.5899 0.7122 0.3807
vn -0.4111 0.8039 0.4297
vn -0.3096 0.8386 0.4482
vn -0.3067 0.8394 0.4487
vn -0.2785 0.8470 0.4527
vn -0.1406 0.8732 0.4667
vn -0.0803 0.8791 0.4699
vn -0.8598 0.4886 0.1482
vn -0.5899 0.7727 0.2344
vn -0.4111 0.8723 0.2646
vn -0.3096 0.9099 0.2760
vn -0.3067 0.9108 0.2763
vn -0.2785 0.9191 0.2788
vn -0.1406 0.9474 0.2874
vn -0.0803 0.9539 0.2893
vn -0.8598 0.5081 0.0500
vn -0.5899 0.8036 0.0791
vn -0.4111 0.9072 0.0894
vn -0.3096 0.9463 0.0932
vn -0.3067 0.9472 0.0933
vn -0.2785 0.9558 0.0941
vn -0.1406 0.9853 0.0970
vn -0.0803 0.9920 0.0977
vn -0.8598 0.5081 -0.0500
vn -0.5899 0.8036 -0.0791
vn -0.4111 0.9072 -0.0894
vn -0.3096 0.9463 -0.0932
vn -0.3067 0.9472 -0.0933
vn -0.2785 0.9558 -0.0941
vn -0.1406 0.9853 -0.0970
vn -0.0803 0.9920 -0.0977
vn -0.8598 0.4886 -0.1482
vn -0.5899 0.7727 -0.2344
vn -0.4111 0.8723 -0.2646
vn -0.3096 0.9099 -0.2760
vn -0.3067 0.9108 -0.2763
vn -0.2785 0.9191 -0.2788
vn -0.1406 0.9474 -0.2874
vn -0.0803 0.9539 -0.2893
vn -0.8598 0.4503 -0.2407
vn -0.5899 0.7122 -0.3807
vn -0.4111 0.8039 -0.4297
vn -0.3096 0.8386 -0.4482
vn -0.3067 0.8394 -0.4487
vn -0.2785 0.8470 -0.4527
vn -0.1406 0.8732 -0.4667
vn -0.0803 0.8791 -0.4699
vn -0.8598 0.3947 -0.3239
vn -0.5899 0.6242 -0.5123
vn -0.4111 0.7047 -0.5783
vn -0.3096 0.7350 -0.6032
vn -0.3067 0.7358 -0.6038
vn -0.2785 0.7424 -0.6093
vn -0.1406 0.7653 -0.6281
vn -0.0803 0.7705 -0.6323
vn -0.8598 0.3239 -0.3947
vn -0.5899 0.5123 -0.6242
vn -0.4111 0.5783 -0.7047
vn -0.3096 0.6032 -0.7350
vn -0.3067 0.6038 -0.7358
vn -0.2785 0.6093 -0.7424
vn -0.1406 0.6281 -0.7653
vn -0.0803 0.6323 -0.7705
vn -0.8598 0.2407 -0.4503
vn -0.5899 0.3807 -0.7122
vn -0.4111 0.4297 -0.8039
vn -0.3096 0.4482 -0.8386
vn -0.3067 0.4487 -0.8394
vn -0.2785 0.4527 -0.8470
vn -0.1406 0.4667 -0.8732
vn -0.0803 0.4699 -0.8791
vn -0.8598 0.1482 -0.4886
vn -0.5899 0.2344 -0.7727
vn -0.4111 0.2646 -0.8723
vn -0.3096 0.2760 -0.9099
vn -0.3067 0.2763 -0.9108
vn -0.2785 0.2788 -0.9191
vn -0.1406 0.2874 -0.9474
vn -0.0803 0.2893 -0.9539
vn -0.8598 0.0500 -0.5081
vn -0.5899 0.0791 -0.8036
vn -0.4111 0.0894 -0.9072
vn -0.3096 0.0932 -0.9463
vn -0.3067 0.0933 -0.9472
vn -0.2785 0.0941 -0.9558
vn -0.1406 0.0970 -0.9853
vn -0.0803 0.0977 -0.9920
vn 0.0015 0.0980 -0.9952
vn 0.0171 0.0980 -0.9950
vn 0.0570 0.0979 -0.9936
vn 0.1371 0.0971 -0.9858
vn 0.2479 0.0950 -0.9641
vn 0.3817 0.0906 -0.9198
vn 0.4604 0.0870 -0.8835
vn 0.0015 0.2903 -0.9569
vn 0.0171 0.2902 -0.9568
vn 0.0570 0.2898 -0.9554
vn 0.1371 0.2875 -0.9479
vn 0.2479 0.2812 -0.9271
vn 0.3817 0.2683 -0.8845
vn 0.4604 0.2577 -0.8495
vn 0.0015 0.4714 -0.8819
vn 0.0171 0.4713 -0.8818
vn 0.0570 0.4706 -0.8805
vn 0.1371 0.4669 -0.8736
vn 0.2479 0.4567 -0.8544
vn 0.3817 0.4357 -0.8152
vn 0.4604 0.4185 -0.7829
vn 0.0015 0.6344 -0.7730
vn 0.0171 0.6343 -0.7729
vn 0.0570 0.6334 -0.7718
vn 0.1371 0.6284 -0.7657
vn 0.2479 0.6146 -0.7489
vn 0.3817 0.5864 -0.7145
vn 0.4604 0.5632 -0.6862
vn 0.0015 0.7730 -0.6344
vn 0.0171 0.7729 -0.6343
vn 0.0570 0.7718 -0.6334
vn 0.1371 0.7657 -0.6284
vn 0.2479 0.7489 -0.6146
vn 0.3817 0.7145 -0.5864
vn 0.4604 0.6862 -0.5632
vn 0.0015 0.8819 -0.4714
vn 0.0171 0.8818 -0.4713
vn 0.0570 0.8805 -0.4706
vn 0.1371 0.8736 -0.4669
vn 0.2479 0.8544 -0.4567
vn 0.3817 0.8151 -0.4357
vn 0.4604 0.7829 -0.4185
vn 0.0015 0.9569 -0.2903
vn 0.0171 0.9568 -0.2902
vn 0.0570 0.9554 -0.2898
vn 0.1371 0.9479 -0.2875
vn 0.2479 0.9271 -0.2812
vn 0.3817 0.8845 -0.2683
vn 0.4604 0.8495 -0.2577
vn 0.0015 0.9952 -0.0980
vn 0.0171 0.9950 -0.0980
vn 0.0570 0.9936 -0.0979
vn 0.1371 0.9858 -0.0971
vn 0.2479 0.9641 -0.0950
vn 0.3817 0.9198 -0.0906
vn 0.4604 0.8835 -0.0870
vn 0.0015 0.9952 0.0980
vn 0.0171 0.9950 0.0980
vn 0.0570 0.9936 0.0979
vn 0.1371 0.9858 0.0971
vn 0.2479 0.9641 0.0950
vn 0.3817 0.9198 0.0906
vn 0.4604 0.8835 0.0870
vn 0.0015 0.9569 0.2903
vn 0.0171 0.9568 0.2902
vn 0.0570 0.9554 0.2898
vn 0.1371 0.9479 0.2875
vn 0.2479 0.9271 0.2812
vn 0.3817 0.8845 0.2683
vn 0.4604 0.8495 0.2577
vn 0.0015 0.8819 0.4714
vn 0.0171 0.8818 0.4713
vn 0.0570 0.8805 0.4706
vn 0.1371 0.8736 0.4669
vn 0.2479 0.8544 0.4567
vn 0.3817 0.8152 0.4357
vn 0.4604 0.7829 0.4185
vn 0.0015 0.7730 0.6344
vn 0.0171 0.7729 0.6343
vn 0.0570 0.7718 0.6334
vn 0.1371 0.7657 0.6284
vn 0.2479 0.7489 0.6146
vn 0.3817 0.7145 0.5864
vn 0.4604 0.6862 0.5632
vn 0.0015 0.6344 0.7730
vn 0.0171 0.6343 0.7729
vn 0.0570 0.6334 0.7718
vn 0.1371 0.6284 0.7657
vn 0.2479 0.6146 0.7489
vn 0.3817 0.5864 0.7145
vn 0.4604 0.5632 0.6862
vn 0.0015 0.4714 0.8819
vn 0.0171 0.4713 0.8818
vn 0.0570 0.4706 0.8805
vn 0.1371 0.4669 0.8736
vn 0.2479 0.4567 0.8544
vn 0.3817 0.4357 0.8152
vn 0.4604 0.4185 0.7829
vn 0.0015 0.2903 0.9569
vn 0.0171 0.2902 0.9568
vn 0.0570 0.2898 0.9554
vn 0.1371 0.2875 0.9479
vn 0.2479 0.2812 0.9271
vn 0.3817 0.2683 0.8845
vn 0.4604 0.2577 0.8495
vn 0.0015 0.0980 0.9952
vn 0.0171 0.0980 0.9950
vn 0.0570 0.0979 0.9936
vn 0.1371 0.0971 0.9858
vn 0.2479 0.0950 0.9641
vn 0.3817 0.0906 0.9198
vn 0.4604 0.0870 0.8835
vn 0.0015 -0.0980 0.9952
vn 0.0171 -0.0980 0.9950
vn 0.0570 -0.0979 0.9936
vn 0.1371 -0.0971 0.9858
vn 0.2479 -0.0950 0.9641
vn 0.3817 -0.0906 0.9198
vn 0.4604 -0.0870 0.8835
vn 0.0015 -0.2903 0.9569
vn 0.0171 -0.2902 0.9568
vn 0.0570 -0.2898 0.9554
vn 0.1371 -0.2875 0.9479
vn 0.2479 -0.2812 0.9271
vn 0.3817 -0.2683 0.8845
vn 0.4604 -0.2577 0.8495
vn 0.0015 -0.4714 0.8819
vn 0.0171 -0.4713 0.8818
vn 0.0570 -0.4706 0.8805
vn 0.1371 -0.4669 0.8736
vn 0.2479 -0.4567 0.8544
vn 0.3817 -0.4357 0.8152
vn 0.4604 -0.4185 0.7829
vn 0.0015 -0.6344 0.7730
vn 0.0171 -0.6343 0.7729
vn 0.0570 -0.6334 0.7718
vn 0.1371 -0.6284 0.7657
vn 0.2479 -0.6146 0.7489
vn 0.3817 -0.5864 0.7145
vn 0.4604 -0.5632 0.6862
vn 0.0015 -0.7730 0.6344
vn 0.0171 -0.7729 0.6343
vn 0.0570 -0.7718 0.6334
vn 0.1371 -0.7657 0.6284
vn 0.2479 -0.7489 0.6146
vn 0.3817 -0.7145 0.5864
vn 0.4604 -0.6862 0.5632
vn 0.0015 -0.8819 0.4714
vn 0.0171 -0.8818 0.4713
vn 0.0570 -0.8805 0.4706
vn 0.1371 -0.8736 0.4669
vn 0.2479 -0.8544 0.4567
vn 0.3817 -0.8152 0.4357
vn 0.4604 -0.7829 0.4185
vn 0.0015 -0.9569 0.2903
vn 0.0171 -0.9568 0.2902
vn 0.0570 -0.9554 0.2898
vn 0.1371 -0.9479 0.2875
vn 0.2479 -0.9271 0.2812
vn 0.3817 -0.8845 0.2683
vn 0.4604 -0.8495 0.2577
vn 0.0015 -0.9952 0.0980
vn 0.0171 -0.9950 0.0980
vn 0.0570 -0.9936 0.0979
vn 0.1371 -0.9858 0.0971
vn 0.2479 -0.9641 0.0950
vn 0.3817 -0.9198 0.0906
vn 0.4604 -0.8835 0.0870
vn 0.0015 -0.9952 -0.0980
vn 0.0171 -0.9950 -0.0980
vn 0.0570 -0.9936 -0.0979
vn 0.1371 -0.9858 -0.0971
vn 0.2479 -0.9641 -0.0950
vn 0.3817 -0.9198 -0.0906
vn 0.4604 -0.8835 -0.0870
vn 0.0015 -0.9569 -0.2903
vn 0.0171 -0.9568 -0.2902
vn 0.0570 -0.9554 -0.2898
vn 0.1371 -0.9479 -0.2875
vn 0.2479 -0.9271 -0.2812
vn 0.3817 -0.8845 -0.2683
vn 0.4604 -0.8495 -0.2577
vn 0.0015 -0.8819 -0.4714
vn 0.0171 -0.8818 -0.4713
vn 0.0570 -0.8805 -0.4706
vn 0.1371 -0.8736 -0.4669
vn 0.2479 -0.8544 -0.4567
vn 0.3817 -0.8152 -0.4357
vn 0.4604 -0.7829 -0.4185
vn 0.0015 -0.7730 -0.6344
vn 0.0171 -0.7729 -0.6343
vn 0.0570 -0.7718 -0.6334
vn 0.1371 -0.7657 -0.6284
vn 0.2479 -0.7489 -0.6146
vn 0.3817 -0.7145 -0.5864
vn 0.4604 -0.6862 -0.5632
vn 0.0015 -0.6344 -0.7730
vn 0.0171 -0.6343 -0.7729
vn 0.0570 -0.6334 -0.7718
vn 0.1371 -0.6284 -0.7657
vn 0.2479 -0.6146 -0.7489
vn 0.3817 -0.5864 -0.7145
vn 0.4604 -0.5632 -0.6862
vn 0.0015 -0.4714 -0.8819
vn 0.0171 -0.4713 -0.8818
vn 0.0570 -0.4706 -0.8805
vn 0.1371 -0.4669 -0.8736
vn 0.2479 -0.4567 -0.8544
vn 0.3817 -0.4357 -0.8152
vn 0.4604 -0.4185 -0.7829
vn 0.0015 -0.2903 -0.9569
vn 0.0171 -0.2902 -0.9568
vn 0.0570 -0.2898 -0.9554
vn 0.1371 -0.2875 -0.9479
vn 0.2479 -0.2812 -0.9271
vn 0.3817 -0.2683 -0.8845
vn 0.4604 -0.2577 -0.8495
vn 0.0015 -0.0980 -0.9952
vn 0.0171 -0.0980 -0.9950
vn 0.0570 -0.0979 -0.9936
vn 0.1371 -0.0971 -0.9858
vn 0.2479 -0.0950 -0.9641
vn 0.3817 -0.0906 -0.9198
vn 0.4604 -0.0870 -0.8835
vn -0.0000 -1.0000 -0.0000
vn -0.0000 -0.1461 -0.9893
vn -0.0000 -0.4139 -0.9103
vn -0.0000 -0.6253 -0.7804
vn -0.0000 -0.7760 -0.6308
vn -0.0000 -0.8771 -0.4802
vn -0.0000 -0.9419 -0.3359
vn -0.0000 -0.9801 -0.1983
vn -0.0000 -0.9978 -0.0656
vn -0.0000 -0.9978 0.0656
vn -0.0000 -0.9801 0.1983
vn -0.0000 -0.9419 0.3359
vn -0.0000 -0.8771 0.4802
vn -0.0000 -0.7760 0.6308
vn -0.0000 -0.6253 0.7804
vn -0.0000 -0.4139 0.9103
vn -0.0000 -0.1461 0.9893
vn -0.0000 0.1461 0.9893
vn -0.0000 0.4139 0.9103
vn -0.0000 0.6253 0.7804
vn -0.0000 0.7760 0.6308
vn -0.0000 0.8771 0.4802
vn -0.0000 0.9419 0.3359
vn -0.0000 0.9801 0.1984
vn -0.0000 0.9978 0.0656
vn -0.0000 0.9978 -0.0656
vn -0.0000 0.9801 -0.1984
vn -0.0000 0.9419 -0.3359
vn -0.0000 0.8771 -0.4802
vn -0.0000 0.7760 -0.6308
vn -0.0000 0.6253 -0.7804
vn -0.0000 0.4139 -0.9103
vn -0.0000 0.1461 -0.9893
vn -0.3174 -0.9483 -0.0000
vn 0.5993 -0.8005 -0.0000
vn 0.0211 0.9998 -0.0000
vn 0.3139 0.9494 -0.0000
vn -0.5604 -0.8282 -0.0000
vn 0.8670 0.4983 -0.0000
vn -0.3564 -0.9343 -0.0000
vn -0.1672 0.9859 -0.0000
vn -0.0299 -0.9996 -0.0000
vn 0.2253 -0.9743 -0.0000
vn -0.9953 -0.0967 -0.0000
vn -0.8377 0.5461 -0.0000
vn 0.7458 -0.6662 -0.0000
vn 0.9916 -0.1292 -0.0000
vn 0.9633 -0.2683 -0.0000
vn 0.9981 -0.0611 -0.0000
vn -0.7906 -0.6123 -0.0000
vn 0.0221 0.9998 -0.0000
vn -0.9980 -0.0632 -0.0000
vn 0.9956 -0.0938 -0.0000
vn 0.9287 -0.3709 -0.0000
vn 0.7997 -0.6004 -0.0000
vn 0.6899 -0.7239 -0.0000
vn -0.4971 -0.8677 -0.0000
vn -0.4781 -0.8783 -0.0000
vn -0.4439 -0.8961 -0.0000
vn -0.3561 -0.9345 -0.0000
vn 0.9452 0.3264 -0.0000
vn -0.4970 -0.8677 -0.0000
vn 0.9975 0.0709 -0.0000
vn -0.5975 -0.8019 -0.0000
vn -0.5617 -0.8273 -0.0000
vn -0.5016 -0.8651 -0.0000
vn -0.5225 -0.8526 -0.0000
vn -0.4085 -0.9128 -0.0000
vn 0.6570 0.7539 -0.0000
vn 0.6068 0.7949 -0.0000
vn 0.5480 0.8365 -0.0000
vn 0.5037 0.8639 -0.0000
vn 0.4550 0.8905 -0.0000
vn -0.2559 -0.9667 -0.0000
vn -0.1684 -0.9857 -0.0000
vn -0.1229 -0.9924 -0.0000
vn 0.2830 0.9591 -0.0000
vn 0.2306 0.9731 -0.0000
vn 0.1481 0.9890 -0.0000
vn 0.0400 -0.9992 -0.0000
vn 0.0918 -0.9958 -0.0000
vn 0.0018 1.0000 -0.0000
vn -0.0172 0.9999 -0.0000
vn -0.0552 0.9985 -0.0000
vn 0.5018 -0.8650 -0.0000
vn 0.5930 -0.8052 -0.0000
vn 0.6184 -0.7859 -0.0000
vn -0.5176 0.8556 -0.0000
vn -0.6408 0.7677 -0.0000
vn -0.6704 0.7420 -0.0000
vn 0.8515 -0.5243 -0.0000
vn 0.9450 -0.3270 -0.0000
vn -0.9620 0.2729 -0.0000
vn -0.9990 0.0456 -0.0000
vn -0.9988 -0.0494 -0.0000
vn -0.9938 -0.1109 -0.0000
vn -0.9774 -0.2114 -0.0000
vn -0.9083 -0.4183 -0.0000
vn 0.9735 -0.2287 -0.0000
vn 0.9982 -0.0604 -0.0000
vn -0.6179 -0.7862 -0.0000
vn -0.5037 -0.8639 -0.0000
vn -0.4403 -0.8979 -0.0000
vn 0.9994 -0.0338 -0.0000
vn 0.9961 -0.0882 -0.0000
vn -0.7418 -0.6706 -0.0000
vn 0.9999 -0.0120 -0.0000
vn 0.8758 -0.4827 -0.0000
vn 0.9742 -0.2257 -0.0000
vn 0.9935 -0.1141 -0.0000
vn 0.9998 0.0200 -0.0000
vn -0.9522 0.3054 -0.0000
vn -0.9960 0.0898 -0.0000
vn -0.9982 -0.0596 -0.0000
vn -0.9601 -0.2795 -0.0000
vn -0.8320 0.5548 -0.0000
vn 0.6911 -0.7227 -0.0000
vt 0.750000 0.451001
vt 1.000000 1.000000
vt 0.250000 0.490000
vt 0.000000 1.000000
vt 0.789213 0.447138
vt 0.968750 1.000000
vt 0.296822 0.485388
vt 0.826920 0.435700
vt 0.937500 1.000000
vt 0.341844 0.471731
vt 0.861670 0.417126
vt 0.906250 1.000000
vt 0.383337 0.449553
vt 0.892129 0.392129
vt 0.875000 1.000000
vt 0.419706 0.419706
vt 0.917126 0.361670
vt 0.843750 1.000000
vt 0.449553 0.383337
vt 0.935700 0.326920
vt 0.812500 1.000000
vt 0.471731 0.341844
vt 0.947138 0.289213
vt 0.781250 1.000000
vt 0.485388 0.296822
vt 0.951001 0.250000
vt 0.750000 1.000000
vt 0.490000 0.250000
vt 0.947138 0.210787
vt 0.718750 1.000000
vt 0.485388 0.203178
vt 0.935700 0.173080
vt 0.687500 1.000000
vt 0.471731 0.158156
vt 0.917126 0.138330
vt 0.656250 1.000000
vt 0.449553 0.116663
vt 0.892129 0.107871
vt 0.625000 1.000000
vt 0.419706 0.080294
vt 0.861670 0.082874
vt 0.593750 1.000000
vt 0.383337 0.050447
vt 0.826920 0.064300
vt 0.562500 1.000000
vt 0.341844 0.028269
vt 0.789213 0.052862
vt 0.531250 1.000000
vt 0.296822 0.014612
vt 0.750000 0.049000
vt 0.500000 1.000000
vt 0.250000 0.010000
vt 0.710787 0.052862
vt 0.468750 1.000000
vt 0.203178 0.014612
vt 0.673081 0.064300
vt 0.437500 1.000000
vt 0.158156 0.028269
vt 0.638330 0.082874
vt 0.406250 1.000000
vt 0.116663 0.050447
vt 0.607871 0.107871
vt 0.375000 1.000000
vt 0.080294 0.080294
vt 0.582874 0.138330
vt 0.343750 1.000000
vt 0.050447 0.116663
vt 0.564300 0.173080
vt 0.312500 1.000000
vt 0.028269 0.158156
vt 0.552862 0.210787
vt 0.281250 1.000000
vt 0.014612 0.203178
vt 0.548999 0.250000
vt 0.250000 1.000000
vt 0.010000 0.250000
vt 0.552862 0.289213
vt 0.218750 1.000000
vt 0.014612 0.296822
vt 0.564300 0.326920
vt 0.187500 1.000000
vt 0.028269 0.341844
vt 0.582874 0.361670
vt 0.156250 1.000000
vt 0.050447 0.383337
vt 0.607871 0.392129
vt 0.125000 1.000000
vt 0.080294 0.419706
vt 0.638330 0.417126
vt 0.093750 1.000000
vt 0.116663 0.449553
vt 0.673080 0.435700
vt 0.158156 0.471731
vt 0.062500 1.000000
vt 0.710787 0.447138
vt 0.203178 0.485388
vt 0.031250 1.000000
vt 1.000000 0.500000
vt 0.000000 0.500000
vt 0.750000 0.490000
vt 0.968750 0.500000
vt 0.796822 0.485388
vt 0.937500 0.500000
vt 0.841844 0.471731
vt 0.906250 0.500000
vt 0.883337 0.449553
vt 0.875000 0.500000
vt 0.919706 0.419706
vt 0.843750 0.500000
vt 0.949553 0.383337
vt 0.812500 0.500000
vt 0.971731 0.341844
vt 0.781250 0.500000
vt 0.985388 0.296822
vt 0.750000 0.500000
vt 0.990000 0.250000
vt 0.718750 0.500000
vt 0.985388 0.203178
vt 0.687500 0.500000
vt 0.971731 0.158156
vt 0.656250 0.500000
vt 0.949553 0.116663
vt 0.625000 0.500000
vt 0.919706 0.080294
vt 0.593750 0.500000
vt 0.883337 0.050447
vt 0.562500 0.500000
vt 0.841844 0.028269
vt 0.531250 0.500000
vt 0.796822 0.014612
vt 0.500000 0.500000
vt 0.750000 0.010000
vt 0.468750 0.500000
vt 0.703178 0.014612
vt 0.437500 0.500000
vt 0.658156 0.028269
vt 0.406250 0.500000
vt 0.616663 0.050447
vt 0.375000 0.500000
vt 0.580294 0.080294
vt 0.343750 0.500000
vt 0.550447 0.116663
vt 0.312500 0.500000
vt 0.528269 0.158156
vt 0.281250 0.500000
vt 0.514612 0.203178
vt 0.250000 0.500000
vt 0.510000 0.250000
vt 0.218750 0.500000
vt 0.514612 0.296822
vt 0.187500 0.500000
vt 0.528269 0.341844
vt 0.156250 0.500000
vt 0.550447 0.383337
vt 0.125000 0.500000
vt 0.580294 0.419706
vt 0.093750 0.500000
vt 0.616663 0.449553
vt 0.062500 0.500000
vt 0.658156 0.471731
vt 0.031250 0.500000
vt 0.703178 0.485388
vt 0.750000 0.451001
vt 0.789213 0.447138
vt 0.826920 0.435700
vt 0.861670 0.417126
vt 0.892129 0.392129
vt 0.917126 0.361670
vt 0.935700 0.326920
vt 0.947138 0.289213
vt 0.951001 0.250000
vt 0.947138 0.210787
vt 0.935700 0.173080
vt 0.917126 0.138330
vt 0.892129 0.107871
vt 0.861670 0.082874
vt 0.826920 0.064300
vt 0.789213 0.052862
vt 0.750000 0.049000
vt 0.710787 0.052862
vt 0.673081 0.064300
vt 0.638330 0.082874
vt 0.607871 0.107871
vt 0.582874 0.138330
vt 0.564300 0.173080
vt 0.552862 0.210787
vt 0.548999 0.250000
vt 0.552862 0.289213
vt 0.564300 0.326920
vt 0.582874 0.361670
vt 0.607871 0.392129
vt 0.638330 0.417126
vt 0.673080 0.435700
vt 0.710787 0.447138
vt 0.750000 0.451723
vt 1.000000 1.000000
vt 0.250000 0.490000
vt 0.000000 1.000000
vt 0.789354 0.447846
vt 0.968750 1.000000
vt 0.296822 0.485388
vt 0.827196 0.436367
vt 0.937500 1.000000
vt 0.341844 0.471731
vt 0.862071 0.417726
vt 0.906250 1.000000
vt 0.383337 0.449553
vt 0.892639 0.392639
vt 0.875000 1.000000
vt 0.419706 0.419706
vt 0.917726 0.362071
vt 0.843750 1.000000
vt 0.449553 0.383337
vt 0.936367 0.327196
vt 0.812500 1.000000
vt 0.471731 0.341844
vt 0.947846 0.289354
vt 0.781250 1.000000
vt 0.485388 0.296822
vt 0.951722 0.250000
vt 0.750000 1.000000
vt 0.490000 0.250000
vt 0.947847 0.210646
vt 0.718750 1.000000
vt 0.485388 0.203178
vt 0.936367 0.172804
vt 0.687500 1.000000
vt 0.471731 0.158156
vt 0.917726 0.137929
vt 0.656250 1.000000
vt 0.449553 0.116663
vt 0.892639 0.107361
vt 0.625000 1.000000
vt 0.419706 0.080294
vt 0.862071 0.082274
vt 0.593750 1.000000
vt 0.383337 0.050447
vt 0.827196 0.063633
vt 0.562500 1.000000
vt 0.341844 0.028269
vt 0.789354 0.052154
vt 0.531250 1.000000
vt 0.296822 0.014612
vt 0.750000 0.048277
vt 0.500000 1.000000
vt 0.250000 0.010000
vt 0.710646 0.052154
vt 0.468750 1.000000
vt 0.203178 0.014612
vt 0.672804 0.063633
vt 0.437500 1.000000
vt 0.158156 0.028269
vt 0.637929 0.082274
vt 0.406250 1.000000
vt 0.116663 0.050447
vt 0.607361 0.107361
vt 0.375000 1.000000
vt 0.080294 0.080294
vt 0.582274 0.137929
vt 0.343750 1.000000
vt 0.050447 0.116663
vt 0.563633 0.172804
vt 0.312500 1.000000
vt 0.028269 0.158156
vt 0.552154 0.210646
vt 0.281250 1.000000
vt 0.014612 0.203178
vt 0.548277 0.250000
vt 0.250000 1.000000
vt 0.010000 0.250000
vt 0.552154 0.289354
vt 0.218750 1.000000
vt 0.014612 0.296822
vt 0.563633 0.327196
vt 0.187500 1.000000
vt 0.028269 0.341844
vt 0.582274 0.362071
vt 0.156250 1.000000
vt 0.050447 0.383337
vt 0.607361 0.392639
vt 0.125000 1.000000
vt 0.080294 0.419706
vt 0.637929 0.417726
vt 0.093750 1.000000
vt 0.116663 0.449553
vt 0.672804 0.436367
vt 0.158156 0.471731
vt 0.062500 1.000000
vt 0.710646 0.447846
vt 0.203178 0.485388
vt 0.031250 1.000000
vt 1.000000 0.500000
vt 0.000000 0.500000
vt 0.750000 0.490000
vt 0.968750 0.500000
vt 0.796822 0.485388
vt 0.937500 0.500000
vt 0.841844 0.471731
vt 0.906250 0.500000
vt 0.883337 0.449553
vt 0.875000 0.500000
vt 0.919706 0.419706
vt 0.843750 0.500000
vt 0.949553 0.383337
vt 0.812500 0.500000
vt 0.971731 0.341844
vt 0.781250 0.500000
vt 0.985388 0.296822
vt 0.750000 0.500000
vt 0.990000 0.250000
vt 0.718750 0.500000
vt 0.985388 0.203178
vt 0.687500 0.500000
vt 0.971731 0.158156
vt 0.656250 0.500000
vt 0.949553 0.116663
vt 0.625000 0.500000
vt 0.919706 0.080294
vt 0.593750 0.500000
vt 0.883337 0.050447
vt 0.562500 0.500000
vt 0.841844 0.028269
vt 0.531250 0.500000
vt 0.796822 0.014612
vt 0.500000 0.500000
vt 0.750000 0.010000
vt 0.468750 0.500000
vt 0.703178 0.014612
vt 0.437500 0.500000
vt 0.658156 0.028269
vt 0.406250 0.500000
vt 0.616663 0.050447
vt 0.375000 0.500000
vt 0.580294 0.080294
vt 0.343750 0.500000
vt 0.550447 0.116663
vt 0.312500 0.500000
vt 0.528269 0.158156
vt 0.281250 0.500000
vt 0.514612 0.203178
vt 0.250000 0.500000
vt 0.510000 0.250000
vt 0.218750 0.500000
vt 0.514612 0.296822
vt 0.187500 0.500000
vt 0.528269 0.341844
vt 0.156250 0.500000
vt 0.550447 0.383337
vt 0.125000 0.500000
vt 0.580294 0.419706
vt 0.093750 0.500000
vt 0.616663 0.449553
vt 0.062500 0.500000
vt 0.658156 0.471731
vt 0.031250 0.500000
vt 0.703178 0.485388
vt 0.750000 0.451723
vt 0.789354 0.447846
vt 0.827196 0.436367
vt 0.862071 0.417726
vt 0.892639 0.392639
vt 0.917726 0.362071
vt 0.936367 0.327196
vt 0.947846 0.289354
vt 0.951722 0.250000
vt 0.947847 0.210646
vt 0.936367 0.172804
vt 0.917726 0.137929
vt 0.892639 0.107361
vt 0.862071 0.082274
vt 0.827196 0.063633
vt 0.789354 0.052154
vt 0.750000 0.048277
vt 0.710646 0.052154
vt 0.672804 0.063633
vt 0.637929 0.082274
vt 0.607361 0.107361
vt 0.582274 0.137929
vt 0.563633 0.172804
vt 0.552154 0.210646
vt 0.548277 0.250000
vt 0.552154 0.289354
vt 0.563633 0.327196
vt 0.582274 0.362071
vt 0.607361 0.392639
vt 0.637929 0.417726
vt 0.672804 0.436367
vt 0.710646 0.447846
vt 0.125000 0.750000
vt 0.375000 1.000000
vt 0.375000 0.000000
vt 0.625000 0.000000
vt 0.625000 1.000000
vt 0.875000 0.750000
vt 0.125000 0.500000
vt 0.375000 0.250000
vt 0.875000 0.500000
vt 0.625000 0.250000
vt 0.375000 0.750000
vt 0.625000 0.750000
vt 0.375000 0.500000
vt 0.625000 0.500000
vt 0.263787 0.500000
vt 0.375000 0.388787
vt 0.736213 0.500000
vt 0.625000 0.388787
vt 0.263787 0.750000
vt 0.375000 0.861213
vt 0.736213 0.750000
vt 0.625000 0.861213
vt 0.243960 0.500000
vt 0.375000 0.368960
vt 0.224133 0.500000
vt 0.375000 0.349133
vt 0.375000 0.329307
vt 0.204307 0.500000
vt 0.184480 0.500000
vt 0.375000 0.309480
vt 0.164653 0.500000
vt 0.375000 0.289653
vt 0.144827 0.500000
vt 0.375000 0.269827
vt 0.625000 0.881040
vt 0.756040 0.750000
vt 0.625000 0.900867
vt 0.775867 0.750000
vt 0.795693 0.750000
vt 0.625000 0.920693
vt 0.815520 0.750000
vt 0.625000 0.940520
vt 0.835347 0.750000
vt 0.625000 0.960347
vt 0.855173 0.750000
vt 0.625000 0.980173
vt 0.625000 0.269827
vt 0.855173 0.500000
vt 0.625000 0.289653
vt 0.835347 0.500000
vt 0.625000 0.309480
vt 0.815520 0.500000
vt 0.795693 0.500000
vt 0.625000 0.329307
vt 0.625000 0.349133
vt 0.775867 0.500000
vt 0.756040 0.500000
vt 0.625000 0.368960
vt 0.144827 0.750000
vt 0.375000 0.980173
vt 0.164653 0.750000
vt 0.375000 0.960347
vt 0.184480 0.750000
vt 0.375000 0.940520
vt 0.375000 0.920693
vt 0.204307 0.750000
vt 0.224133 0.750000
vt 0.375000 0.900867
vt 0.243960 0.750000
vt 0.375000 0.881040
vt 0.720326 0.500000
vt 0.625000 0.404674
vt 0.704438 0.500000
vt 0.625000 0.420562
vt 0.688550 0.500000
vt 0.625000 0.436450
vt 0.672663 0.500000
vt 0.625000 0.452337
vt 0.656775 0.500000
vt 0.625000 0.468225
vt 0.640888 0.500000
vt 0.625000 0.484112
vt 0.279674 0.750000
vt 0.375000 0.845326
vt 0.295562 0.750000
vt 0.375000 0.829438
vt 0.311450 0.750000
vt 0.375000 0.813550
vt 0.327337 0.750000
vt 0.375000 0.797663
vt 0.343225 0.750000
vt 0.375000 0.781775
vt 0.359112 0.750000
vt 0.375000 0.765888
vt 0.359112 0.500000
vt 0.375000 0.484112
vt 0.343225 0.500000
vt 0.375000 0.468225
vt 0.327337 0.500000
vt 0.375000 0.452337
vt 0.311450 0.500000
vt 0.375000 0.436450
vt 0.295562 0.500000
vt 0.375000 0.420562
vt 0.279674 0.500000
vt 0.375000 0.404674
vt 0.640888 0.750000
vt 0.625000 0.765888
vt 0.656775 0.750000
vt 0.625000 0.781775
vt 0.672663 0.750000
vt 0.625000 0.797663
vt 0.688550 0.750000
vt 0.625000 0.813550
vt 0.704438 0.750000
vt 0.625000 0.829438
vt 0.625000 0.845326
vt 0.720326 0.750000
vt 0.271731 0.500000
vt 0.375000 0.396731
vt 0.625000 0.853269
vt 0.728269 0.750000
vt 0.625000 0.396731
vt 0.728269 0.500000
vt 0.271731 0.750000
vt 0.375000 0.853269
vt 0.625000 0.412618
vt 0.712382 0.500000
vt 0.287618 0.750000
vt 0.375000 0.837382
vt 0.287618 0.500000
vt 0.375000 0.412618
vt 0.712382 0.750000
vt 0.625000 0.837382
vt 0.625000 0.428506
vt 0.696494 0.500000
vt 0.303506 0.750000
vt 0.375000 0.821494
vt 0.303506 0.500000
vt 0.375000 0.428506
vt 0.696494 0.750000
vt 0.625000 0.821494
vt 0.625000 0.444393
vt 0.680607 0.500000
vt 0.319393 0.750000
vt 0.375000 0.805607
vt 0.319393 0.500000
vt 0.375000 0.444393
vt 0.680607 0.750000
vt 0.625000 0.805607
vt 0.625000 0.460281
vt 0.664719 0.500000
vt 0.335281 0.750000
vt 0.375000 0.789719
vt 0.335281 0.500000
vt 0.375000 0.460281
vt 0.664719 0.750000
vt 0.625000 0.789719
vt 0.625000 0.476169
vt 0.648831 0.500000
vt 0.351169 0.750000
vt 0.375000 0.773831
vt 0.351169 0.500000
vt 0.375000 0.476169
vt 0.648831 0.750000
vt 0.625000 0.773831
vt 0.632944 0.500000
vt 0.625000 0.492056
vt 0.367056 0.750000
vt 0.375000 0.757944
vt 0.367056 0.500000
vt 0.375000 0.492056
vt 0.632944 0.750000
vt 0.625000 0.757944
vt 0.628128 0.500000
vt 0.625000 0.496872
vt 0.371872 0.750000
vt 0.375000 0.753128
vt 0.371872 0.500000
vt 0.375000 0.496872
vt 0.625000 0.753128
vt 0.628128 0.750000
vt 0.625000 0.373917
vt 0.751083 0.500000
vt 0.625000 0.378873
vt 0.746127 0.500000
vt 0.741170 0.500000
vt 0.625000 0.383830
vt 0.248917 0.750000
vt 0.375000 0.876083
vt 0.253873 0.750000
vt 0.375000 0.871127
vt 0.258830 0.750000
vt 0.375000 0.866170
vt 0.258830 0.500000
vt 0.375000 0.383830
vt 0.253873 0.500000
vt 0.375000 0.378873
vt 0.248917 0.500000
vt 0.375000 0.373917
vt 0.741170 0.750000
vt 0.625000 0.866170
vt 0.746127 0.750000
vt 0.625000 0.871127
vt 0.625000 0.876083
vt 0.751083 0.750000
vt 0.625000 0.380113
vt 0.744887 0.500000
vt 0.625000 0.381352
vt 0.743648 0.500000
vt 0.625000 0.382591
vt 0.742409 0.500000
vt 0.255113 0.750000
vt 0.375000 0.869887
vt 0.256352 0.750000
vt 0.375000 0.868648
vt 0.257591 0.750000
vt 0.375000 0.867409
vt 0.257591 0.500000
vt 0.375000 0.382591
vt 0.256352 0.500000
vt 0.375000 0.381352
vt 0.255113 0.500000
vt 0.375000 0.380113
vt 0.742409 0.750000
vt 0.625000 0.867409
vt 0.743648 0.750000
vt 0.625000 0.868648
vt 0.744887 0.750000
vt 0.625000 0.869887
vt 0.239995 0.500000
vt 0.375000 0.364995
vt 0.236029 0.500000
vt 0.375000 0.361029
vt 0.232064 0.500000
vt 0.375000 0.357064
vt 0.228099 0.500000
vt 0.375000 0.353099
vt 0.625000 0.885005
vt 0.760005 0.750000
vt 0.625000 0.888971
vt 0.763971 0.750000
vt 0.625000 0.892936
vt 0.767936 0.750000
vt 0.625000 0.896901
vt 0.771901 0.750000
vt 0.771901 0.500000
vt 0.625000 0.353099
vt 0.767936 0.500000
vt 0.625000 0.357064
vt 0.763970 0.500000
vt 0.625000 0.361029
vt 0.760005 0.500000
vt 0.625000 0.364995
vt 0.228099 0.750000
vt 0.375000 0.896901
vt 0.232064 0.750000
vt 0.375000 0.892936
vt 0.236029 0.750000
vt 0.375000 0.888971
vt 0.239995 0.750000
vt 0.375000 0.885005
vt 0.625000 0.376395
vt 0.748605 0.500000
vt 0.251395 0.750000
vt 0.375000 0.873605
vt 0.251395 0.500000
vt 0.375000 0.376395
vt 0.748605 0.750000
vt 0.625000 0.873605
vt 0.246438 0.500000
vt 0.375000 0.371438
vt 0.625000 0.878562
vt 0.753562 0.750000
vt 0.625000 0.371438
vt 0.753561 0.500000
vt 0.246438 0.750000
vt 0.375000 0.878562
vt 0.738692 0.500000
vt 0.625000 0.386308
vt 0.261308 0.750000
vt 0.375000 0.863692
vt 0.261308 0.500000
vt 0.375000 0.386308
vt 0.738692 0.750000
vt 0.625000 0.863692
vt 0.269083 0.500000
vt 0.375000 0.394083
vt 0.266435 0.500000
vt 0.375000 0.391435
vt 0.625000 0.855917
vt 0.730917 0.750000
vt 0.625000 0.858565
vt 0.733565 0.750000
vt 0.625000 0.391435
vt 0.733565 0.500000
vt 0.625000 0.394083
vt 0.730917 0.500000
vt 0.266435 0.750000
vt 0.375000 0.858565
vt 0.269083 0.750000
vt 0.375000 0.855917
vt 0.407560 1.000000
vt 0.407560 0.000000
vt 0.407560 0.250000
vt 0.407560 0.500000
vt 0.407560 0.750000
vt 0.407560 0.861213
vt 0.407560 0.388787
vt 0.407560 0.269827
vt 0.407560 0.289653
vt 0.407560 0.309480
vt 0.407560 0.329307
vt 0.407560 0.349133
vt 0.407560 0.368960
vt 0.407560 0.881040
vt 0.407560 0.900867
vt 0.407560 0.920693
vt 0.407560 0.940520
vt 0.407560 0.960347
vt 0.407560 0.980173
vt 0.407560 0.765888
vt 0.407560 0.781775
vt 0.407560 0.797663
vt 0.407560 0.813550
vt 0.407560 0.829438
vt 0.407560 0.845326
vt 0.407560 0.404674
vt 0.407560 0.420562
vt 0.407560 0.436450
vt 0.407560 0.452337
vt 0.407560 0.468225
vt 0.407560 0.484112
vt 0.407560 0.396731
vt 0.407560 0.853269
vt 0.407560 0.412618
vt 0.407560 0.837382
vt 0.407560 0.428506
vt 0.407560 0.821494
vt 0.407560 0.444393
vt 0.407560 0.805607
vt 0.407560 0.460281
vt 0.407560 0.789719
vt 0.407560 0.476169
vt 0.407560 0.773831
vt 0.407560 0.757944
vt 0.407560 0.492056
vt 0.407560 0.753128
vt 0.407560 0.496872
vt 0.407560 0.866170
vt 0.407560 0.871127
vt 0.407560 0.876083
vt 0.407560 0.373917
vt 0.407560 0.378873
vt 0.407560 0.383830
vt 0.407560 0.380113
vt 0.407560 0.381352
vt 0.407560 0.382591
vt 0.407560 0.867409
vt 0.407560 0.868648
vt 0.407560 0.869887
vt 0.407560 0.885005
vt 0.407560 0.888971
vt 0.407560 0.892936
vt 0.407560 0.896901
vt 0.407560 0.353099
vt 0.407560 0.357064
vt 0.407560 0.361029
vt 0.407560 0.364995
vt 0.407560 0.376395
vt 0.407560 0.873605
vt 0.407560 0.371438
vt 0.407560 0.878562
vt 0.407560 0.863692
vt 0.407560 0.386308
vt 0.407560 0.391435
vt 0.407560 0.394083
vt 0.407560 0.855917
vt 0.407560 0.858565
vt 0.595732 1.000000
vt 0.595732 0.000000
vt 0.595732 0.250000
vt 0.595732 0.500000
vt 0.595732 0.750000
vt 0.595732 0.861213
vt 0.595732 0.388787
vt 0.595732 0.269827
vt 0.595732 0.289653
vt 0.595732 0.309480
vt 0.595732 0.329307
vt 0.595732 0.349133
vt 0.595732 0.368960
vt 0.595732 0.881040
vt 0.595732 0.900867
vt 0.595732 0.920693
vt 0.595732 0.940520
vt 0.595732 0.960347
vt 0.595732 0.980173
vt 0.595732 0.765888
vt 0.595732 0.781775
vt 0.595732 0.797663
vt 0.595732 0.813550
vt 0.595732 0.829438
vt 0.595732 0.845326
vt 0.595732 0.404674
vt 0.595732 0.420562
vt 0.595732 0.436450
vt 0.595732 0.452337
vt 0.595732 0.468225
vt 0.595732 0.484112
vt 0.595732 0.396731
vt 0.595732 0.853269
vt 0.595732 0.412618
vt 0.595732 0.837382
vt 0.595732 0.428506
vt 0.595732 0.821494
vt 0.595732 0.444393
vt 0.595732 0.805607
vt 0.595732 0.460281
vt 0.595732 0.789719
vt 0.595732 0.476169
vt 0.595732 0.773831
vt 0.595732 0.757944
vt 0.595732 0.492056
vt 0.595732 0.753128
vt 0.595732 0.496872
vt 0.595732 0.866170
vt 0.595732 0.871127
vt 0.595732 0.876083
vt 0.595732 0.373917
vt 0.595732 0.378873
vt 0.595732 0.383830
vt 0.595732 0.380113
vt 0.595732 0.381352
vt 0.595732 0.382591
vt 0.595732 0.867409
vt 0.595732 0.868648
vt 0.595732 0.869887
vt 0.595732 0.885005
vt 0.595732 0.888971
vt 0.595732 0.892936
vt 0.595732 0.896901
vt 0.595732 0.353099
vt 0.595732 0.357064
vt 0.595732 0.361029
vt 0.595732 0.364995
vt 0.595732 0.376395
vt 0.595732 0.873605
vt 0.595732 0.371438
vt 0.595732 0.878562
vt 0.595732 0.863692
vt 0.595732 0.386308
vt 0.595732 0.391435
vt 0.595732 0.394083
vt 0.595732 0.855917
vt 0.595732 0.858565
vt 0.375000 0.344177
vt 0.219177 0.500000
vt 0.375000 0.339220
vt 0.214220 0.500000
vt 0.375000 0.334263
vt 0.209263 0.500000
vt 0.625000 0.905823
vt 0.780823 0.750000
vt 0.625000 0.910780
vt 0.785780 0.750000
vt 0.625000 0.915737
vt 0.790737 0.750000
vt 0.790737 0.500000
vt 0.625000 0.334263
vt 0.785780 0.500000
vt 0.625000 0.339220
vt 0.780823 0.500000
vt 0.625000 0.344177
vt 0.375000 0.915737
vt 0.209263 0.750000
vt 0.375000 0.910780
vt 0.214220 0.750000
vt 0.375000 0.905823
vt 0.219177 0.750000
vt 0.407560 0.905823
vt 0.407560 0.910780
vt 0.407560 0.915737
vt 0.407560 0.334263
vt 0.407560 0.339220
vt 0.407560 0.344177
vt 0.595732 0.905823
vt 0.595732 0.910780
vt 0.595732 0.915737
vt 0.595732 0.334263
vt 0.595732 0.339220
vt 0.595732 0.344177
vt 0.750000 0.490000
vt 1.000000 0.500000
vt 0.000000 0.500000
vt 1.000000 1.000000
vt 0.250000 0.490000
vt 0.000000 1.000000
vt 0.796822 0.485388
vt 0.968750 0.500000
vt 0.968750 1.000000
vt 0.296822 0.485388
vt 0.841844 0.471731
vt 0.937500 0.500000
vt 0.937500 1.000000
vt 0.341844 0.471731
vt 0.883337 0.449553
vt 0.906250 0.500000
vt 0.906250 1.000000
vt 0.383337 0.449553
vt 0.919706 0.419706
vt 0.875000 0.500000
vt 0.875000 1.000000
vt 0.419706 0.419706
vt 0.949553 0.383337
vt 0.843750 0.500000
vt 0.843750 1.000000
vt 0.449553 0.383337
vt 0.971731 0.341844
vt 0.812500 0.500000
vt 0.812500 1.000000
vt 0.471731 0.341844
vt 0.985388 0.296822
vt 0.781250 0.500000
vt 0.781250 1.000000
vt 0.485388 0.296822
vt 0.990000 0.250000
vt 0.750000 0.500000
vt 0.750000 1.000000
vt 0.490000 0.250000
vt 0.985388 0.203178
vt 0.718750 0.500000
vt 0.718750 1.000000
vt 0.485388 0.203178
vt 0.971731 0.158156
vt 0.687500 0.500000
vt 0.687500 1.000000
vt 0.471731 0.158156
vt 0.949553 0.116663
vt 0.656250 0.500000
vt 0.656250 1.000000
vt 0.449553 0.116663
vt 0.919706 0.080294
vt 0.625000 0.500000
vt 0.625000 1.000000
vt 0.419706 0.080294
vt 0.883337 0.050447
vt 0.593750 0.500000
vt 0.593750 1.000000
vt 0.383337 0.050447
vt 0.841844 0.028269
vt 0.562500 0.500000
vt 0.562500 1.000000
vt 0.341844 0.028269
vt 0.796822 0.014612
vt 0.531250 0.500000
vt 0.531250 1.000000
vt 0.296822 0.014612
vt 0.750000 0.010000
vt 0.500000 0.500000
vt 0.500000 1.000000
vt 0.250000 0.010000
vt 0.703178 0.014612
vt 0.468750 0.500000
vt 0.468750 1.000000
vt 0.203178 0.014612
vt 0.658156 0.028269
vt 0.437500 0.500000
vt 0.437500 1.000000
vt 0.158156 0.028269
vt 0.616663 0.050447
vt 0.406250 0.500000
vt 0.406250 1.000000
vt 0.116663 0.050447
vt 0.580294 0.080294
vt 0.375000 0.500000
vt 0.375000 1.000000
vt 0.080294 0.080294
vt 0.550447 0.116663
vt 0.343750 0.500000
vt 0.343750 1.000000
vt 0.050447 0.116663
vt 0.528269 0.158156
vt 0.312500 0.500000
vt 0.312500 1.000000
vt 0.028269 0.158156
vt 0.514612 0.203178
vt 0.281250 0.500000
vt 0.281250 1.000000
vt 0.014612 0.203178
vt 0.510000 0.250000
vt 0.250000 0.500000
vt 0.250000 1.000000
vt 0.010000 0.250000
vt 0.514612 0.296822
vt 0.218750 0.500000
vt 0.218750 1.000000
vt 0.014612 0.296822
vt 0.528269 0.341844
vt 0.187500 0.500000
vt 0.187500 1.000000
vt 0.028269 0.341844
vt 0.550447 0.383337
vt 0.156250 0.500000
vt 0.156250 1.000000
vt 0.050447 0.383337
vt 0.580294 0.419706
vt 0.125000 0.500000
vt 0.125000 1.000000
vt 0.080294 0.419706
vt 0.616663 0.449553
vt 0.093750 0.500000
vt 0.093750 1.000000
vt 0.116663 0.449553
vt 0.658156 0.471731
vt 0.062500 0.500000
vt 0.158156 0.471731
vt 0.062500 1.000000
vt 0.703178 0.485388
vt 0.031250 0.500000
vt 0.203178 0.485388
vt 0.031250 1.000000
vt 0.000000 0.550754
vt 1.000000 0.550754
vt 0.968750 0.550754
vt 0.937500 0.550754
vt 0.906250 0.550754
vt 0.875000 0.550754
vt 0.843750 0.550754
vt 0.812500 0.550754
vt 0.781250 0.550754
vt 0.750000 0.550754
vt 0.718750 0.550754
vt 0.687500 0.550754
vt 0.656250 0.550754
vt 0.625000 0.550754
vt 0.593750 0.550754
vt 0.562500 0.550754
vt 0.531250 0.550754
vt 0.500000 0.550754
vt 0.468750 0.550754
vt 0.437500 0.550754
vt 0.406250 0.550754
vt 0.375000 0.550754
vt 0.343750 0.550754
vt 0.312500 0.550754
vt 0.281250 0.550754
vt 0.250000 0.550754
vt 0.218750 0.550754
vt 0.187500 0.550754
vt 0.156250 0.550754
vt 0.125000 0.550754
vt 0.093750 0.550754
vt 0.062500 0.550754
vt 0.031250 0.550754
vt 0.968750 0.545115
vt 0.968750 0.539476
vt 0.968750 0.533836
vt 0.968750 0.528197
vt 0.968750 0.522557
vt 0.968750 0.516918
vt 0.968750 0.511279
vt 0.968750 0.505639
vt 0.937500 0.545115
vt 0.937500 0.539476
vt 0.937500 0.533836
vt 0.937500 0.528197
vt 0.937500 0.522557
vt 0.937500 0.516918
vt 0.937500 0.511279
vt 0.937500 0.505639
vt 0.906250 0.545115
vt 0.906250 0.539476
vt 0.906250 0.533836
vt 0.906250 0.528197
vt 0.906250 0.522557
vt 0.906250 0.516918
vt 0.906250 0.511279
vt 0.906250 0.505639
vt 0.875000 0.545115
vt 0.875000 0.539476
vt 0.875000 0.533836
vt 0.875000 0.528197
vt 0.875000 0.522557
vt 0.875000 0.516918
vt 0.875000 0.511279
vt 0.875000 0.505639
vt 0.843750 0.545115
vt 0.843750 0.539476
vt 0.843750 0.533836
vt 0.843750 0.528197
vt 0.843750 0.522557
vt 0.843750 0.516918
vt 0.843750 0.511279
vt 0.843750 0.505639
vt 0.812500 0.545115
vt 0.812500 0.539476
vt 0.812500 0.533836
vt 0.812500 0.528197
vt 0.812500 0.522557
vt 0.812500 0.516918
vt 0.812500 0.511279
vt 0.812500 0.505639
vt 0.781250 0.545115
vt 0.781250 0.539476
vt 0.781250 0.533836
vt 0.781250 0.528197
vt 0.781250 0.522557
vt 0.781250 0.516918
vt 0.781250 0.511279
vt 0.781250 0.505639
vt 0.750000 0.545115
vt 0.750000 0.539476
vt 0.750000 0.533836
vt 0.750000 0.528197
vt 0.750000 0.522557
vt 0.750000 0.516918
vt 0.750000 0.511279
vt 0.750000 0.505639
vt 0.718750 0.545115
vt 0.718750 0.539476
vt 0.718750 0.533836
vt 0.718750 0.528197
vt 0.718750 0.522557
vt 0.718750 0.516918
vt 0.718750 0.511279
vt 0.718750 0.505639
vt 0.687500 0.545115
vt 0.687500 0.539476
vt 0.687500 0.533836
vt 0.687500 0.528197
vt 0.687500 0.522557
vt 0.687500 0.516918
vt 0.687500 0.511279
vt 0.687500 0.505639
vt 0.656250 0.545115
vt 0.656250 0.539476
vt 0.656250 0.533836
vt 0.656250 0.528197
vt 0.656250 0.522557
vt 0.656250 0.516918
vt 0.656250 0.511279
vt 0.656250 0.505639
vt 0.625000 0.545115
vt 0.625000 0.539476
vt 0.625000 0.533836
vt 0.625000 0.528197
vt 0.625000 0.522557
vt 0.625000 0.516918
vt 0.625000 0.511279
vt 0.625000 0.505639
vt 0.593750 0.545115
vt 0.593750 0.539476
vt 0.593750 0.533836
vt 0.593750 0.528197
vt 0.593750 0.522557
vt 0.593750 0.516918
vt 0.593750 0.511279
vt 0.593750 0.505639
vt 0.562500 0.545115
vt 0.562500 0.539476
vt 0.562500 0.533836
vt 0.562500 0.528197
vt 0.562500 0.522557
vt 0.562500 0.516918
vt 0.562500 0.511279
vt 0.562500 0.505639
vt 0.531250 0.545115
vt 0.531250 0.539476
vt 0.531250 0.533836
vt 0.531250 0.528197
vt 0.531250 0.522557
vt 0.531250 0.516918
vt 0.531250 0.511279
vt 0.531250 0.505639
vt 0.500000 0.545115
vt 0.500000 0.539476
vt 0.500000 0.533836
vt 0.500000 0.528197
vt 0.500000 0.522557
vt 0.500000 0.516918
vt 0.500000 0.511279
vt 0.500000 0.505639
vt 0.468750 0.545115
vt 0.468750 0.539476
vt 0.468750 0.533836
vt 0.468750 0.528197
vt 0.468750 0.522557
vt 0.468750 0.516918
vt 0.468750 0.511279
vt 0.468750 0.505639
vt 0.437500 0.545115
vt 0.437500 0.539476
vt 0.437500 0.533836
vt 0.437500 0.528197
vt 0.437500 0.522557
vt 0.437500 0.516918
vt 0.437500 0.511279
vt 0.437500 0.505639
vt 0.406250 0.545115
vt 0.406250 0.539476
vt 0.406250 0.533836
vt 0.406250 0.528197
vt 0.406250 0.522557
vt 0.406250 0.516918
vt 0.406250 0.511279
vt 0.406250 0.505639
vt 0.375000 0.545115
vt 0.375000 0.539476
vt 0.375000 0.533836
vt 0.375000 0.528197
vt 0.375000 0.522557
vt 0.375000 0.516918
vt 0.375000 0.511279
vt 0.375000 0.505639
vt 0.343750 0.545115
vt 0.343750 0.539476
vt 0.343750 0.533836
vt 0.343750 0.528197
vt 0.343750 0.522557
vt 0.343750 0.516918
vt 0.343750 0.511279
vt 0.343750 0.505639
vt 0.312500 0.545115
vt 0.312500 0.539476
vt 0.312500 0.533836
vt 0.312500 0.528197
vt 0.312500 0.522557
vt 0.312500 0.516918
vt 0.312500 0.511279
vt 0.312500 0.505639
vt 0.281250 0.545115
vt 0.281250 0.539476
vt 0.281250 0.533836
vt 0.281250 0.528197
vt 0.281250 0.522557
vt 0.281250 0.516918
vt 0.281250 0.511279
vt 0.281250 0.505639
vt 0.250000 0.545115
vt 0.250000 0.539476
vt 0.250000 0.533836
vt 0.250000 0.528197
vt 0.250000 0.522557
vt 0.250000 0.516918
vt 0.250000 0.511279
vt 0.250000 0.505639
vt 0.218750 0.545115
vt 0.218750 0.539476
vt 0.218750 0.533836
vt 0.218750 0.528197
vt 0.218750 0.522557
vt 0.218750 0.516918
vt 0.218750 0.511279
vt 0.218750 0.505639
vt 0.187500 0.545115
vt 0.187500 0.539476
vt 0.187500 0.533836
vt 0.187500 0.528197
vt 0.187500 0.522557
vt 0.187500 0.516918
vt 0.187500 0.511279
vt 0.187500 0.505639
vt 0.156250 0.545115
vt 0.156250 0.539476
vt 0.156250 0.533836
vt 0.156250 0.528197
vt 0.156250 0.522557
vt 0.156250 0.516918
vt 0.156250 0.511279
vt 0.156250 0.505639
vt 0.125000 0.545115
vt 0.125000 0.539476
vt 0.125000 0.533836
vt 0.125000 0.528197
vt 0.125000 0.522557
vt 0.125000 0.516918
vt 0.125000 0.511279
vt 0.125000 0.505639
vt 0.093750 0.545115
vt 0.093750 0.539476
vt 0.093750 0.533836
vt 0.093750 0.528197
vt 0.093750 0.522557
vt 0.093750 0.516918
vt 0.093750 0.511279
vt 0.093750 0.505639
vt 0.062500 0.545115
vt 0.062500 0.539476
vt 0.062500 0.533836
vt 0.062500 0.528197
vt 0.062500 0.522557
vt 0.062500 0.516918
vt 0.062500 0.511279
vt 0.062500 0.505639
vt 0.031250 0.545115
vt 0.031250 0.539476
vt 0.031250 0.533836
vt 0.031250 0.528197
vt 0.031250 0.522557
vt 0.031250 0.516918
vt 0.031250 0.511279
vt 0.031250 0.505639
vt 1.000000 0.505639
vt 0.000000 0.505639
vt 1.000000 0.511279
vt 0.000000 0.511279
vt 1.000000 0.516918
vt 0.000000 0.516918
vt 1.000000 0.522557
vt 0.000000 0.522557
vt 1.000000 0.528197
vt 0.000000 0.528197
vt 1.000000 0.533836
vt 0.000000 0.533836
vt 1.000000 0.539476
vt 0.000000 0.539476
vt 1.000000 0.545115
vt 0.000000 0.545115
vt 0.000000 0.917341
vt 1.000000 0.917341
vt 0.968750 0.917341
vt 0.937500 0.917341
vt 0.906250 0.917341
vt 0.875000 0.917341
vt 0.843750 0.917341
vt 0.812500 0.917341
vt 0.781250 0.917341
vt 0.750000 0.917341
vt 0.718750 0.917341
vt 0.687500 0.917341
vt 0.656250 0.917341
vt 0.625000 0.917341
vt 0.593750 0.917341
vt 0.562500 0.917341
vt 0.531250 0.917341
vt 0.500000 0.917341
vt 0.468750 0.917341
vt 0.437500 0.917341
vt 0.406250 0.917341
vt 0.375000 0.917341
vt 0.343750 0.917341
vt 0.312500 0.917341
vt 0.281250 0.917341
vt 0.250000 0.917341
vt 0.218750 0.917341
vt 0.187500 0.917341
vt 0.156250 0.917341
vt 0.125000 0.917341
vt 0.093750 0.917341
vt 0.062500 0.917341
vt 0.031250 0.917341
vt 0.000000 0.927673
vt 1.000000 0.927673
vt 0.000000 0.938006
vt 1.000000 0.938006
vt 0.000000 0.948338
vt 1.000000 0.948338
vt 0.000000 0.958670
vt 1.000000 0.958670
vt 0.000000 0.969003
vt 1.000000 0.969003
vt 0.000000 0.979335
vt 1.000000 0.979335
vt 0.000000 0.989668
vt 1.000000 0.989668
vt 0.968750 0.989668
vt 0.968750 0.979335
vt 0.968750 0.969003
vt 0.968750 0.958670
vt 0.968750 0.948338
vt 0.968750 0.938006
vt 0.968750 0.927673
vt 0.937500 0.989668
vt 0.937500 0.979335
vt 0.937500 0.969003
vt 0.937500 0.958670
vt 0.937500 0.948338
vt 0.937500 0.938006
vt 0.937500 0.927673
vt 0.906250 0.989668
vt 0.906250 0.979335
vt 0.906250 0.969003
vt 0.906250 0.958670
vt 0.906250 0.948338
vt 0.906250 0.938006
vt 0.906250 0.927673
vt 0.875000 0.989668
vt 0.875000 0.979335
vt 0.875000 0.969003
vt 0.875000 0.958670
vt 0.875000 0.948338
vt 0.875000 0.938006
vt 0.875000 0.927673
vt 0.843750 0.989668
vt 0.843750 0.979335
vt 0.843750 0.969003
vt 0.843750 0.958670
vt 0.843750 0.948338
vt 0.843750 0.938006
vt 0.843750 0.927673
vt 0.812500 0.989668
vt 0.812500 0.979335
vt 0.812500 0.969003
vt 0.812500 0.958670
vt 0.812500 0.948338
vt 0.812500 0.938006
vt 0.812500 0.927673
vt 0.781250 0.989668
vt 0.781250 0.979335
vt 0.781250 0.969003
vt 0.781250 0.958670
vt 0.781250 0.948338
vt 0.781250 0.938006
vt 0.781250 0.927673
vt 0.750000 0.989668
vt 0.750000 0.979335
vt 0.750000 0.969003
vt 0.750000 0.958670
vt 0.750000 0.948338
vt 0.750000 0.938006
vt 0.750000 0.927673
vt 0.718750 0.989668
vt 0.718750 0.979335
vt 0.718750 0.969003
vt 0.718750 0.958670
vt 0.718750 0.948338
vt 0.718750 0.938006
vt 0.718750 0.927673
vt 0.687500 0.989668
vt 0.687500 0.979335
vt 0.687500 0.969003
vt 0.687500 0.958670
vt 0.687500 0.948338
vt 0.687500 0.938006
vt 0.687500 0.927673
vt 0.656250 0.989668
vt 0.656250 0.979335
vt 0.656250 0.969003
vt 0.656250 0.958670
vt 0.656250 0.948338
vt 0.656250 0.938006
vt 0.656250 0.927673
vt 0.625000 0.989668
vt 0.625000 0.979335
vt 0.625000 0.969003
vt 0.625000 0.958670
vt 0.625000 0.948338
vt 0.625000 0.938006
vt 0.625000 0.927673
vt 0.593750 0.989668
vt 0.593750 0.979335
vt 0.593750 0.969003
vt 0.593750 0.958670
vt 0.593750 0.948338
vt 0.593750 0.938006
vt 0.593750 0.927673
vt 0.562500 0.989668
vt 0.562500 0.979335
vt 0.562500 0.969003
vt 0.562500 0.958670
vt 0.562500 0.948338
vt 0.562500 0.938006
vt 0.562500 0.927673
vt 0.531250 0.989668
vt 0.531250 0.979335
vt 0.531250 0.969003
vt 0.531250 0.958670
vt 0.531250 0.948338
vt 0.531250 0.938006
vt 0.531250 0.927673
vt 0.500000 0.989668
vt 0.500000 0.979335
vt 0.500000 0.969003
vt 0.500000 0.958670
vt 0.500000 0.948338
vt 0.500000 0.938006
vt 0.500000 0.927673
vt 0.468750 0.989668
vt 0.468750 0.979335
vt 0.468750 0.969003
vt 0.468750 0.958670
vt 0.468750 0.948338
vt 0.468750 0.938006
vt 0.468750 0.927673
vt 0.437500 0.989668
vt 0.437500 0.979335
vt 0.437500 0.969003
vt 0.437500 0.958670
vt 0.437500 0.948338
vt 0.437500 0.938006
vt 0.437500 0.927673
vt 0.406250 0.989668
vt 0.406250 0.979335
vt 0.406250 0.969003
vt 0.406250 0.958670
vt 0.406250 0.948338
vt 0.406250 0.938006
vt 0.406250 0.927673
vt 0.375000 0.989668
vt 0.375000 0.979335
vt 0.375000 0.969003
vt 0.375000 0.958670
vt 0.375000 0.948338
vt 0.375000 0.938006
vt 0.375000 0.927673
vt 0.343750 0.989668
vt 0.343750 0.979335
vt 0.343750 0.969003
vt 0.343750 0.958670
vt 0.343750 0.948338
vt 0.343750 0.938006
vt 0.343750 0.927673
vt 0.312500 0.989668
vt 0.312500 0.979335
vt 0.312500 0.969003
vt 0.312500 0.958670
vt 0.312500 0.948338
vt 0.312500 0.938006
vt 0.312500 0.927673
vt 0.281250 0.989668
vt 0.281250 0.979335
vt 0.281250 0.969003
vt 0.281250 0.958670
vt 0.281250 0.948338
vt 0.281250 0.938006
vt 0.281250 0.927673
vt 0.250000 0.989668
vt 0.250000 0.979335
vt 0.250000 0.969003
vt 0.250000 0.958670
vt 0.250000 0.948338
vt 0.250000 0.938006
vt 0.250000 0.927673
vt 0.218750 0.989668
vt 0.218750 0.979335
vt 0.218750 0.969003
vt 0.218750 0.958670
vt 0.218750 0.948338
vt 0.218750 0.938006
vt 0.218750 0.927673
vt 0.187500 0.989668
vt 0.187500 0.979335
vt 0.187500 0.969003
vt 0.187500 0.958670
vt 0.187500 0.948338
vt 0.187500 0.938006
vt 0.187500 0.927673
vt 0.156250 0.989668
vt 0.156250 0.979335
vt 0.156250 0.969003
vt 0.156250 0.958670
vt 0.156250 0.948338
vt 0.156250 0.938006
vt 0.156250 0.927673
vt 0.125000 0.989668
vt 0.125000 0.979335
vt 0.125000 0.969003
vt 0.125000 0.958670
vt 0.125000 0.948338
vt 0.125000 0.938006
vt 0.125000 0.927673
vt 0.093750 0.989668
vt 0.093750 0.979335
vt 0.093750 0.969003
vt 0.093750 0.958670
vt 0.093750 0.948338
vt 0.093750 0.938006
vt 0.093750 0.927673
vt 0.062500 0.989668
vt 0.062500 0.979335
vt 0.062500 0.969003
vt 0.062500 0.958670
vt 0.062500 0.948338
vt 0.062500 0.938006
vt 0.062500 0.927673
vt 0.031250 0.989668
vt 0.031250 0.979335
vt 0.031250 0.969003
vt 0.031250 0.958670
vt 0.031250 0.948338
vt 0.031250 0.938006
vt 0.031250 0.927673
vt 0.375000 0.000000
vt 0.375000 1.000000
vt 0.125000 0.750000
vt 0.625000 0.000000
vt 0.625000 1.000000
vt 0.875000 0.750000
vt 0.375000 0.250000
vt 0.125000 0.500000
vt 0.625000 0.250000
vt 0.875000 0.500000
vt 0.375000 0.750000
vt 0.625000 0.750000
vt 0.375000 0.500000
vt 0.625000 0.500000
vt 1.000000 0.500000
vt 0.000000 0.500000
vt 0.750000 0.490000
vt 1.000000 1.000000
vt 0.250000 0.490000
vt 0.000000 1.000000
vt 0.968750 0.500000
vt 0.796822 0.485388
vt 0.968750 1.000000
vt 0.296822 0.485388
vt 0.937500 0.500000
vt 0.841844 0.471731
vt 0.937500 1.000000
vt 0.341844 0.471731
vt 0.906250 0.500000
vt 0.883337 0.449553
vt 0.906250 1.000000
vt 0.383337 0.449553
vt 0.875000 0.500000
vt 0.919706 0.419706
vt 0.875000 1.000000
vt 0.419706 0.419706
vt 0.843750 0.500000
vt 0.949553 0.383337
vt 0.843750 1.000000
vt 0.449553 0.383337
vt 0.812500 0.500000
vt 0.971731 0.341844
vt 0.812500 1.000000
vt 0.471731 0.341844
vt 0.781250 0.500000
vt 0.985388 0.296822
vt 0.781250 1.000000
vt 0.485388 0.296822
vt 0.750000 0.500000
vt 0.990000 0.250000
vt 0.750000 1.000000
vt 0.490000 0.250000
vt 0.718750 0.500000
vt 0.985388 0.203178
vt 0.718750 1.000000
vt 0.485388 0.203178
vt 0.687500 0.500000
vt 0.971731 0.158156
vt 0.687500 1.000000
vt 0.471731 0.158156
vt 0.656250 0.500000
vt 0.949553 0.116663
vt 0.656250 1.000000
vt 0.449553 0.116663
vt 0.625000 0.500000
vt 0.919706 0.080294
vt 0.625000 1.000000
vt 0.419706 0.080294
vt 0.593750 0.500000
vt 0.883337 0.050447
vt 0.593750 1.000000
vt 0.383337 0.050447
vt 0.562500 0.500000
vt 0.841844 0.028269
vt 0.562500 1.000000
vt 0.341844 0.028269
vt 0.531250 0.500000
vt 0.796822 0.014612
vt 0.531250 1.000000
vt 0.296822 0.014612
vt 0.500000 0.500000
vt 0.750000 0.010000
vt 0.500000 1.000000
vt 0.250000 0.010000
vt 0.468750 0.500000
vt 0.703178 0.014612
vt 0.468750 1.000000
vt 0.203178 0.014612
vt 0.437500 0.500000
vt 0.658156 0.028269
vt 0.437500 1.000000
vt 0.158156 0.028269
vt 0.406250 0.500000
vt 0.616663 0.050447
vt 0.406250 1.000000
vt 0.116663 0.050447
vt 0.375000 0.500000
vt 0.580294 0.080294
vt 0.375000 1.000000
vt 0.080294 0.080294
vt 0.343750 0.500000
vt 0.550447 0.116663
vt 0.343750 1.000000
vt 0.050447 0.116663
vt 0.312500 0.500000
vt 0.528269 0.158156
vt 0.312500 1.000000
vt 0.028269 0.158156
vt 0.281250 0.500000
vt 0.514612 0.203178
vt 0.281250 1.000000
vt 0.014612 0.203178
vt 0.250000 0.500000
vt 0.510000 0.250000
vt 0.250000 1.000000
vt 0.010000 0.250000
vt 0.218750 0.500000
vt 0.514612 0.296822
vt 0.218750 1.000000
vt 0.014612 0.296822
vt 0.187500 0.500000
vt 0.528269 0.341844
vt 0.187500 1.000000
vt 0.028269 0.341844
vt 0.156250 0.500000
vt 0.550447 0.383337
vt 0.156250 1.000000
vt 0.050447 0.383337
vt 0.125000 0.500000
vt 0.580294 0.419706
vt 0.125000 1.000000
vt 0.080294 0.419706
vt 0.093750 0.500000
vt 0.616663 0.449553
vt 0.093750 1.000000
vt 0.116663 0.449553
vt 0.062500 0.500000
vt 0.658156 0.471731
vt 0.158156 0.471731
vt 0.062500 1.000000
vt 0.031250 0.500000
vt 0.703178 0.485388
vt 0.203178 0.485388
vt 0.031250 1.000000
vt 0.375000 0.000000
vt 0.375000 1.000000
vt 0.125000 0.750000
vt 0.625000 0.000000
vt 0.625000 1.000000
vt 0.875000 0.750000
vt 0.375000 0.250000
vt 0.125000 0.500000
vt 0.625000 0.250000
vt 0.875000 0.500000
vt 0.375000 0.750000
vt 0.625000 0.750000
vt 0.375000 0.500000
vt 0.625000 0.500000
vt 0.375000 0.000000
vt 0.375000 1.000000
vt 0.125000 0.750000
vt 0.625000 0.000000
vt 0.625000 1.000000
vt 0.875000 0.750000
vt 0.375000 0.250000
vt 0.125000 0.500000
vt 0.625000 0.250000
vt 0.875000 0.500000
vt 0.375000 0.750000
vt 0.625000 0.750000
vt 0.375000 0.500000
vt 0.625000 0.500000
vt 0.375000 0.000000
vt 0.375000 1.000000
vt 0.125000 0.750000
vt 0.625000 0.000000
vt 0.625000 1.000000
vt 0.875000 0.750000
vt 0.375000 0.250000
vt 0.125000 0.500000
vt 0.625000 0.250000
vt 0.875000 0.500000
vt 0.375000 0.750000
vt 0.625000 0.750000
vt 0.375000 0.500000
vt 0.625000 0.500000
vt 0.375000 0.000000
vt 0.375000 1.000000
vt 0.125000 0.750000
vt 0.625000 0.000000
vt 0.625000 1.000000
vt 0.875000 0.750000
vt 0.375000 0.250000
vt 0.125000 0.500000
vt 0.625000 0.250000
vt 0.875000 0.500000
vt 0.375000 0.750000
vt 0.625000 0.750000
vt 0.375000 0.500000
vt 0.625000 0.500000
vt 0.375000 0.000000
vt 0.375000 1.000000
vt 0.125000 0.750000
vt 0.625000 0.000000
vt 0.625000 1.000000
vt 0.875000 0.750000
vt 0.375000 0.250000
vt 0.125000 0.500000
vt 0.625000 0.250000
vt 0.875000 0.500000
vt 0.375000 0.750000
vt 0.625000 0.750000
vt 0.375000 0.500000
vt 0.625000 0.500000
vt 0.375000 0.000000
vt 0.375000 1.000000
vt 0.125000 0.750000
vt 0.625000 0.000000
vt 0.625000 1.000000
vt 0.875000 0.750000
vt 0.375000 0.250000
vt 0.125000 0.500000
vt 0.625000 0.250000
vt 0.875000 0.500000
vt 0.375000 0.750000
vt 0.625000 0.750000
vt 0.375000 0.500000
vt 0.625000 0.500000
vt 0.375000 0.000000
vt 0.375000 1.000000
vt 0.125000 0.750000
vt 0.625000 0.000000
vt 0.625000 1.000000
vt 0.875000 0.750000
vt 0.375000 0.250000
vt 0.125000 0.500000
vt 0.625000 0.250000
vt 0.875000 0.500000
vt 0.375000 0.750000
vt 0.625000 0.750000
vt 0.375000 0.500000
vt 0.625000 0.500000
vt 0.375000 0.000000
vt 0.375000 1.000000
vt 0.125000 0.750000
vt 0.625000 0.000000
vt 0.625000 1.000000
vt 0.875000 0.750000
vt 0.375000 0.250000
vt 0.125000 0.500000
vt 0.625000 0.250000
vt 0.875000 0.500000
vt 0.375000 0.750000
vt 0.625000 0.750000
vt 0.375000 0.500000
vt 0.625000 0.500000
vt 0.375000 0.000000
vt 0.375000 1.000000
vt 0.625000 0.000000
vt 0.625000 1.000000
vt 0.875000 0.750000
vt 0.375000 0.250000
vt 0.625000 0.250000
vt 0.875000 0.500000
vt 0.375000 0.750000
vt 0.625000 0.750000
vt 0.375000 0.500000
vt 0.625000 0.500000
vt 0.375000 0.250000
vt 0.375000 1.000000
vt 0.375000 0.000000
vt 0.375000 0.500000
vt 0.375000 0.750000
vt 0.375000 0.250000
vt 0.375000 0.000000
vt 0.375000 1.000000
vt 0.375000 0.500000
vt 0.375000 0.750000
vt 0.375000 0.250000
vt 0.375000 1.000000
vt 0.375000 0.000000
vt 0.375000 0.500000
vt 0.375000 0.750000
vt 0.375000 0.250000
vt 0.375000 0.000000
vt 0.375000 1.000000
vt 0.375000 0.500000
vt 0.375000 0.750000
vt 0.375000 0.250000
vt 0.375000 1.000000
vt 0.375000 0.000000
vt 0.375000 0.500000
vt 0.375000 0.750000
vt 0.375000 0.250000
vt 0.375000 1.000000
vt 0.375000 0.000000
vt 0.375000 0.500000
vt 0.375000 0.750000
vt 0.375000 0.250000
vt 0.375000 1.000000
vt 0.375000 0.000000
vt 0.375000 0.500000
vt 0.375000 0.750000
vt 0.125000 0.500000
vt 0.375000 0.250000
vt 0.375000 0.000000
vt 0.125000 0.750000
vt 0.375000 1.000000
vt 0.375000 0.500000
vt 0.375000 0.750000
vt 0.425000 1.000000
vt 0.425000 0.000000
vt 0.475000 1.000000
vt 0.475000 0.000000
vt 0.525000 1.000000
vt 0.525000 0.000000
vt 0.575000 1.000000
vt 0.575000 0.000000
vt 0.575000 0.250000
vt 0.525000 0.250000
vt 0.475000 0.250000
vt 0.425000 0.250000
vt 0.575000 0.500000
vt 0.525000 0.500000
vt 0.475000 0.500000
vt 0.425000 0.500000
vt 0.575000 0.750000
vt 0.525000 0.750000
vt 0.475000 0.750000
vt 0.425000 0.750000
vt 0.375000 0.000000
vt 0.375000 1.000000
vt 0.375000 0.750000
vt 0.375000 0.500000
vt 0.375000 0.250000
vt 0.400000 0.250000
vt 0.400000 0.500000
vt 0.400000 0.750000
vt 0.400000 0.000000
vt 0.400000 1.000000
vt 0.375000 0.750000
vt 0.375000 0.750000
vt 0.375000 0.750000
vt 0.375000 0.750000
vt 0.375000 0.750000
vt 0.375000 0.500000
vt 0.375000 0.500000
vt 0.375000 0.500000
vt 0.375000 0.500000
vt 0.375000 0.500000
vt 0.375000 0.250000
vt 0.375000 0.250000
vt 0.375000 0.250000
vt 0.375000 0.250000
vt 0.375000 0.250000
vt 0.375000 1.000000
vt 0.375000 0.000000
vt 0.375000 1.000000
vt 0.375000 0.000000
vt 0.375000 1.000000
vt 0.375000 0.000000
vt 0.375000 1.000000
vt 0.375000 0.000000
vt 0.375000 1.000000
vt 0.375000 0.000000
vt 0.375000 0.000000
vt 0.375000 1.000000
vt 0.375000 0.000000
vt 0.375000 1.000000
vt 0.375000 0.000000
vt 0.375000 1.000000
vt 0.375000 0.750000
vt 0.375000 0.750000
vt 0.375000 0.750000
vt 0.375000 0.500000
vt 0.375000 0.500000
vt 0.375000 0.500000
vt 0.375000 0.250000
vt 0.375000 0.250000
vt 0.375000 0.250000
vt 0.375000 0.750000
vt 0.375000 0.750000
vt 0.375000 0.750000
vt 0.375000 0.750000
vt 0.375000 0.750000
vt 0.375000 0.500000
vt 0.375000 0.500000
vt 0.375000 0.500000
vt 0.375000 0.500000
vt 0.375000 0.500000
vt 0.375000 0.250000
vt 0.375000 0.250000
vt 0.375000 0.250000
vt 0.375000 0.250000
vt 0.375000 0.250000
vt 0.375000 1.000000
vt 0.375000 0.000000
vt 0.375000 1.000000
vt 0.375000 0.000000
vt 0.375000 1.000000
vt 0.375000 0.000000
vt 0.375000 1.000000
vt 0.375000 0.000000
vt 0.375000 1.000000
vt 0.375000 0.000000
vt 0.375000 0.000000
vt 0.375000 1.000000
vt 0.375000 0.000000
vt 0.375000 1.000000
vt 0.375000 0.000000
vt 0.375000 1.000000
vt 0.375000 0.750000
vt 0.375000 0.750000
vt 0.375000 0.750000
vt 0.375000 0.500000
vt 0.375000 0.500000
vt 0.375000 0.500000
vt 0.375000 0.250000
vt 0.375000 0.250000
vt 0.375000 0.250000
vt 0.375000 0.750000
vt 0.375000 0.750000
vt 0.375000 0.750000
vt 0.375000 0.500000
vt 0.375000 0.500000
vt 0.375000 0.500000
vt 0.375000 0.250000
vt 0.375000 0.250000
vt 0.375000 0.250000
vt 0.375000 1.000000
vt 0.375000 0.000000
vt 0.375000 1.000000
vt 0.375000 0.000000
vt 0.375000 1.000000
vt 0.375000 0.000000
vt 0.375000 0.250000
vt 0.375000 0.250000
vt 0.375000 0.250000
vt 0.375000 1.000000
vt 0.375000 0.000000
vt 0.375000 1.000000
vt 0.375000 0.000000
vt 0.375000 1.000000
vt 0.375000 0.000000
vt 0.375000 0.750000
vt 0.375000 0.750000
vt 0.375000 0.750000
vt 0.375000 0.500000
vt 0.375000 0.500000
vt 0.375000 0.500000
vt 0.375000 0.250000
vt 0.375000 0.250000
vt 0.375000 0.250000
vt 0.375000 1.000000
vt 0.375000 0.000000
vt 0.375000 1.000000
vt 0.375000 0.000000
vt 0.375000 1.000000
vt 0.375000 0.000000
vt 0.375000 0.750000
vt 0.375000 0.750000
vt 0.375000 0.750000
vt 0.375000 0.500000
vt 0.375000 0.500000
vt 0.375000 0.500000
vt 0.125000 0.750000
vt 0.375000 0.000000
vt 0.375000 1.000000
vt 0.625000 0.000000
vt 0.625000 1.000000
vt 0.875000 0.750000
vt 0.125000 0.500000
vt 0.375000 0.250000
vt 0.625000 0.250000
vt 0.875000 0.500000
vt 0.375000 0.750000
vt 0.625000 0.750000
vt 0.375000 0.500000
vt 0.625000 0.500000
vt 0.425000 1.000000
vt 0.425000 0.000000
vt 0.475000 1.000000
vt 0.475000 0.000000
vt 0.525000 1.000000
vt 0.525000 0.000000
vt 0.575000 1.000000
vt 0.575000 0.000000
vt 0.575000 0.250000
vt 0.525000 0.250000
vt 0.475000 0.250000
vt 0.425000 0.250000
vt 0.575000 0.500000
vt 0.525000 0.500000
vt 0.475000 0.500000
vt 0.425000 0.500000
vt 0.575000 0.750000
vt 0.525000 0.750000
vt 0.475000 0.750000
vt 0.425000 0.750000
vt 0.400000 0.250000
vt 0.400000 0.500000
vt 0.400000 0.750000
vt 0.400000 0.000000
vt 0.400000 1.000000
s 0
g Cylinder_Material.002
usemtl Material.002
f 65/98/1 2/2/1 4/6/1 66/101/1
f 66/101/2 4/6/2 6/9/2 67/103/2
f 67/103/3 6/9/3 8/12/3 68/105/3
f 68/105/4 8/12/4 10/15/4 69/107/4
f 69/107/5 10/15/5 12/18/5 70/109/5
f 70/109/6 12/18/6 14/21/6 71/111/6
f 71/111/7 14/21/7 16/24/7 72/113/7
f 72/113/8 16/24/8 18/27/8 73/115/8
f 73/115/9 18/27/9 20/30/9 74/117/9
f 74/117/10 20/30/10 22/33/10 75/119/10
f 75/119/11 22/33/11 24/36/11 76/121/11
f 76/121/12 24/36/12 26/39/12 77/123/12
f 77/123/13 26/39/13 28/42/13 78/125/13
f 78/125/14 28/42/14 30/45/14 79/127/14
f 79/127/15 30/45/15 32/48/15 80/129/15
f 80/129/16 32/48/16 34/51/16 81/131/16
f 81/131/17 34/51/17 36/54/17 82/133/17
f 82/133/18 36/54/18 38/57/18 83/135/18
f 83/135/19 38/57/19 40/60/19 84/137/19
f 84/137/20 40/60/20 42/63/20 85/139/20
f 85/139/21 42/63/21 44/66/21 86/141/21
f 86/141/22 44/66/22 46/69/22 87/143/22
f 87/143/23 46/69/23 48/72/23 88/145/23
f 88/145/24 48/72/24 50/75/24 89/147/24
f 89/147/25 50/75/25 52/78/25 90/149/25
f 90/149/26 52/78/26 54/81/26 91/151/26
f 91/151/27 54/81/27 56/84/27 92/153/27
f 92/153/28 56/84/28 58/87/28 93/155/28
f 93/155/29 58/87/29 60/90/29 94/157/29
f 94/157/30 60/90/30 62/94/30 95/159/30
f 4/7/31 2/3/31 64/96/31 62/93/31 60/91/31 58/88/31 56/85/31 54/82/31 52/79/31 50/76/31 48/73/31 46/70/31 44/67/31 42/64/31 40/61/31 38/58/31 36/55/31 34/52/31 32/49/31 30/46/31 28/43/31 26/40/31 24/37/31 22/34/31 20/31/31 18/28/31 16/25/31 14/22/31 12/19/31 10/16/31 8/13/31 6/10/31
f 95/159/32 62/94/32 64/97/32 96/161/32
f 96/161/33 64/97/33 2/4/33 65/99/33
f 37/56/3 39/59/3 116/182/3 115/181/3
f 3/5/34 1/1/34 65/100/34 66/102/34
f 5/8/34 3/5/34 66/102/34 67/104/34
f 7/11/34 5/8/34 67/104/34 68/106/34
f 9/14/34 7/11/34 68/106/34 69/108/34
f 11/17/34 9/14/34 69/108/34 70/110/34
f 13/20/34 11/17/34 70/110/34 71/112/34
f 15/23/34 13/20/34 71/112/34 72/114/34
f 17/26/34 15/23/34 72/114/34 73/116/34
f 19/29/34 17/26/34 73/116/34 74/118/34
f 21/32/34 19/29/34 74/118/34 75/120/34
f 23/35/34 21/32/34 75/120/34 76/122/34
f 25/38/34 23/35/34 76/122/34 77/124/34
f 27/41/34 25/38/34 77/124/34 78/126/34
f 29/44/34 27/41/34 78/126/34 79/128/34
f 31/47/34 29/44/34 79/128/34 80/130/34
f 33/50/34 31/47/34 80/130/34 81/132/34
f 35/53/34 33/50/34 81/132/34 82/134/34
f 37/56/34 35/53/34 82/134/34 83/136/34
f 39/59/34 37/56/34 83/136/34 84/138/34
f 41/62/34 39/59/34 84/138/34 85/140/34
f 43/65/34 41/62/34 85/140/34 86/142/34
f 45/68/34 43/65/34 86/142/34 87/144/34
f 47/71/34 45/68/34 87/144/34 88/146/34
f 49/74/34 47/71/34 88/146/34 89/148/34
f 51/77/34 49/74/34 89/148/34 90/150/34
f 53/80/34 51/77/34 90/150/34 91/152/34
f 55/83/34 53/80/34 91/152/34 92/154/34
f 57/86/34 55/83/34 92/154/34 93/156/34
f 59/89/34 57/86/34 93/156/34 94/158/34
f 61/92/34 59/89/34 94/158/34 95/160/34
f 63/95/34 61/92/34 95/160/34 96/162/34
f 1/1/34 63/95/34 96/162/34 65/100/34
f 97/163/34 98/164/34 99/165/34 100/166/34 101/167/34 102/168/34 103/169/34 104/170/34 105/171/34 106/172/34 107/173/34 108/174/34 109/175/34 110/176/34 111/177/34 112/178/34 113/179/34 114/180/34 115/181/34 116/182/34 117/183/34 118/184/34 119/185/34 120/186/34 121/187/34 122/188/34 123/189/34 124/190/34 125/191/34 126/192/34 127/193/34 128/194/34
f 11/17/22 13/20/22 103/169/22 102/168/22
f 39/59/4 41/62/4 117/183/4 116/182/4
f 13/20/23 15/23/23 104/170/23 103/169/23
f 41/62/5 43/65/5 118/184/5 117/183/5
f 15/23/24 17/26/24 105/171/24 104/170/24
f 43/65/6 45/68/6 119/185/6 118/184/6
f 17/26/25 19/29/25 106/172/25 105/171/25
f 45/68/7 47/71/7 120/186/7 119/185/7
f 19/29/26 21/32/26 107/173/26 106/172/26
f 47/71/8 49/74/8 121/187/8 120/186/8
f 21/32/27 23/35/27 108/174/27 107/173/27
f 49/74/9 51/77/9 122/188/9 121/187/9
f 23/35/28 25/38/28 109/175/28 108/174/28
f 51/77/10 53/80/10 123/189/10 122/188/10
f 25/38/29 27/41/29 110/176/29 109/175/29
f 53/80/11 55/83/11 124/190/11 123/189/11
f 27/41/30 29/44/30 111/177/30 110/176/30
f 1/1/17 3/5/17 98/164/17 97/163/17
f 55/83/12 57/86/12 125/191/12 124/190/12
f 29/44/32 31/47/32 112/178/32 111/177/32
f 3/5/18 5/8/18 99/165/18 98/164/18
f 57/86/13 59/89/13 126/192/13 125/191/13
f 31/47/33 33/50/33 113/179/33 112/178/33
f 5/8/19 7/11/19 100/166/19 99/165/19
f 59/89/14 61/92/14 127/193/14 126/192/14
f 33/50/1 35/53/1 114/180/1 113/179/1
f 7/11/20 9/14/20 101/167/20 100/166/20
f 61/92/15 63/95/15 128/194/15 127/193/15
f 35/53/2 37/56/2 115/181/2 114/180/2
f 9/14/21 11/17/21 102/168/21 101/167/21
f 63/95/16 1/1/16 97/163/16 128/194/16
f 193/292/1 130/196/1 132/200/1 194/295/1
f 194/295/2 132/200/2 134/203/2 195/297/2
f 195/297/3 134/203/3 136/206/3 196/299/3
f 196/299/4 136/206/4 138/209/4 197/301/4
f 197/301/5 138/209/5 140/212/5 198/303/5
f 198/303/6 140/212/6 142/215/6 199/305/6
f 199/305/7 142/215/7 144/218/7 200/307/7
f 200/307/8 144/218/8 146/221/8 201/309/8
f 201/309/9 146/221/9 148/224/9 202/311/9
f 202/311/10 148/224/10 150/227/10 203/313/10
f 203/313/11 150/227/11 152/230/11 204/315/11
f 204/315/12 152/230/12 154/233/12 205/317/12
f 205/317/13 154/233/13 156/236/13 206/319/13
f 206/319/14 156/236/14 158/239/14 207/321/14
f 207/321/15 158/239/15 160/242/15 208/323/15
f 208/323/16 160/242/16 162/245/16 209/325/16
f 209/325/17 162/245/17 164/248/17 210/327/17
f 210/327/18 164/248/18 166/251/18 211/329/18
f 211/329/19 166/251/19 168/254/19 212/331/19
f 212/331/20 168/254/20 170/257/20 213/333/20
f 213/333/21 170/257/21 172/260/21 214/335/21
f 214/335/22 172/260/22 174/263/22 215/337/22
f 215/337/23 174/263/23 176/266/23 216/339/23
f 216/339/24 176/266/24 178/269/24 217/341/24
f 217/341/25 178/269/25 180/272/25 218/343/25
f 218/343/26 180/272/26 182/275/26 219/345/26
f 219/345/27 182/275/27 184/278/27 220/347/27
f 220/347/28 184/278/28 186/281/28 221/349/28
f 221/349/29 186/281/29 188/284/29 222/351/29
f 222/351/30 188/284/30 190/288/30 223/353/30
f 132/201/31 130/197/31 192/290/31 190/287/31 188/285/31 186/282/31 184/279/31 182/276/31 180/273/31 178/270/31 176/267/31 174/264/31 172/261/31 170/258/31 168/255/31 166/252/31 164/249/31 162/246/31 160/243/31 158/240/31 156/237/31 154/234/31 152/231/31 150/228/31 148/225/31 146/222/31 144/219/31 142/216/31 140/213/31 138/210/31 136/207/31 134/204/31
f 223/353/32 190/288/32 192/291/32 224/355/32
f 224/355/33 192/291/33 130/198/33 193/293/33
f 149/226/11 151/229/11 236/368/11 235/367/11
f 131/199/34 129/195/34 193/294/34 194/296/34
f 133/202/34 131/199/34 194/296/34 195/298/34
f 135/205/34 133/202/34 195/298/34 196/300/34
f 137/208/34 135/205/34 196/300/34 197/302/34
f 139/211/34 137/208/34 197/302/34 198/304/34
f 141/214/34 139/211/34 198/304/34 199/306/34
f 143/217/34 141/214/34 199/306/34 200/308/34
f 145/220/34 143/217/34 200/308/34 201/310/34
f 147/223/34 145/220/34 201/310/34 202/312/34
f 149/226/34 147/223/34 202/312/34 203/314/34
f 151/229/34 149/226/34 203/314/34 204/316/34
f 153/232/34 151/229/34 204/316/34 205/318/34
f 155/235/34 153/232/34 205/318/34 206/320/34
f 157/238/34 155/235/34 206/320/34 207/322/34
f 159/241/34 157/238/34 207/322/34 208/324/34
f 161/244/34 159/241/34 208/324/34 209/326/34
f 163/247/34 161/244/34 209/326/34 210/328/34
f 165/250/34 163/247/34 210/328/34 211/330/34
f 167/253/34 165/250/34 211/330/34 212/332/34
f 169/256/34 167/253/34 212/332/34 213/334/34
f 171/259/34 169/256/34 213/334/34 214/336/34
f 173/262/34 171/259/34 214/336/34 215/338/34
f 175/265/34 173/262/34 215/338/34 216/340/34
f 177/268/34 175/265/34 216/340/34 217/342/34
f 179/271/34 177/268/34 217/342/34 218/344/34
f 181/274/34 179/271/34 218/344/34 219/346/34
f 183/277/34 181/274/34 219/346/34 220/348/34
f 185/280/34 183/277/34 220/348/34 221/350/34
f 187/283/34 185/280/34 221/350/34 222/352/34
f 189/286/34 187/283/34 222/352/34 223/354/34
f 191/289/34 189/286/34 223/354/34 224/356/34
f 129/195/34 191/289/34 224/356/34 193/294/34
f 225/357/34 226/358/34 227/359/34 228/360/34 229/361/34 230/362/34 231/363/34 232/364/34 233/365/34 234/366/34 235/367/34 236/368/34 237/369/34 238/370/34 239/371/34 240/372/34 241/373/34 242/374/34 243/375/34 244/376/34 245/377/34 246/378/34 247/379/34 248/380/34 249/381/34 250/382/34 251/383/34 252/384/34 253/385/34 254/386/34 255/387/34 256/388/34
f 177/268/25 179/271/25 250/382/25 249/381/25
f 151/229/12 153/232/12 237/369/12 236/368/12
f 179/271/26 181/274/26 251/383/26 250/382/26
f 153/232/13 155/235/13 238/370/13 237/369/13
f 181/274/27 183/277/27 252/384/27 251/383/27
f 155/235/14 157/238/14 239/371/14 238/370/14
f 129/195/1 131/199/1 226/358/1 225/357/1
f 183/277/28 185/280/28 253/385/28 252/384/28
f 157/238/15 159/241/15 240/372/15 239/371/15
f 131/199/2 133/202/2 227/359/2 226/358/2
f 185/280/29 187/283/29 254/386/29 253/385/29
f 159/241/16 161/244/16 241/373/16 240/372/16
f 133/202/3 135/205/3 228/360/3 227/359/3
f 187/283/30 189/286/30 255/387/30 254/386/30
f 161/244/17 163/247/17 242/374/17 241/373/17
f 135/205/4 137/208/4 229/361/4 228/360/4
f 189/286/32 191/289/32 256/388/32 255/387/32
f 163/247/18 165/250/18 243/375/18 242/374/18
f 137/208/5 139/211/5 230/362/5 229/361/5
f 191/289/33 129/195/33 225/357/33 256/388/33
f 165/250/19 167/253/19 244/376/19 243/375/19
f 139/211/6 141/214/6 231/363/6 230/362/6
f 167/253/20 169/256/20 245/377/20 244/376/20
f 141/214/7 143/217/7 232/364/7 231/363/7
f 169/256/21 171/259/21 246/378/21 245/377/21
f 143/217/8 145/220/8 233/365/8 232/364/8
f 171/259/22 173/262/22 247/379/22 246/378/22
f 145/220/9 147/223/9 234/366/9 233/365/9
f 173/262/23 175/265/23 248/380/23 247/379/23
f 147/223/10 149/226/10 235/367/10 234/366/10
f 175/265/24 177/268/24 249/381/24 248/380/24
f 1193/1572/34 1194/1575/34 1196/1580/34 1195/1578/34
f 1195/1578/240 1196/1580/240 1200/1585/240 1199/1584/240
f 1199/1584/31 1200/1585/31 1198/1583/31 1197/1582/31
f 1197/1582/239 1198/1583/239 1194/1576/239 1193/1573/239
f 1195/1579/800 1199/1584/800 1197/1582/800 1193/1574/800
f 1200/1585/39 1196/1581/39 1194/1577/39 1198/1583/39
f 1201/1586/801 1202/1589/801 1204/1594/801 1203/1592/801
f 1203/1592/802 1204/1594/802 1206/1598/802 1205/1596/802
f 1205/1596/803 1206/1598/803 1208/1602/803 1207/1600/803
f 1207/1600/804 1208/1602/804 1210/1606/804 1209/1604/804
f 1209/1604/805 1210/1606/805 1212/1610/805 1211/1608/805
f 1211/1608/806 1212/1610/806 1214/1614/806 1213/1612/806
f 1213/1612/807 1214/1614/807 1216/1618/807 1215/1616/807
f 1215/1616/808 1216/1618/808 1218/1622/808 1217/1620/808
f 1217/1620/809 1218/1622/809 1220/1626/809 1219/1624/809
f 1219/1624/810 1220/1626/810 1222/1630/810 1221/1628/810
f 1221/1628/811 1222/1630/811 1224/1634/811 1223/1632/811
f 1223/1632/812 1224/1634/812 1226/1638/812 1225/1636/812
f 1225/1636/813 1226/1638/813 1228/1642/813 1227/1640/813
f 1227/1640/814 1228/1642/814 1230/1646/814 1229/1644/814
f 1229/1644/815 1230/1646/815 1232/1650/815 1231/1648/815
f 1231/1648/816 1232/1650/816 1234/1654/816 1233/1652/816
f 1233/1652/817 1234/1654/817 1236/1658/817 1235/1656/817
f 1235/1656/818 1236/1658/818 1238/1662/818 1237/1660/818
f 1237/1660/819 1238/1662/819 1240/1666/819 1239/1664/819
f 1239/1664/820 1240/1666/820 1242/1670/820 1241/1668/820
f 1241/1668/821 1242/1670/821 1244/1674/821 1243/1672/821
f 1243/1672/822 1244/1674/822 1246/1678/822 1245/1676/822
f 1245/1676/823 1246/1678/823 1248/1682/823 1247/1680/823
f 1247/1680/824 1248/1682/824 1250/1686/824 1249/1684/824
f 1249/1684/825 1250/1686/825 1252/1690/825 1251/1688/825
f 1251/1688/826 1252/1690/826 1254/1694/826 1253/1692/826
f 1253/1692/827 1254/1694/827 1256/1698/827 1255/1696/827
f 1255/1696/828 1256/1698/828 1258/1702/828 1257/1700/828
f 1257/1700/829 1258/1702/829 1260/1706/829 1259/1704/829
f 1259/1704/830 1260/1706/830 1262/1711/830 1261/1708/830
f 1204/1595/31 1202/1590/31 1264/1714/31 1262/1710/31 1260/1707/31 1258/1703/31 1256/1699/31 1254/1695/31 1252/1691/31 1250/1687/31 1248/1683/31 1246/1679/31 1244/1675/31 1242/1671/31 1240/1667/31 1238/1663/31 1236/1659/31 1234/1655/31 1232/1651/31 1230/1647/31 1228/1643/31 1226/1639/31 1224/1635/31 1222/1631/31 1220/1627/31 1218/1623/31 1216/1619/31 1214/1615/31 1212/1611/31 1210/1607/31 1208/1603/31 1206/1599/31
f 1261/1708/831 1262/1711/831 1264/1715/831 1263/1712/831
f 1263/1712/832 1264/1715/832 1202/1591/832 1201/1587/832
f 1201/1588/34 1203/1593/34 1205/1597/34 1207/1601/34 1209/1605/34 1211/1609/34 1213/1613/34 1215/1617/34 1217/1621/34 1219/1625/34 1221/1629/34 1223/1633/34 1225/1637/34 1227/1641/34 1229/1645/34 1231/1649/34 1233/1653/34 1235/1657/34 1237/1661/34 1239/1665/34 1241/1669/34 1243/1673/34 1245/1677/34 1247/1681/34 1249/1685/34 1251/1689/34 1253/1693/34 1255/1697/34 1257/1701/34 1259/1705/34 1261/1709/34 1263/1713/34
f 1265/1716/34 1266/1719/34 1268/1724/34 1267/1722/34
f 1267/1722/240 1268/1724/240 1272/1729/240 1271/1728/240
f 1271/1728/31 1272/1729/31 1270/1727/31 1269/1726/31
f 1269/1726/239 1270/1727/239 1266/1720/239 1265/1717/239
f 1267/1723/800 1271/1728/800 1269/1726/800 1265/1718/800
f 1272/1729/39 1268/1725/39 1266/1721/39 1270/1727/39
f 1273/1730/34 1274/1733/34 1276/1738/34 1275/1736/34
f 1275/1736/240 1276/1738/240 1280/1743/240 1279/1742/240
f 1279/1742/31 1280/1743/31 1278/1741/31 1277/1740/31
f 1277/1740/239 1278/1741/239 1274/1734/239 1273/1731/239
f 1275/1737/800 1279/1742/800 1277/1740/800 1273/1732/800
f 1280/1743/39 1276/1739/39 1274/1735/39 1278/1741/39
f 1281/1744/34 1282/1747/34 1284/1752/34 1283/1750/34
f 1283/1750/240 1284/1752/240 1288/1757/240 1287/1756/240
f 1287/1756/31 1288/1757/31 1286/1755/31 1285/1754/31
f 1285/1754/239 1286/1755/239 1282/1748/239 1281/1745/239
f 1283/1751/800 1287/1756/800 1285/1754/800 1281/1746/800
f 1288/1757/39 1284/1753/39 1282/1749/39 1286/1755/39
f 1289/1758/34 1290/1761/34 1292/1766/34 1291/1764/34
f 1291/1764/240 1292/1766/240 1296/1771/240 1295/1770/240
f 1295/1770/31 1296/1771/31 1294/1769/31 1293/1768/31
f 1293/1768/239 1294/1769/239 1290/1762/239 1289/1759/239
f 1291/1765/800 1295/1770/800 1293/1768/800 1289/1760/800
f 1296/1771/39 1292/1767/39 1290/1763/39 1294/1769/39
f 1297/1772/34 1298/1775/34 1300/1780/34 1299/1778/34
f 1299/1778/240 1300/1780/240 1304/1785/240 1303/1784/240
f 1303/1784/31 1304/1785/31 1302/1783/31 1301/1782/31
f 1301/1782/239 1302/1783/239 1298/1776/239 1297/1773/239
f 1299/1779/800 1303/1784/800 1301/1782/800 1297/1774/800
f 1304/1785/39 1300/1781/39 1298/1777/39 1302/1783/39
f 1305/1786/34 1306/1789/34 1308/1794/34 1307/1792/34
f 1307/1792/240 1308/1794/240 1312/1799/240 1311/1798/240
f 1311/1798/31 1312/1799/31 1310/1797/31 1309/1796/31
f 1309/1796/239 1310/1797/239 1306/1790/239 1305/1787/239
f 1307/1793/800 1311/1798/800 1309/1796/800 1305/1788/800
f 1312/1799/39 1308/1795/39 1306/1791/39 1310/1797/39
f 1313/1800/34 1314/1803/34 1316/1808/34 1315/1806/34
f 1315/1806/240 1316/1808/240 1320/1813/240 1319/1812/240
f 1319/1812/31 1320/1813/31 1318/1811/31 1317/1810/31
f 1317/1810/239 1318/1811/239 1314/1804/239 1313/1801/239
f 1315/1807/800 1319/1812/800 1317/1810/800 1313/1802/800
f 1320/1813/39 1316/1809/39 1314/1805/39 1318/1811/39
f 1321/1814/34 1322/1817/34 1324/1822/34 1323/1820/34
f 1323/1820/240 1324/1822/240 1328/1827/240 1327/1826/240
f 1327/1826/31 1328/1827/31 1326/1825/31 1325/1824/31
f 1325/1824/239 1326/1825/239 1322/1818/239 1321/1815/239
f 1323/1821/800 1327/1826/800 1325/1824/800 1321/1816/800
f 1328/1827/39 1324/1823/39 1322/1819/39 1326/1825/39
f 1372/1889/833 1330/1830/833 1332/1834/833 1373/1890/833
f 1373/1890/240 1332/1834/240 1336/1839/240 1377/1894/240
f 1377/1894/834 1336/1839/834 1334/1837/834 1381/1898/834
f 1381/1898/239 1334/1837/239 1330/1831/239 1372/1888/239
f 1386/1904/239 1385/1903/239 1338/1841/239 1340/1844/239
f 1336/1839/835 1332/1835/835 1330/1832/835 1334/1837/835
f 1398/1917/836 1397/1916/836 1344/1849/836 1343/1848/836
f 1388/1906/240 1387/1905/240 1339/1843/240 1337/1840/240
f 1385/1902/837 1388/1906/837 1337/1840/837 1338/1842/837
f 1387/1905/838 1386/1904/838 1340/1844/838 1339/1843/838
f 1416/1943/239 1415/1942/239 1346/1851/239 1348/1854/239
f 1408/1928/839 1407/1926/839 1341/1845/839 1342/1846/839
f 1397/1916/239 1408/1927/239 1342/1847/239 1344/1849/239
f 1407/1926/240 1398/1917/240 1343/1848/240 1341/1845/240
f 1430/1957/840 1429/1956/840 1352/1859/840 1351/1858/840
f 1422/1949/240 1421/1948/240 1347/1853/240 1345/1850/240
f 1421/1948/76 1416/1943/76 1348/1854/76 1347/1853/76
f 1415/1941/841 1422/1949/841 1345/1850/841 1346/1852/841
f 1448/1983/239 1447/1982/239 1354/1861/239 1356/1864/239
f 1440/1968/842 1439/1966/842 1349/1855/842 1350/1856/842
f 1429/1956/239 1440/1967/239 1350/1857/239 1352/1859/239
f 1439/1966/240 1430/1957/240 1351/1858/240 1349/1855/240
f 1460/1995/843 1459/1994/843 1360/1869/843 1359/1868/843
f 1454/1989/240 1453/1988/240 1355/1863/240 1353/1860/240
f 1453/1988/844 1448/1983/844 1356/1864/844 1355/1863/844
f 1447/1981/845 1454/1989/845 1353/1860/845 1354/1862/845
f 1472/2011/846 1471/2009/846 1361/1870/846 1362/1872/846
f 1466/2002/847 1465/2000/847 1357/1865/847 1358/1867/847
f 1459/1994/239 1466/2001/239 1358/1866/239 1360/1869/239
f 1465/2000/240 1460/1995/240 1359/1868/240 1357/1865/240
f 1484/2026/848 1483/2024/848 1365/1876/848 1366/1877/848
f 1475/2016/239 1472/2010/239 1362/1871/239 1364/1874/239
f 1471/2009/240 1480/2021/240 1363/1873/240 1361/1870/240
f 1480/2021/849 1475/2016/849 1364/1874/849 1363/1873/849
f 1365/1875/850 1367/1880/850 1368/1881/850 1366/1878/850
f 1487/2031/239 1484/2025/239 1366/1879/239 1368/1881/239
f 1483/2024/240 1492/2036/240 1367/1880/240 1365/1876/240
f 1492/2036/851 1487/2031/851 1368/1881/851 1367/1880/851
f 1391/1909/239 1384/1901/239 1369/1882/239 1392/1911/239
f 1384/1901/239 1383/1900/239 1370/1884/239 1369/1882/239
f 1383/1900/239 1382/1899/239 1371/1886/239 1370/1884/239
f 1382/1899/239 1381/1898/239 1372/1888/239 1371/1886/239
f 1390/1908/852 1380/1897/852 1384/1901/852 1391/1909/852
f 1380/1897/853 1379/1896/853 1383/1900/853 1384/1901/853
f 1379/1896/854 1378/1895/854 1382/1899/854 1383/1900/854
f 1378/1895/855 1377/1894/855 1381/1898/855 1382/1899/855
f 1389/1907/240 1376/1893/240 1380/1897/240 1390/1908/240
f 1376/1893/240 1375/1892/240 1379/1896/240 1380/1897/240
f 1375/1892/240 1374/1891/240 1378/1895/240 1379/1896/240
f 1374/1891/240 1373/1890/240 1377/1894/240 1378/1895/240
f 1392/1910/856 1369/1883/856 1376/1893/856 1389/1907/856
f 1369/1883/857 1370/1885/857 1375/1892/857 1376/1893/857
f 1370/1885/858 1371/1887/858 1374/1891/858 1375/1892/858
f 1371/1887/859 1372/1889/859 1373/1890/859 1374/1891/859
f 1335/1838/860 1333/1836/860 1386/1904/860 1387/1905/860
f 1329/1828/837 1331/1833/837 1388/1906/837 1385/1902/837
f 1331/1833/240 1335/1838/240 1387/1905/240 1388/1906/240
f 1333/1836/239 1329/1829/239 1385/1903/239 1386/1904/239
f 1329/1828/861 1392/1910/861 1389/1907/861 1331/1833/861
f 1331/1833/240 1389/1907/240 1390/1908/240 1335/1838/240
f 1335/1838/862 1390/1908/862 1391/1909/862 1333/1836/862
f 1333/1836/239 1391/1909/239 1392/1911/239 1329/1829/239
f 1337/1840/240 1339/1843/240 1402/1921/240 1403/1922/240
f 1403/1922/240 1402/1921/240 1401/1920/240 1404/1923/240
f 1404/1923/240 1401/1920/240 1400/1919/240 1405/1924/240
f 1405/1924/240 1400/1919/240 1399/1918/240 1406/1925/240
f 1406/1925/240 1399/1918/240 1398/1917/240 1407/1926/240
f 1340/1844/239 1338/1841/239 1412/1935/239 1393/1912/239
f 1393/1912/239 1412/1935/239 1411/1933/239 1394/1913/239
f 1394/1913/239 1411/1933/239 1410/1931/239 1395/1914/239
f 1395/1914/239 1410/1931/239 1409/1929/239 1396/1915/239
f 1396/1915/239 1409/1929/239 1408/1927/239 1397/1916/239
f 1338/1842/863 1337/1840/863 1403/1922/863 1412/1936/863
f 1412/1936/864 1403/1922/864 1404/1923/864 1411/1934/864
f 1411/1934/865 1404/1923/865 1405/1924/865 1410/1932/865
f 1410/1932/866 1405/1924/866 1406/1925/866 1409/1930/866
f 1409/1930/867 1406/1925/867 1407/1926/867 1408/1928/867
f 1339/1843/868 1340/1844/868 1393/1912/868 1402/1921/868
f 1402/1921/869 1393/1912/869 1394/1913/869 1401/1920/869
f 1401/1920/870 1394/1913/870 1395/1914/870 1400/1919/870
f 1400/1919/871 1395/1914/871 1396/1915/871 1399/1918/871
f 1399/1918/872 1396/1915/872 1397/1916/872 1398/1917/872
f 1342/1846/873 1341/1845/873 1424/1951/873 1413/1937/873
f 1413/1937/874 1424/1951/874 1423/1950/874 1414/1939/874
f 1414/1939/875 1423/1950/875 1422/1949/875 1415/1941/875
f 1343/1848/876 1344/1849/876 1418/1945/876 1419/1946/876
f 1419/1946/877 1418/1945/877 1417/1944/877 1420/1947/877
f 1420/1947/878 1417/1944/878 1416/1943/878 1421/1948/878
f 1341/1845/240 1343/1848/240 1419/1946/240 1424/1951/240
f 1424/1951/240 1419/1946/240 1420/1947/240 1423/1950/240
f 1423/1950/240 1420/1947/240 1421/1948/240 1422/1949/240
f 1344/1849/239 1342/1847/239 1413/1938/239 1418/1945/239
f 1418/1945/239 1413/1938/239 1414/1940/239 1417/1944/239
f 1417/1944/239 1414/1940/239 1415/1942/239 1416/1943/239
f 1345/1850/240 1347/1853/240 1434/1961/240 1435/1962/240
f 1435/1962/240 1434/1961/240 1433/1960/240 1436/1963/240
f 1436/1963/240 1433/1960/240 1432/1959/240 1437/1964/240
f 1437/1964/240 1432/1959/240 1431/1958/240 1438/1965/240
f 1438/1965/240 1431/1958/240 1430/1957/240 1439/1966/240
f 1348/1854/239 1346/1851/239 1444/1975/239 1425/1952/239
f 1425/1952/239 1444/1975/239 1443/1973/239 1426/1953/239
f 1426/1953/239 1443/1973/239 1442/1971/239 1427/1954/239
f 1427/1954/239 1442/1971/239 1441/1969/239 1428/1955/239
f 1428/1955/239 1441/1969/239 1440/1967/239 1429/1956/239
f 1346/1852/879 1345/1850/879 1435/1962/879 1444/1976/879
f 1444/1976/879 1435/1962/879 1436/1963/879 1443/1974/879
f 1443/1974/879 1436/1963/879 1437/1964/879 1442/1972/879
f 1442/1972/879 1437/1964/879 1438/1965/879 1441/1970/879
f 1441/1970/880 1438/1965/880 1439/1966/880 1440/1968/880
f 1347/1853/881 1348/1854/881 1425/1952/881 1434/1961/881
f 1434/1961/881 1425/1952/881 1426/1953/881 1433/1960/881
f 1433/1960/881 1426/1953/881 1427/1954/881 1432/1959/881
f 1432/1959/882 1427/1954/882 1428/1955/882 1431/1958/882
f 1431/1958/883 1428/1955/883 1429/1956/883 1430/1957/883
f 1350/1856/884 1349/1855/884 1456/1991/884 1445/1977/884
f 1445/1977/885 1456/1991/885 1455/1990/885 1446/1979/885
f 1446/1979/886 1455/1990/886 1454/1989/886 1447/1981/886
f 1351/1858/887 1352/1859/887 1450/1985/887 1451/1986/887
f 1451/1986/888 1450/1985/888 1449/1984/888 1452/1987/888
f 1452/1987/889 1449/1984/889 1448/1983/889 1453/1988/889
f 1349/1855/240 1351/1858/240 1451/1986/240 1456/1991/240
f 1456/1991/240 1451/1986/240 1452/1987/240 1455/1990/240
f 1455/1990/240 1452/1987/240 1453/1988/240 1454/1989/240
f 1352/1859/239 1350/1857/239 1445/1978/239 1450/1985/239
f 1450/1985/239 1445/1978/239 1446/1980/239 1449/1984/239
f 1449/1984/239 1446/1980/239 1447/1982/239 1448/1983/239
f 1353/1860/240 1355/1863/240 1462/1997/240 1463/1998/240
f 1463/1998/240 1462/1997/240 1461/1996/240 1464/1999/240
f 1464/1999/240 1461/1996/240 1460/1995/240 1465/2000/240
f 1356/1864/239 1354/1861/239 1468/2005/239 1457/1992/239
f 1457/1992/239 1468/2005/239 1467/2003/239 1458/1993/239
f 1458/1993/239 1467/2003/239 1466/2001/239 1459/1994/239
f 1354/1862/890 1353/1860/890 1463/1998/890 1468/2006/890
f 1468/2006/891 1463/1998/891 1464/1999/891 1467/2004/891
f 1467/2004/891 1464/1999/891 1465/2000/891 1466/2002/891
f 1355/1863/892 1356/1864/892 1457/1992/892 1462/1997/892
f 1462/1997/893 1457/1992/893 1458/1993/893 1461/1996/893
f 1461/1996/894 1458/1993/894 1459/1994/894 1460/1995/894
f 1359/1868/895 1360/1869/895 1477/2018/895 1478/2019/895
f 1478/2019/896 1477/2018/896 1476/2017/896 1479/2020/896
f 1479/2020/897 1476/2017/897 1475/2016/897 1480/2021/897
f 1357/1865/240 1359/1868/240 1478/2019/240 1469/2007/240
f 1469/2007/240 1478/2019/240 1479/2020/240 1470/2008/240
f 1470/2008/240 1479/2020/240 1480/2021/240 1471/2009/240
f 1360/1869/239 1358/1866/239 1474/2014/239 1477/2018/239
f 1477/2018/239 1474/2014/239 1473/2012/239 1476/2017/239
f 1476/2017/239 1473/2012/239 1472/2010/239 1475/2016/239
f 1358/1867/898 1357/1865/898 1469/2007/898 1474/2015/898
f 1474/2015/846 1469/2007/846 1470/2008/846 1473/2013/846
f 1473/2013/899 1470/2008/899 1471/2009/899 1472/2011/899
f 1363/1873/900 1364/1874/900 1489/2033/900 1490/2034/900
f 1490/2034/901 1489/2033/901 1488/2032/901 1491/2035/901
f 1491/2035/902 1488/2032/902 1487/2031/902 1492/2036/902
f 1361/1870/240 1363/1873/240 1490/2034/240 1481/2022/240
f 1481/2022/240 1490/2034/240 1491/2035/240 1482/2023/240
f 1482/2023/240 1491/2035/240 1492/2036/240 1483/2024/240
f 1364/1874/239 1362/1871/239 1486/2029/239 1489/2033/239
f 1489/2033/239 1486/2029/239 1485/2027/239 1488/2032/239
f 1488/2032/239 1485/2027/239 1484/2025/239 1487/2031/239
f 1362/1872/848 1361/1870/848 1481/2022/848 1486/2030/848
f 1486/2030/903 1481/2022/903 1482/2023/903 1485/2028/903
f 1485/2028/904 1482/2023/904 1483/2024/904 1484/2026/904
f 1504/2058/905 1494/2040/905 1496/2045/905 1505/2059/905
f 1505/2059/240 1496/2045/240 1500/2050/240 1509/2063/240
f 1509/2063/906 1500/2050/906 1498/2048/906 1513/2067/906
f 1513/2067/239 1498/2048/239 1494/2041/239 1504/2057/239
f 1495/2043/800 1499/2049/800 1497/2047/800 1493/2037/800
f 1500/2050/39 1496/2046/39 1494/2042/39 1498/2048/39
f 1519/2073/239 1516/2070/239 1501/2051/239 1520/2075/239
f 1516/2070/239 1515/2069/239 1502/2053/239 1501/2051/239
f 1515/2069/239 1514/2068/239 1503/2055/239 1502/2053/239
f 1514/2068/239 1513/2067/239 1504/2057/239 1503/2055/239
f 1518/2072/907 1512/2066/907 1516/2070/907 1519/2073/907
f 1512/2066/908 1511/2065/908 1515/2069/908 1516/2070/908
f 1511/2065/909 1510/2064/909 1514/2068/909 1515/2069/909
f 1510/2064/910 1509/2063/910 1513/2067/910 1514/2068/910
f 1517/2071/240 1508/2062/240 1512/2066/240 1518/2072/240
f 1508/2062/240 1507/2061/240 1511/2065/240 1512/2066/240
f 1507/2061/240 1506/2060/240 1510/2064/240 1511/2065/240
f 1506/2060/240 1505/2059/240 1509/2063/240 1510/2064/240
f 1520/2074/911 1501/2052/911 1508/2062/911 1517/2071/911
f 1501/2052/912 1502/2054/912 1507/2061/912 1508/2062/912
f 1502/2054/913 1503/2056/913 1506/2060/913 1507/2061/913
f 1503/2056/914 1504/2058/914 1505/2059/914 1506/2060/914
f 1493/2038/915 1520/2074/915 1517/2071/915 1495/2044/915
f 1495/2044/240 1517/2071/240 1518/2072/240 1499/2049/240
f 1499/2049/916 1518/2072/916 1519/2073/916 1497/2047/916
f 1497/2047/239 1519/2073/239 1520/2075/239 1493/2039/239
g Cylinder_Material.001
usemtl Material.001
f 485/769/34 258/392/34 260/398/34 486/770/34
f 530/814/35 345/564/35 264/402/35 487/771/35
f 487/771/36 264/402/36 262/400/36 488/772/36
f 502/786/37 280/434/37 258/393/37 485/768/37
f 347/567/38 263/401/38 261/399/38 346/565/38
f 281/436/39 260/397/39 258/394/39 280/433/39
f 405/684/40 266/405/40 268/409/40 404/682/40
f 399/671/41 265/403/41 267/407/41 398/669/41
f 560/844/42 404/681/42 268/410/42 489/773/42
f 556/840/43 397/668/43 266/406/43 490/774/43
f 486/770/44 260/398/44 281/435/44 491/775/44
f 491/775/45 281/435/45 282/437/45 492/776/45
f 492/776/46 282/437/46 283/439/46 493/777/46
f 493/777/47 283/439/47 284/442/47 494/778/47
f 584/880/48 569/862/48 285/443/48 495/779/48
f 550/834/49 384/642/49 286/446/49 496/780/49
f 259/395/50 274/421/50 287/447/50 257/389/50
f 274/421/51 273/419/51 288/449/51 287/447/51
f 273/419/52 272/417/52 289/451/52 288/449/52
f 272/417/53 271/416/53 290/454/53 289/451/53
f 561/846/54 270/413/54 291/455/54 572/868/54
f 373/619/55 269/411/55 292/457/55 388/649/55
f 395/664/56 286/445/56 275/424/56 394/662/56
f 381/635/57 285/444/57 276/426/57 380/634/57
f 567/857/58 284/441/58 277/427/58 566/856/58
f 284/441/39 283/440/39 278/429/39 277/427/39
f 283/440/39 282/438/39 279/431/39 278/429/39
f 282/438/59 281/436/59 280/433/59 279/431/59
f 554/838/60 394/661/60 275/423/60 497/781/60
f 546/830/61 380/633/61 276/425/61 498/782/61
f 581/877/62 566/855/62 277/428/62 499/783/62
f 499/783/63 277/428/63 278/430/63 500/784/63
f 500/784/64 278/430/64 279/432/64 501/785/64
f 501/785/65 279/432/65 280/434/65 502/786/65
f 527/811/66 344/562/66 311/496/66 503/787/66
f 526/810/67 340/554/67 312/498/67 504/788/67
f 524/808/68 336/546/68 313/500/68 505/789/68
f 522/806/69 332/538/69 314/502/69 506/790/69
f 520/804/70 328/530/70 315/504/70 507/791/70
f 518/802/71 324/522/71 316/505/71 508/792/71
f 341/555/72 298/469/72 311/495/72 344/561/72
f 337/548/73 297/467/73 312/497/73 340/553/73
f 333/540/73 296/465/73 313/499/73 336/545/73
f 329/532/74 295/463/74 314/501/74 332/537/74
f 325/524/75 294/461/75 315/503/75 328/529/75
f 321/516/76 293/459/76 316/506/76 324/521/76
f 317/507/77 310/493/77 299/471/77 320/513/77
f 323/519/78 309/491/78 300/473/78 322/517/78
f 327/527/79 308/489/79 301/475/79 326/525/79
f 331/535/80 307/487/80 302/477/80 330/533/80
f 335/543/79 306/485/79 303/479/79 334/541/79
f 339/551/81 305/483/81 304/481/81 338/549/81
f 515/799/82 319/511/82 293/460/82 509/793/82
f 517/801/83 321/515/83 294/462/83 510/794/83
f 519/803/84 325/523/84 295/464/84 511/795/84
f 521/805/85 329/531/85 296/466/85 512/796/85
f 523/807/86 333/539/86 297/468/86 513/797/86
f 525/809/87 337/547/87 298/470/87 514/798/87
f 558/842/88 406/685/88 319/511/88 515/799/88
f 401/675/77 317/507/77 320/513/77 408/689/77
f 508/792/89 316/505/89 318/509/89 516/800/89
f 293/459/90 319/512/90 318/510/90 316/506/90
f 509/793/91 293/460/91 321/515/91 517/801/91
f 310/493/92 323/519/92 322/517/92 299/471/92
f 294/461/76 321/516/76 324/521/76 315/503/76
f 507/791/93 315/504/93 324/522/93 518/802/93
f 510/794/94 294/462/94 325/523/94 519/803/94
f 309/491/95 327/527/95 326/525/95 300/473/95
f 295/463/75 325/524/75 328/529/75 314/501/75
f 506/790/96 314/502/96 328/530/96 520/804/96
f 511/795/97 295/464/97 329/531/97 521/805/97
f 308/489/80 331/535/80 330/533/80 301/475/80
f 296/465/74 329/532/74 332/537/74 313/499/74
f 505/789/98 313/500/98 332/538/98 522/806/98
f 512/796/99 296/466/99 333/539/99 523/807/99
f 307/487/79 335/543/79 334/541/79 302/477/79
f 297/467/73 333/540/73 336/545/73 312/497/73
f 504/788/100 312/498/100 336/546/100 524/808/100
f 513/797/101 297/468/101 337/547/101 525/809/101
f 306/485/102 339/551/102 338/549/102 303/479/102
f 298/469/73 337/548/73 340/553/73 311/495/73
f 503/787/103 311/496/103 340/554/103 526/810/103
f 345/563/104 341/555/104 344/561/104 348/570/104
f 529/813/105 348/569/105 344/562/105 527/811/105
f 305/483/106 343/559/106 342/557/106 304/481/106
f 514/798/107 298/470/107 341/556/107 528/812/107
f 488/772/108 262/400/108 348/569/108 529/813/108
f 264/402/109 345/563/109 348/570/109 262/400/109
f 343/559/110 347/567/110 346/565/110 342/557/110
f 528/812/111 341/556/111 345/564/111 530/814/111
f 555/839/112 400/674/112 358/590/112 531/815/112
f 542/826/113 372/618/113 359/592/113 532/816/113
f 552/836/114 392/658/114 360/593/114 533/817/114
f 397/667/115 351/575/115 358/589/115 400/673/115
f 361/596/116 350/574/116 359/591/116 372/617/116
f 389/652/56 349/572/56 360/594/56 392/657/56
f 553/837/117 395/663/117 349/571/117 534/818/117
f 551/835/118 389/651/118 350/573/118 535/819/118
f 539/823/119 363/599/119 351/576/119 536/820/119
f 393/659/120 357/587/120 352/577/120 396/665/120
f 391/655/121 356/585/121 353/579/121 390/653/121
f 367/607/122 355/583/122 354/581/122 366/605/122
f 356/585/123 369/611/123 364/601/123 353/579/123
f 369/611/124 368/609/124 365/603/124 364/601/124
f 368/609/125 367/607/125 366/605/125 365/603/125
f 535/819/126 350/573/126 361/595/126 537/821/126
f 537/821/127 361/595/127 362/597/127 538/822/127
f 538/822/128 362/597/128 363/599/128 539/823/128
f 351/575/129 363/600/129 370/613/129 358/589/129
f 363/600/130 362/598/130 371/615/130 370/613/130
f 362/598/116 361/596/116 372/617/116 371/615/116
f 531/815/131 358/590/131 370/614/131 540/824/131
f 540/824/132 370/614/132 371/616/132 541/825/132
f 541/825/133 371/616/133 372/618/133 542/826/133
f 497/781/134 275/423/134 377/627/134 543/827/134
f 543/827/135 377/627/135 378/629/135 544/828/135
f 544/828/136 378/629/136 379/631/136 545/829/136
f 545/829/137 379/631/137 380/633/137 546/830/137
f 286/445/138 384/641/138 377/628/138 275/424/138
f 384/641/139 383/639/139 378/630/139 377/628/139
f 383/639/140 382/637/140 379/632/140 378/630/140
f 382/637/141 381/635/141 380/634/141 379/632/141
f 270/413/142 376/625/142 385/643/142 291/455/142
f 376/625/143 375/623/143 386/645/143 385/643/143
f 375/623/144 374/621/144 387/647/144 386/645/144
f 374/621/145 373/619/145 388/649/145 387/647/145
f 495/779/146 285/443/146 381/636/146 547/831/146
f 547/831/147 381/636/147 382/638/147 548/832/147
f 548/832/148 382/638/148 383/640/148 549/833/148
f 549/833/149 383/640/149 384/642/149 550/834/149
f 357/587/150 391/655/150 390/653/150 352/577/150
f 534/818/151 349/571/151 389/651/151 551/835/151
f 350/574/56 389/652/56 392/657/56 359/591/56
f 532/816/152 359/592/152 392/658/152 552/836/152
f 269/411/153 393/659/153 396/665/153 292/457/153
f 496/780/154 286/446/154 395/663/154 553/837/154
f 533/817/155 360/593/155 394/661/155 554/838/155
f 349/572/56 395/664/56 394/662/56 360/594/56
f 266/405/156 397/667/156 400/673/156 268/409/156
f 489/773/157 268/410/157 400/674/157 555/839/157
f 536/820/158 351/576/158 397/668/158 556/840/158
f 355/583/41 399/671/41 398/669/41 354/581/41
f 265/403/77 402/677/77 407/687/77 267/407/77
f 402/677/77 401/675/77 408/689/77 407/687/77
f 490/774/159 266/406/159 405/683/159 557/841/159
f 557/841/160 405/683/160 406/685/160 558/842/160
f 516/800/161 318/509/161 403/679/161 559/843/161
f 559/843/162 403/679/162 404/681/162 560/844/162
f 319/512/163 406/686/163 403/680/163 318/510/163
f 406/686/164 405/684/164 404/682/164 403/680/164
f 408/690/165 483/766/165 484/767/165 407/688/165
f 320/514/166 440/723/166 483/766/166 408/690/166
f 402/678/167 481/764/167 482/765/167 401/676/167
f 265/404/168 414/697/168 481/764/168 402/678/168
f 355/584/169 460/743/169 480/763/169 399/672/169
f 267/408/170 413/696/170 479/762/170 398/670/170
f 352/578/171 457/740/171 478/761/171 396/666/171
f 269/412/172 420/703/172 477/760/172 393/660/172
f 353/580/173 456/739/173 476/759/173 390/654/173
f 357/588/174 458/741/174 475/758/174 391/656/174
f 374/622/175 473/756/175 474/757/175 373/620/175
f 375/624/176 472/755/176 473/756/176 374/622/176
f 376/626/177 471/754/177 472/755/177 375/624/177
f 270/414/178 419/702/178 471/754/178 376/626/178
f 386/646/179 469/752/179 470/753/179 385/644/179
f 387/648/180 468/751/180 469/752/180 386/646/180
f 388/650/181 467/750/181 468/751/181 387/648/181
f 292/458/182 421/704/182 467/750/182 388/650/182
f 365/604/183 465/748/183 466/749/183 364/602/183
f 366/606/184 464/747/184 465/748/184 365/604/184
f 354/582/185 455/738/185 464/747/185 366/606/185
f 368/610/186 462/745/186 463/746/186 367/608/186
f 369/612/187 461/744/187 462/745/187 368/610/187
f 356/586/188 459/742/188 461/744/188 369/612/188
f 367/608/189 463/746/189 460/743/189 355/584/189
f 391/656/190 475/758/190 459/742/190 356/586/190
f 393/660/191 477/760/191 458/741/191 357/588/191
f 390/654/192 476/759/192 457/740/192 352/578/192
f 364/602/193 466/749/193 456/739/193 353/580/193
f 398/670/194 479/762/194 455/738/194 354/582/194
f 343/560/195 452/735/195 454/737/195 347/568/195
f 261/399/196 412/695/196 453/736/196 346/566/196
f 305/484/197 438/721/197 452/735/197 343/560/197
f 346/566/198 453/736/198 451/734/198 342/558/198
f 304/482/199 427/710/199 450/733/199 338/550/199
f 306/486/200 437/720/200 449/732/200 339/552/200
f 303/480/201 428/711/201 448/731/201 334/542/201
f 307/488/202 436/719/202 447/730/202 335/544/202
f 302/478/203 429/712/203 446/729/203 330/534/203
f 308/490/204 435/718/204 445/728/204 331/536/204
f 301/476/205 430/713/205 444/727/205 326/526/205
f 309/492/206 434/717/206 443/726/206 327/528/206
f 300/474/207 431/714/207 442/725/207 322/518/207
f 310/494/208 433/716/208 441/724/208 323/520/208
f 299/472/209 432/715/209 440/723/209 320/514/209
f 401/676/210 482/765/210 439/722/210 317/508/210
f 339/552/211 449/732/211 438/721/211 305/484/211
f 335/544/212 447/730/212 437/720/212 306/486/212
f 331/536/213 445/728/213 436/719/213 307/488/213
f 327/528/214 443/726/214 435/718/214 308/490/214
f 323/520/215 441/724/215 434/717/215 309/492/215
f 317/508/216 439/722/216 433/716/216 310/494/216
f 322/518/217 442/725/217 432/715/217 299/472/217
f 326/526/218 444/727/218 431/714/218 300/474/218
f 330/534/219 446/729/219 430/713/219 301/476/219
f 334/542/220 448/731/220 429/712/220 302/478/220
f 338/550/221 450/733/221 428/711/221 303/480/221
f 342/558/222 451/734/222 427/710/222 304/482/222
f 288/450/223 425/708/223 426/709/223 287/448/223
f 289/452/224 424/707/224 425/708/224 288/450/224
f 290/453/225 423/706/225 424/707/225 289/452/225
f 570/863/226 575/871/226 423/706/226 290/453/226
f 385/644/227 470/753/227 422/705/227 291/456/227
f 396/666/228 478/761/228 421/704/228 292/458/228
f 373/620/229 474/757/229 420/703/229 269/412/229
f 561/845/230 578/874/230 419/702/230 270/414/230
f 272/418/231 417/700/231 418/701/231 271/415/231
f 273/420/232 416/699/232 417/700/232 272/418/232
f 274/422/233 415/698/233 416/699/233 273/420/233
f 259/396/234 410/693/234 415/698/234 274/422/234
f 399/672/235 480/763/235 414/697/235 265/404/235
f 407/688/236 484/767/236 413/696/236 267/408/236
f 287/448/237 426/709/237 409/691/237 257/390/237
f 263/401/36 411/694/36 412/695/36 261/399/36
f 347/568/238 454/737/238 411/694/238 263/401/238
f 257/391/34 409/692/34 410/693/34 259/396/34
f 483/766/239 559/843/239 560/844/239 484/767/239
f 440/723/239 516/800/239 559/843/239 483/766/239
f 481/764/240 557/841/240 558/842/240 482/765/240
f 414/697/240 490/774/240 557/841/240 481/764/240
f 460/743/240 536/820/240 556/840/240 480/763/240
f 413/696/239 489/773/239 555/839/239 479/762/239
f 457/740/239 533/817/239 554/838/239 478/761/239
f 420/703/240 496/780/240 553/837/240 477/760/240
f 456/739/239 532/816/239 552/836/239 476/759/239
f 458/741/240 534/818/240 551/835/240 475/758/240
f 473/756/240 549/833/240 550/834/240 474/757/240
f 472/755/240 548/832/240 549/833/240 473/756/240
f 471/754/240 547/831/240 548/832/240 472/755/240
f 419/702/240 495/779/240 547/831/240 471/754/240
f 469/752/239 545/829/239 546/830/239 470/753/239
f 468/751/239 544/828/239 545/829/239 469/752/239
f 467/750/239 543/827/239 544/828/239 468/751/239
f 421/704/239 497/781/239 543/827/239 467/750/239
f 465/748/239 541/825/239 542/826/239 466/749/239
f 464/747/239 540/824/239 541/825/239 465/748/239
f 455/738/239 531/815/239 540/824/239 464/747/239
f 462/745/240 538/822/240 539/823/240 463/746/240
f 461/744/240 537/821/240 538/822/240 462/745/240
f 459/742/240 535/819/240 537/821/240 461/744/240
f 463/746/240 539/823/240 536/820/240 460/743/240
f 475/758/240 551/835/240 535/819/240 459/742/240
f 477/760/240 553/837/240 534/818/240 458/741/240
f 476/759/239 552/836/239 533/817/239 457/740/239
f 466/749/239 542/826/239 532/816/239 456/739/239
f 479/762/239 555/839/239 531/815/239 455/738/239
f 452/735/240 528/812/240 530/814/240 454/737/240
f 412/695/239 488/772/239 529/813/239 453/736/239
f 438/721/240 514/798/240 528/812/240 452/735/240
f 453/736/239 529/813/239 527/811/239 451/734/239
f 427/710/239 503/787/239 526/810/239 450/733/239
f 437/720/240 513/797/240 525/809/240 449/732/240
f 428/711/239 504/788/239 524/808/239 448/731/239
f 436/719/240 512/796/240 523/807/240 447/730/240
f 429/712/239 505/789/239 522/806/239 446/729/239
f 435/718/240 511/795/240 521/805/240 445/728/240
f 430/713/239 506/790/239 520/804/239 444/727/239
f 434/717/240 510/794/240 519/803/240 443/726/240
f 431/714/239 507/791/239 518/802/239 442/725/239
f 433/716/240 509/793/240 517/801/240 441/724/240
f 432/715/239 508/792/239 516/800/239 440/723/239
f 482/765/240 558/842/240 515/799/240 439/722/240
f 449/732/240 525/809/240 514/798/240 438/721/240
f 447/730/240 523/807/240 513/797/240 437/720/240
f 445/728/240 521/805/240 512/796/240 436/719/240
f 443/726/240 519/803/240 511/795/240 435/718/240
f 441/724/240 517/801/240 510/794/240 434/717/240
f 439/722/240 515/799/240 509/793/240 433/716/240
f 442/725/239 518/802/239 508/792/239 432/715/239
f 444/727/239 520/804/239 507/791/239 431/714/239
f 446/729/239 522/806/239 506/790/239 430/713/239
f 448/731/239 524/808/239 505/789/239 429/712/239
f 450/733/239 526/810/239 504/788/239 428/711/239
f 451/734/239 527/811/239 503/787/239 427/710/239
f 425/708/239 501/785/239 502/786/239 426/709/239
f 424/707/239 500/784/239 501/785/239 425/708/239
f 423/706/239 499/783/239 500/784/239 424/707/239
f 575/871/239 581/877/239 499/783/239 423/706/239
f 470/753/239 546/830/239 498/782/239 422/705/239
f 478/761/239 554/838/239 497/781/239 421/704/239
f 474/757/240 550/834/240 496/780/240 420/703/240
f 578/874/240 584/880/240 495/779/240 419/702/240
f 417/700/240 493/777/240 494/778/240 418/701/240
f 416/699/240 492/776/240 493/777/240 417/700/240
f 415/698/240 491/775/240 492/776/240 416/699/240
f 410/693/240 486/770/240 491/775/240 415/698/240
f 480/763/240 556/840/240 490/774/240 414/697/240
f 484/767/239 560/844/239 489/773/239 413/696/239
f 426/709/239 502/786/239 485/768/239 409/691/239
f 411/694/36 487/771/36 488/772/36 412/695/36
f 454/737/240 530/814/240 487/771/240 411/694/240
f 409/692/34 485/769/34 486/770/34 410/693/34
f 418/701/240 494/778/240 582/878/240 576/872/240
f 576/872/240 582/878/240 583/879/240 577/873/240
f 577/873/240 583/879/240 584/880/240 578/874/240
f 422/705/239 498/782/239 579/875/239 573/869/239
f 573/869/239 579/875/239 580/876/239 574/870/239
f 574/870/239 580/876/239 581/877/239 575/871/239
f 271/415/241 418/701/241 576/872/241 563/849/241
f 563/849/242 576/872/242 577/873/242 562/847/242
f 562/847/243 577/873/243 578/874/243 561/845/243
f 291/456/244 422/705/244 573/869/244 572/867/244
f 572/867/245 573/869/245 574/870/245 571/865/245
f 571/865/246 574/870/246 575/871/246 570/863/246
f 498/782/247 276/425/247 564/851/247 579/875/247
f 579/875/248 564/851/248 565/853/248 580/876/248
f 580/876/249 565/853/249 566/855/249 581/877/249
f 285/444/250 569/861/250 564/852/250 276/426/250
f 569/861/251 568/859/251 565/854/251 564/852/251
f 568/859/252 567/857/252 566/856/252 565/854/252
f 271/416/54 563/850/54 570/864/54 290/454/54
f 563/850/54 562/848/54 571/866/54 570/864/54
f 562/848/54 561/846/54 572/868/54 571/866/54
f 494/778/253 284/442/253 567/858/253 582/878/253
f 582/878/254 567/858/254 568/860/254 583/879/254
f 583/879/255 568/860/255 569/862/255 584/880/255
f 975/1354/256 586/884/256 588/889/256 976/1355/256
f 976/1355/257 588/889/257 590/893/257 983/1362/257
f 983/1362/258 590/893/258 592/897/258 990/1369/258
f 990/1369/259 592/897/259 594/901/259 997/1376/259
f 997/1376/260 594/901/260 596/905/260 1004/1383/260
f 1004/1383/261 596/905/261 598/909/261 1011/1390/261
f 1011/1390/262 598/909/262 600/913/262 1018/1397/262
f 1018/1397/263 600/913/263 602/917/263 1025/1404/263
f 1025/1404/264 602/917/264 604/921/264 1032/1411/264
f 1032/1411/265 604/921/265 606/925/265 1039/1418/265
f 1039/1418/266 606/925/266 608/929/266 1046/1425/266
f 1046/1425/267 608/929/267 610/933/267 1053/1432/267
f 1053/1432/268 610/933/268 612/937/268 1060/1439/268
f 1060/1439/269 612/937/269 614/941/269 1067/1446/269
f 1067/1446/270 614/941/270 616/945/270 1074/1453/270
f 1074/1453/271 616/945/271 618/949/271 1081/1460/271
f 1081/1460/272 618/949/272 620/953/272 1088/1467/272
f 1088/1467/273 620/953/273 622/957/273 1095/1474/273
f 1095/1474/274 622/957/274 624/961/274 1102/1481/274
f 1102/1481/275 624/961/275 626/965/275 1109/1488/275
f 1109/1488/276 626/965/276 628/969/276 1116/1495/276
f 1116/1495/277 628/969/277 630/973/277 1123/1502/277
f 1123/1502/278 630/973/278 632/977/278 1130/1509/278
f 1130/1509/279 632/977/279 634/981/279 1137/1516/279
f 1137/1516/280 634/981/280 636/985/280 1144/1523/280
f 1144/1523/281 636/985/281 638/989/281 1151/1530/281
f 1151/1530/282 638/989/282 640/993/282 1158/1537/282
f 1158/1537/283 640/993/283 642/997/283 1165/1544/283
f 1165/1544/284 642/997/284 644/1001/284 1172/1551/284
f 1172/1551/285 644/1001/285 646/1006/285 1179/1558/285
f 588/890/31 586/885/31 648/1009/31 646/1005/31 644/1002/31 642/998/31 640/994/31 638/990/31 636/986/31 634/982/31 632/978/31 630/974/31 628/970/31 626/966/31 624/962/31 622/958/31 620/954/31 618/950/31 616/946/31 614/942/31 612/938/31 610/934/31 608/930/31 606/926/31 604/922/31 602/918/31 600/914/31 598/910/31 596/906/31 594/902/31 592/898/31 590/894/31
f 1179/1558/286 646/1006/286 648/1010/286 1186/1565/286
f 1186/1565/287 648/1010/287 586/886/287 975/1353/287
f 585/881/34 587/887/34 589/891/34 591/895/34 593/899/34 595/903/34 597/907/34 599/911/34 601/915/34 603/919/34 605/923/34 607/927/34 609/931/34 611/935/34 613/939/34 615/943/34 617/947/34 619/951/34 621/955/34 623/959/34 625/963/34 627/967/34 629/971/34 631/975/34 633/979/34 635/983/34 637/987/34 639/991/34 641/995/34 643/999/34 645/1003/34 647/1007/34
f 921/1284/288 680/1043/288 649/1011/288 936/1307/288
f 913/1276/289 679/1042/289 680/1043/289 921/1284/289
f 905/1268/290 678/1041/290 679/1042/290 913/1276/290
f 897/1260/291 677/1040/291 678/1041/291 905/1268/291
f 889/1252/292 676/1039/292 677/1040/292 897/1260/292
f 881/1244/293 675/1038/293 676/1039/293 889/1252/293
f 873/1236/294 674/1037/294 675/1038/294 881/1244/294
f 865/1228/295 673/1036/295 674/1037/295 873/1236/295
f 857/1220/296 672/1035/296 673/1036/296 865/1228/296
f 849/1212/297 671/1034/297 672/1035/297 857/1220/297
f 841/1204/298 670/1033/298 671/1034/298 849/1212/298
f 833/1196/299 669/1032/299 670/1033/299 841/1204/299
f 825/1188/300 668/1031/300 669/1032/300 833/1196/300
f 817/1180/301 667/1030/301 668/1031/301 825/1188/301
f 809/1172/302 666/1029/302 667/1030/302 817/1180/302
f 801/1164/303 665/1028/303 666/1029/303 809/1172/303
f 793/1156/304 664/1027/304 665/1028/304 801/1164/304
f 785/1148/305 663/1026/305 664/1027/305 793/1156/305
f 777/1140/306 662/1025/306 663/1026/306 785/1148/306
f 769/1132/307 661/1024/307 662/1025/307 777/1140/307
f 761/1124/308 660/1023/308 661/1024/308 769/1132/308
f 753/1116/309 659/1022/309 660/1023/309 761/1124/309
f 745/1108/310 658/1021/310 659/1022/310 753/1116/310
f 737/1100/311 657/1020/311 658/1021/311 745/1108/311
f 729/1092/312 656/1019/312 657/1020/312 737/1100/312
f 721/1084/313 655/1018/313 656/1019/313 729/1092/313
f 713/1076/314 654/1017/314 655/1018/314 721/1084/314
f 705/1068/315 653/1016/315 654/1017/315 713/1076/315
f 697/1060/316 652/1015/316 653/1016/316 705/1068/316
f 689/1052/317 651/1014/317 652/1015/317 697/1060/317
f 681/1044/318 650/1013/318 651/1014/318 689/1052/318
f 936/1306/319 649/1012/319 650/1013/319 681/1044/319
f 585/882/320 929/1292/320 688/1051/320 587/888/320
f 929/1292/321 930/1294/321 687/1050/321 688/1051/321
f 930/1294/322 931/1296/322 686/1049/322 687/1050/322
f 931/1296/323 932/1298/323 685/1048/323 686/1049/323
f 932/1298/324 933/1300/324 684/1047/324 685/1048/324
f 933/1300/325 934/1302/325 683/1046/325 684/1047/325
f 934/1302/326 935/1304/326 682/1045/326 683/1046/326
f 935/1304/327 936/1306/327 681/1044/327 682/1045/327
f 587/888/328 688/1051/328 696/1059/328 589/892/328
f 688/1051/329 687/1050/329 695/1058/329 696/1059/329
f 687/1050/330 686/1049/330 694/1057/330 695/1058/330
f 686/1049/331 685/1048/331 693/1056/331 694/1057/331
f 685/1048/332 684/1047/332 692/1055/332 693/1056/332
f 684/1047/333 683/1046/333 691/1054/333 692/1055/333
f 683/1046/334 682/1045/334 690/1053/334 691/1054/334
f 682/1045/335 681/1044/335 689/1052/335 690/1053/335
f 589/892/336 696/1059/336 704/1067/336 591/896/336
f 696/1059/337 695/1058/337 703/1066/337 704/1067/337
f 695/1058/338 694/1057/338 702/1065/338 703/1066/338
f 694/1057/339 693/1056/339 701/1064/339 702/1065/339
f 693/1056/340 692/1055/340 700/1063/340 701/1064/340
f 692/1055/341 691/1054/341 699/1062/341 700/1063/341
f 691/1054/342 690/1053/342 698/1061/342 699/1062/342
f 690/1053/343 689/1052/343 697/1060/343 698/1061/343
f 591/896/344 704/1067/344 712/1075/344 593/900/344
f 704/1067/345 703/1066/345 711/1074/345 712/1075/345
f 703/1066/346 702/1065/346 710/1073/346 711/1074/346
f 702/1065/347 701/1064/347 709/1072/347 710/1073/347
f 701/1064/348 700/1063/348 708/1071/348 709/1072/348
f 700/1063/349 699/1062/349 707/1070/349 708/1071/349
f 699/1062/350 698/1061/350 706/1069/350 707/1070/350
f 698/1061/351 697/1060/351 705/1068/351 706/1069/351
f 593/900/352 712/1075/352 720/1083/352 595/904/352
f 712/1075/353 711/1074/353 719/1082/353 720/1083/353
f 711/1074/354 710/1073/354 718/1081/354 719/1082/354
f 710/1073/355 709/1072/355 717/1080/355 718/1081/355
f 709/1072/356 708/1071/356 716/1079/356 717/1080/356
f 708/1071/357 707/1070/357 715/1078/357 716/1079/357
f 707/1070/358 706/1069/358 714/1077/358 715/1078/358
f 706/1069/359 705/1068/359 713/1076/359 714/1077/359
f 595/904/360 720/1083/360 728/1091/360 597/908/360
f 720/1083/361 719/1082/361 727/1090/361 728/1091/361
f 719/1082/362 718/1081/362 726/1089/362 727/1090/362
f 718/1081/363 717/1080/363 725/1088/363 726/1089/363
f 717/1080/364 716/1079/364 724/1087/364 725/1088/364
f 716/1079/365 715/1078/365 723/1086/365 724/1087/365
f 715/1078/366 714/1077/366 722/1085/366 723/1086/366
f 714/1077/367 713/1076/367 721/1084/367 722/1085/367
f 597/908/368 728/1091/368 736/1099/368 599/912/368
f 728/1091/369 727/1090/369 735/1098/369 736/1099/369
f 727/1090/370 726/1089/370 734/1097/370 735/1098/370
f 726/1089/371 725/1088/371 733/1096/371 734/1097/371
f 725/1088/372 724/1087/372 732/1095/372 733/1096/372
f 724/1087/373 723/1086/373 731/1094/373 732/1095/373
f 723/1086/374 722/1085/374 730/1093/374 731/1094/374
f 722/1085/375 721/1084/375 729/1092/375 730/1093/375
f 599/912/376 736/1099/376 744/1107/376 601/916/376
f 736/1099/377 735/1098/377 743/1106/377 744/1107/377
f 735/1098/378 734/1097/378 742/1105/378 743/1106/378
f 734/1097/379 733/1096/379 741/1104/379 742/1105/379
f 733/1096/380 732/1095/380 740/1103/380 741/1104/380
f 732/1095/381 731/1094/381 739/1102/381 740/1103/381
f 731/1094/382 730/1093/382 738/1101/382 739/1102/382
f 730/1093/383 729/1092/383 737/1100/383 738/1101/383
f 601/916/384 744/1107/384 752/1115/384 603/920/384
f 744/1107/385 743/1106/385 751/1114/385 752/1115/385
f 743/1106/386 742/1105/386 750/1113/386 751/1114/386
f 742/1105/387 741/1104/387 749/1112/387 750/1113/387
f 741/1104/388 740/1103/388 748/1111/388 749/1112/388
f 740/1103/389 739/1102/389 747/1110/389 748/1111/389
f 739/1102/390 738/1101/390 746/1109/390 747/1110/390
f 738/1101/391 737/1100/391 745/1108/391 746/1109/391
f 603/920/392 752/1115/392 760/1123/392 605/924/392
f 752/1115/393 751/1114/393 759/1122/393 760/1123/393
f 751/1114/394 750/1113/394 758/1121/394 759/1122/394
f 750/1113/395 749/1112/395 757/1120/395 758/1121/395
f 749/1112/396 748/1111/396 756/1119/396 757/1120/396
f 748/1111/397 747/1110/397 755/1118/397 756/1119/397
f 747/1110/398 746/1109/398 754/1117/398 755/1118/398
f 746/1109/399 745/1108/399 753/1116/399 754/1117/399
f 605/924/400 760/1123/400 768/1131/400 607/928/400
f 760/1123/401 759/1122/401 767/1130/401 768/1131/401
f 759/1122/402 758/1121/402 766/1129/402 767/1130/402
f 758/1121/403 757/1120/403 765/1128/403 766/1129/403
f 757/1120/404 756/1119/404 764/1127/404 765/1128/404
f 756/1119/405 755/1118/405 763/1126/405 764/1127/405
f 755/1118/406 754/1117/406 762/1125/406 763/1126/406
f 754/1117/407 753/1116/407 761/1124/407 762/1125/407
f 607/928/408 768/1131/408 776/1139/408 609/932/408
f 768/1131/409 767/1130/409 775/1138/409 776/1139/409
f 767/1130/410 766/1129/410 774/1137/410 775/1138/410
f 766/1129/411 765/1128/411 773/1136/411 774/1137/411
f 765/1128/412 764/1127/412 772/1135/412 773/1136/412
f 764/1127/413 763/1126/413 771/1134/413 772/1135/413
f 763/1126/414 762/1125/414 770/1133/414 771/1134/414
f 762/1125/415 761/1124/415 769/1132/415 770/1133/415
f 609/932/416 776/1139/416 784/1147/416 611/936/416
f 776/1139/417 775/1138/417 783/1146/417 784/1147/417
f 775/1138/418 774/1137/418 782/1145/418 783/1146/418
f 774/1137/419 773/1136/419 781/1144/419 782/1145/419
f 773/1136/420 772/1135/420 780/1143/420 781/1144/420
f 772/1135/421 771/1134/421 779/1142/421 780/1143/421
f 771/1134/422 770/1133/422 778/1141/422 779/1142/422
f 770/1133/423 769/1132/423 777/1140/423 778/1141/423
f 611/936/424 784/1147/424 792/1155/424 613/940/424
f 784/1147/425 783/1146/425 791/1154/425 792/1155/425
f 783/1146/426 782/1145/426 790/1153/426 791/1154/426
f 782/1145/427 781/1144/427 789/1152/427 790/1153/427
f 781/1144/428 780/1143/428 788/1151/428 789/1152/428
f 780/1143/429 779/1142/429 787/1150/429 788/1151/429
f 779/1142/430 778/1141/430 786/1149/430 787/1150/430
f 778/1141/431 777/1140/431 785/1148/431 786/1149/431
f 613/940/432 792/1155/432 800/1163/432 615/944/432
f 792/1155/433 791/1154/433 799/1162/433 800/1163/433
f 791/1154/434 790/1153/434 798/1161/434 799/1162/434
f 790/1153/435 789/1152/435 797/1160/435 798/1161/435
f 789/1152/436 788/1151/436 796/1159/436 797/1160/436
f 788/1151/437 787/1150/437 795/1158/437 796/1159/437
f 787/1150/438 786/1149/438 794/1157/438 795/1158/438
f 786/1149/439 785/1148/439 793/1156/439 794/1157/439
f 615/944/440 800/1163/440 808/1171/440 617/948/440
f 800/1163/441 799/1162/441 807/1170/441 808/1171/441
f 799/1162/442 798/1161/442 806/1169/442 807/1170/442
f 798/1161/443 797/1160/443 805/1168/443 806/1169/443
f 797/1160/444 796/1159/444 804/1167/444 805/1168/444
f 796/1159/445 795/1158/445 803/1166/445 804/1167/445
f 795/1158/446 794/1157/446 802/1165/446 803/1166/446
f 794/1157/447 793/1156/447 801/1164/447 802/1165/447
f 617/948/448 808/1171/448 816/1179/448 619/952/448
f 808/1171/449 807/1170/449 815/1178/449 816/1179/449
f 807/1170/450 806/1169/450 814/1177/450 815/1178/450
f 806/1169/451 805/1168/451 813/1176/451 814/1177/451
f 805/1168/452 804/1167/452 812/1175/452 813/1176/452
f 804/1167/453 803/1166/453 811/1174/453 812/1175/453
f 803/1166/454 802/1165/454 810/1173/454 811/1174/454
f 802/1165/455 801/1164/455 809/1172/455 810/1173/455
f 619/952/456 816/1179/456 824/1187/456 621/956/456
f 816/1179/457 815/1178/457 823/1186/457 824/1187/457
f 815/1178/458 814/1177/458 822/1185/458 823/1186/458
f 814/1177/459 813/1176/459 821/1184/459 822/1185/459
f 813/1176/460 812/1175/460 820/1183/460 821/1184/460
f 812/1175/461 811/1174/461 819/1182/461 820/1183/461
f 811/1174/462 810/1173/462 818/1181/462 819/1182/462
f 810/1173/463 809/1172/463 817/1180/463 818/1181/463
f 621/956/464 824/1187/464 832/1195/464 623/960/464
f 824/1187/465 823/1186/465 831/1194/465 832/1195/465
f 823/1186/466 822/1185/466 830/1193/466 831/1194/466
f 822/1185/467 821/1184/467 829/1192/467 830/1193/467
f 821/1184/468 820/1183/468 828/1191/468 829/1192/468
f 820/1183/469 819/1182/469 827/1190/469 828/1191/469
f 819/1182/470 818/1181/470 826/1189/470 827/1190/470
f 818/1181/471 817/1180/471 825/1188/471 826/1189/471
f 623/960/472 832/1195/472 840/1203/472 625/964/472
f 832/1195/473 831/1194/473 839/1202/473 840/1203/473
f 831/1194/474 830/1193/474 838/1201/474 839/1202/474
f 830/1193/475 829/1192/475 837/1200/475 838/1201/475
f 829/1192/476 828/1191/476 836/1199/476 837/1200/476
f 828/1191/477 827/1190/477 835/1198/477 836/1199/477
f 827/1190/478 826/1189/478 834/1197/478 835/1198/478
f 826/1189/479 825/1188/479 833/1196/479 834/1197/479
f 625/964/480 840/1203/480 848/1211/480 627/968/480
f 840/1203/481 839/1202/481 847/1210/481 848/1211/481
f 839/1202/482 838/1201/482 846/1209/482 847/1210/482
f 838/1201/483 837/1200/483 845/1208/483 846/1209/483
f 837/1200/484 836/1199/484 844/1207/484 845/1208/484
f 836/1199/485 835/1198/485 843/1206/485 844/1207/485
f 835/1198/486 834/1197/486 842/1205/486 843/1206/486
f 834/1197/487 833/1196/487 841/1204/487 842/1205/487
f 627/968/488 848/1211/488 856/1219/488 629/972/488
f 848/1211/489 847/1210/489 855/1218/489 856/1219/489
f 847/1210/490 846/1209/490 854/1217/490 855/1218/490
f 846/1209/491 845/1208/491 853/1216/491 854/1217/491
f 845/1208/492 844/1207/492 852/1215/492 853/1216/492
f 844/1207/493 843/1206/493 851/1214/493 852/1215/493
f 843/1206/494 842/1205/494 850/1213/494 851/1214/494
f 842/1205/495 841/1204/495 849/1212/495 850/1213/495
f 629/972/496 856/1219/496 864/1227/496 631/976/496
f 856/1219/497 855/1218/497 863/1226/497 864/1227/497
f 855/1218/498 854/1217/498 862/1225/498 863/1226/498
f 854/1217/499 853/1216/499 861/1224/499 862/1225/499
f 853/1216/500 852/1215/500 860/1223/500 861/1224/500
f 852/1215/501 851/1214/501 859/1222/501 860/1223/501
f 851/1214/502 850/1213/502 858/1221/502 859/1222/502
f 850/1213/503 849/1212/503 857/1220/503 858/1221/503
f 631/976/504 864/1227/504 872/1235/504 633/980/504
f 864/1227/505 863/1226/505 871/1234/505 872/1235/505
f 863/1226/506 862/1225/506 870/1233/506 871/1234/506
f 862/1225/507 861/1224/507 869/1232/507 870/1233/507
f 861/1224/508 860/1223/508 868/1231/508 869/1232/508
f 860/1223/509 859/1222/509 867/1230/509 868/1231/509
f 859/1222/510 858/1221/510 866/1229/510 867/1230/510
f 858/1221/511 857/1220/511 865/1228/511 866/1229/511
f 633/980/512 872/1235/512 880/1243/512 635/984/512
f 872/1235/513 871/1234/513 879/1242/513 880/1243/513
f 871/1234/514 870/1233/514 878/1241/514 879/1242/514
f 870/1233/515 869/1232/515 877/1240/515 878/1241/515
f 869/1232/516 868/1231/516 876/1239/516 877/1240/516
f 868/1231/517 867/1230/517 875/1238/517 876/1239/517
f 867/1230/518 866/1229/518 874/1237/518 875/1238/518
f 866/1229/519 865/1228/519 873/1236/519 874/1237/519
f 635/984/520 880/1243/520 888/1251/520 637/988/520
f 880/1243/521 879/1242/521 887/1250/521 888/1251/521
f 879/1242/522 878/1241/522 886/1249/522 887/1250/522
f 878/1241/523 877/1240/523 885/1248/523 886/1249/523
f 877/1240/524 876/1239/524 884/1247/524 885/1248/524
f 876/1239/525 875/1238/525 883/1246/525 884/1247/525
f 875/1238/526 874/1237/526 882/1245/526 883/1246/526
f 874/1237/527 873/1236/527 881/1244/527 882/1245/527
f 637/988/528 888/1251/528 896/1259/528 639/992/528
f 888/1251/529 887/1250/529 895/1258/529 896/1259/529
f 887/1250/530 886/1249/530 894/1257/530 895/1258/530
f 886/1249/531 885/1248/531 893/1256/531 894/1257/531
f 885/1248/532 884/1247/532 892/1255/532 893/1256/532
f 884/1247/533 883/1246/533 891/1254/533 892/1255/533
f 883/1246/534 882/1245/534 890/1253/534 891/1254/534
f 882/1245/535 881/1244/535 889/1252/535 890/1253/535
f 639/992/536 896/1259/536 904/1267/536 641/996/536
f 896/1259/537 895/1258/537 903/1266/537 904/1267/537
f 895/1258/538 894/1257/538 902/1265/538 903/1266/538
f 894/1257/539 893/1256/539 901/1264/539 902/1265/539
f 893/1256/540 892/1255/540 900/1263/540 901/1264/540
f 892/1255/541 891/1254/541 899/1262/541 900/1263/541
f 891/1254/542 890/1253/542 898/1261/542 899/1262/542
f 890/1253/543 889/1252/543 897/1260/543 898/1261/543
f 641/996/544 904/1267/544 912/1275/544 643/1000/544
f 904/1267/545 903/1266/545 911/1274/545 912/1275/545
f 903/1266/546 902/1265/546 910/1273/546 911/1274/546
f 902/1265/547 901/1264/547 909/1272/547 910/1273/547
f 901/1264/548 900/1263/548 908/1271/548 909/1272/548
f 900/1263/549 899/1262/549 907/1270/549 908/1271/549
f 899/1262/550 898/1261/550 906/1269/550 907/1270/550
f 898/1261/551 897/1260/551 905/1268/551 906/1269/551
f 643/1000/552 912/1275/552 920/1283/552 645/1004/552
f 912/1275/553 911/1274/553 919/1282/553 920/1283/553
f 911/1274/554 910/1273/554 918/1281/554 919/1282/554
f 910/1273/555 909/1272/555 917/1280/555 918/1281/555
f 909/1272/556 908/1271/556 916/1279/556 917/1280/556
f 908/1271/557 907/1270/557 915/1278/557 916/1279/557
f 907/1270/558 906/1269/558 914/1277/558 915/1278/558
f 906/1269/559 905/1268/559 913/1276/559 914/1277/559
f 645/1004/560 920/1283/560 928/1291/560 647/1008/560
f 920/1283/561 919/1282/561 927/1290/561 928/1291/561
f 919/1282/562 918/1281/562 926/1289/562 927/1290/562
f 918/1281/563 917/1280/563 925/1288/563 926/1289/563
f 917/1280/564 916/1279/564 924/1287/564 925/1288/564
f 916/1279/565 915/1278/565 923/1286/565 924/1287/565
f 915/1278/566 914/1277/566 922/1285/566 923/1286/566
f 914/1277/567 913/1276/567 921/1284/567 922/1285/567
f 647/1008/568 928/1291/568 929/1293/568 585/883/568
f 928/1291/569 927/1290/569 930/1295/569 929/1293/569
f 927/1290/570 926/1289/570 931/1297/570 930/1295/570
f 926/1289/571 925/1288/571 932/1299/571 931/1297/571
f 925/1288/572 924/1287/572 933/1301/572 932/1299/572
f 924/1287/573 923/1286/573 934/1303/573 933/1301/573
f 923/1286/574 922/1285/574 935/1305/574 934/1303/574
f 922/1285/575 921/1284/575 936/1307/575 935/1305/575
f 680/1043/33 968/1340/33 937/1308/33 649/1011/33
f 679/1042/32 967/1339/32 968/1340/32 680/1043/32
f 678/1041/30 966/1338/30 967/1339/30 679/1042/30
f 677/1040/29 965/1337/29 966/1338/29 678/1041/29
f 676/1039/28 964/1336/28 965/1337/28 677/1040/28
f 675/1038/27 963/1335/27 964/1336/27 676/1039/27
f 674/1037/26 962/1334/26 963/1335/26 675/1038/26
f 673/1036/25 961/1333/25 962/1334/25 674/1037/25
f 672/1035/24 960/1332/24 961/1333/24 673/1036/24
f 671/1034/23 959/1331/23 960/1332/23 672/1035/23
f 670/1033/22 958/1330/22 959/1331/22 671/1034/22
f 669/1032/21 957/1329/21 958/1330/21 670/1033/21
f 668/1031/20 956/1328/20 957/1329/20 669/1032/20
f 667/1030/19 955/1327/19 956/1328/19 668/1031/19
f 666/1029/18 954/1326/18 955/1327/18 667/1030/18
f 665/1028/17 953/1325/17 954/1326/17 666/1029/17
f 664/1027/16 952/1324/16 953/1325/16 665/1028/16
f 663/1026/15 951/1323/15 952/1324/15 664/1027/15
f 662/1025/14 950/1322/14 951/1323/14 663/1026/14
f 661/1024/13 949/1321/13 950/1322/13 662/1025/13
f 660/1023/12 948/1320/12 949/1321/12 661/1024/12
f 659/1022/11 947/1319/11 948/1320/11 660/1023/11
f 658/1021/10 946/1318/10 947/1319/10 659/1022/10
f 657/1020/9 945/1317/9 946/1318/9 658/1021/9
f 656/1019/8 944/1316/8 945/1317/8 657/1020/8
f 655/1018/7 943/1315/7 944/1316/7 656/1019/7
f 654/1017/6 942/1314/6 943/1315/6 655/1018/6
f 653/1016/5 941/1313/5 942/1314/5 654/1017/5
f 652/1015/4 940/1312/4 941/1313/4 653/1016/4
f 651/1014/3 939/1311/3 940/1312/3 652/1015/3
f 650/1013/2 938/1310/2 939/1311/2 651/1014/2
f 649/1012/1 937/1309/1 938/1310/1 650/1013/1
f 968/1340/576 1192/1571/576 969/1341/576 937/1308/576
f 1192/1571/577 1191/1570/577 970/1343/577 969/1341/577
f 1191/1570/578 1190/1569/578 971/1345/578 970/1343/578
f 1190/1569/579 1189/1568/579 972/1347/579 971/1345/579
f 1189/1568/580 1188/1567/580 973/1349/580 972/1347/580
f 1188/1567/581 1187/1566/581 974/1351/581 973/1349/581
f 1187/1566/582 1186/1565/582 975/1353/582 974/1351/582
f 967/1339/583 1185/1564/583 1192/1571/583 968/1340/583
f 1185/1564/584 1184/1563/584 1191/1570/584 1192/1571/584
f 1184/1563/585 1183/1562/585 1190/1569/585 1191/1570/585
f 1183/1562/586 1182/1561/586 1189/1568/586 1190/1569/586
f 1182/1561/587 1181/1560/587 1188/1567/587 1189/1568/587
f 1181/1560/588 1180/1559/588 1187/1566/588 1188/1567/588
f 1180/1559/589 1179/1558/589 1186/1565/589 1187/1566/589
f 966/1338/590 1178/1557/590 1185/1564/590 967/1339/590
f 1178/1557/591 1177/1556/591 1184/1563/591 1185/1564/591
f 1177/1556/592 1176/1555/592 1183/1562/592 1184/1563/592
f 1176/1555/593 1175/1554/593 1182/1561/593 1183/1562/593
f 1175/1554/594 1174/1553/594 1181/1560/594 1182/1561/594
f 1174/1553/595 1173/1552/595 1180/1559/595 1181/1560/595
f 1173/1552/596 1172/1551/596 1179/1558/596 1180/1559/596
f 965/1337/597 1171/1550/597 1178/1557/597 966/1338/597
f 1171/1550/598 1170/1549/598 1177/1556/598 1178/1557/598
f 1170/1549/599 1169/1548/599 1176/1555/599 1177/1556/599
f 1169/1548/600 1168/1547/600 1175/1554/600 1176/1555/600
f 1168/1547/601 1167/1546/601 1174/1553/601 1175/1554/601
f 1167/1546/602 1166/1545/602 1173/1552/602 1174/1553/602
f 1166/1545/603 1165/1544/603 1172/1551/603 1173/1552/603
f 964/1336/604 1164/1543/604 1171/1550/604 965/1337/604
f 1164/1543/605 1163/1542/605 1170/1549/605 1171/1550/605
f 1163/1542/606 1162/1541/606 1169/1548/606 1170/1549/606
f 1162/1541/607 1161/1540/607 1168/1547/607 1169/1548/607
f 1161/1540/608 1160/1539/608 1167/1546/608 1168/1547/608
f 1160/1539/609 1159/1538/609 1166/1545/609 1167/1546/609
f 1159/1538/610 1158/1537/610 1165/1544/610 1166/1545/610
f 963/1335/611 1157/1536/611 1164/1543/611 964/1336/611
f 1157/1536/612 1156/1535/612 1163/1542/612 1164/1543/612
f 1156/1535/613 1155/1534/613 1162/1541/613 1163/1542/613
f 1155/1534/614 1154/1533/614 1161/1540/614 1162/1541/614
f 1154/1533/615 1153/1532/615 1160/1539/615 1161/1540/615
f 1153/1532/616 1152/1531/616 1159/1538/616 1160/1539/616
f 1152/1531/617 1151/1530/617 1158/1537/617 1159/1538/617
f 962/1334/618 1150/1529/618 1157/1536/618 963/1335/618
f 1150/1529/619 1149/1528/619 1156/1535/619 1157/1536/619
f 1149/1528/620 1148/1527/620 1155/1534/620 1156/1535/620
f 1148/1527/621 1147/1526/621 1154/1533/621 1155/1534/621
f 1147/1526/622 1146/1525/622 1153/1532/622 1154/1533/622
f 1146/1525/623 1145/1524/623 1152/1531/623 1153/1532/623
f 1145/1524/624 1144/1523/624 1151/1530/624 1152/1531/624
f 961/1333/625 1143/1522/625 1150/1529/625 962/1334/625
f 1143/1522/626 1142/1521/626 1149/1528/626 1150/1529/626
f 1142/1521/627 1141/1520/627 1148/1527/627 1149/1528/627
f 1141/1520/628 1140/1519/628 1147/1526/628 1148/1527/628
f 1140/1519/629 1139/1518/629 1146/1525/629 1147/1526/629
f 1139/1518/630 1138/1517/630 1145/1524/630 1146/1525/630
f 1138/1517/631 1137/1516/631 1144/1523/631 1145/1524/631
f 960/1332/632 1136/1515/632 1143/1522/632 961/1333/632
f 1136/1515/633 1135/1514/633 1142/1521/633 1143/1522/633
f 1135/1514/634 1134/1513/634 1141/1520/634 1142/1521/634
f 1134/1513/635 1133/1512/635 1140/1519/635 1141/1520/635
f 1133/1512/636 1132/1511/636 1139/1518/636 1140/1519/636
f 1132/1511/637 1131/1510/637 1138/1517/637 1139/1518/637
f 1131/1510/638 1130/1509/638 1137/1516/638 1138/1517/638
f 959/1331/639 1129/1508/639 1136/1515/639 960/1332/639
f 1129/1508/640 1128/1507/640 1135/1514/640 1136/1515/640
f 1128/1507/641 1127/1506/641 1134/1513/641 1135/1514/641
f 1127/1506/642 1126/1505/642 1133/1512/642 1134/1513/642
f 1126/1505/643 1125/1504/643 1132/1511/643 1133/1512/643
f 1125/1504/644 1124/1503/644 1131/1510/644 1132/1511/644
f 1124/1503/645 1123/1502/645 1130/1509/645 1131/1510/645
f 958/1330/646 1122/1501/646 1129/1508/646 959/1331/646
f 1122/1501/647 1121/1500/647 1128/1507/647 1129/1508/647
f 1121/1500/648 1120/1499/648 1127/1506/648 1128/1507/648
f 1120/1499/649 1119/1498/649 1126/1505/649 1127/1506/649
f 1119/1498/650 1118/1497/650 1125/1504/650 1126/1505/650
f 1118/1497/651 1117/1496/651 1124/1503/651 1125/1504/651
f 1117/1496/652 1116/1495/652 1123/1502/652 1124/1503/652
f 957/1329/653 1115/1494/653 1122/1501/653 958/1330/653
f 1115/1494/654 1114/1493/654 1121/1500/654 1122/1501/654
f 1114/1493/655 1113/1492/655 1120/1499/655 1121/1500/655
f 1113/1492/656 1112/1491/656 1119/1498/656 1120/1499/656
f 1112/1491/657 1111/1490/657 1118/1497/657 1119/1498/657
f 1111/1490/658 1110/1489/658 1117/1496/658 1118/1497/658
f 1110/1489/659 1109/1488/659 1116/1495/659 1117/1496/659
f 956/1328/660 1108/1487/660 1115/1494/660 957/1329/660
f 1108/1487/661 1107/1486/661 1114/1493/661 1115/1494/661
f 1107/1486/662 1106/1485/662 1113/1492/662 1114/1493/662
f 1106/1485/663 1105/1484/663 1112/1491/663 1113/1492/663
f 1105/1484/664 1104/1483/664 1111/1490/664 1112/1491/664
f 1104/1483/665 1103/1482/665 1110/1489/665 1111/1490/665
f 1103/1482/666 1102/1481/666 1109/1488/666 1110/1489/666
f 955/1327/667 1101/1480/667 1108/1487/667 956/1328/667
f 1101/1480/668 1100/1479/668 1107/1486/668 1108/1487/668
f 1100/1479/669 1099/1478/669 1106/1485/669 1107/1486/669
f 1099/1478/670 1098/1477/670 1105/1484/670 1106/1485/670
f 1098/1477/671 1097/1476/671 1104/1483/671 1105/1484/671
f 1097/1476/672 1096/1475/672 1103/1482/672 1104/1483/672
f 1096/1475/673 1095/1474/673 1102/1481/673 1103/1482/673
f 954/1326/674 1094/1473/674 1101/1480/674 955/1327/674
f 1094/1473/675 1093/1472/675 1100/1479/675 1101/1480/675
f 1093/1472/676 1092/1471/676 1099/1478/676 1100/1479/676
f 1092/1471/677 1091/1470/677 1098/1477/677 1099/1478/677
f 1091/1470/678 1090/1469/678 1097/1476/678 1098/1477/678
f 1090/1469/679 1089/1468/679 1096/1475/679 1097/1476/679
f 1089/1468/680 1088/1467/680 1095/1474/680 1096/1475/680
f 953/1325/681 1087/1466/681 1094/1473/681 954/1326/681
f 1087/1466/682 1086/1465/682 1093/1472/682 1094/1473/682
f 1086/1465/683 1085/1464/683 1092/1471/683 1093/1472/683
f 1085/1464/684 1084/1463/684 1091/1470/684 1092/1471/684
f 1084/1463/685 1083/1462/685 1090/1469/685 1091/1470/685
f 1083/1462/686 1082/1461/686 1089/1468/686 1090/1469/686
f 1082/1461/687 1081/1460/687 1088/1467/687 1089/1468/687
f 952/1324/688 1080/1459/688 1087/1466/688 953/1325/688
f 1080/1459/689 1079/1458/689 1086/1465/689 1087/1466/689
f 1079/1458/690 1078/1457/690 1085/1464/690 1086/1465/690
f 1078/1457/691 1077/1456/691 1084/1463/691 1085/1464/691
f 1077/1456/692 1076/1455/692 1083/1462/692 1084/1463/692
f 1076/1455/693 1075/1454/693 1082/1461/693 1083/1462/693
f 1075/1454/694 1074/1453/694 1081/1460/694 1082/1461/694
f 951/1323/695 1073/1452/695 1080/1459/695 952/1324/695
f 1073/1452/696 1072/1451/696 1079/1458/696 1080/1459/696
f 1072/1451/697 1071/1450/697 1078/1457/697 1079/1458/697
f 1071/1450/698 1070/1449/698 1077/1456/698 1078/1457/698
f 1070/1449/699 1069/1448/699 1076/1455/699 1077/1456/699
f 1069/1448/700 1068/1447/700 1075/1454/700 1076/1455/700
f 1068/1447/701 1067/1446/701 1074/1453/701 1075/1454/701
f 950/1322/702 1066/1445/702 1073/1452/702 951/1323/702
f 1066/1445/703 1065/1444/703 1072/1451/703 1073/1452/703
f 1065/1444/704 1064/1443/704 1071/1450/704 1072/1451/704
f 1064/1443/705 1063/1442/705 1070/1449/705 1071/1450/705
f 1063/1442/706 1062/1441/706 1069/1448/706 1070/1449/706
f 1062/1441/707 1061/1440/707 1068/1447/707 1069/1448/707
f 1061/1440/708 1060/1439/708 1067/1446/708 1068/1447/708
f 949/1321/709 1059/1438/709 1066/1445/709 950/1322/709
f 1059/1438/710 1058/1437/710 1065/1444/710 1066/1445/710
f 1058/1437/711 1057/1436/711 1064/1443/711 1065/1444/711
f 1057/1436/712 1056/1435/712 1063/1442/712 1064/1443/712
f 1056/1435/713 1055/1434/713 1062/1441/713 1063/1442/713
f 1055/1434/714 1054/1433/714 1061/1440/714 1062/1441/714
f 1054/1433/715 1053/1432/715 1060/1439/715 1061/1440/715
f 948/1320/716 1052/1431/716 1059/1438/716 949/1321/716
f 1052/1431/717 1051/1430/717 1058/1437/717 1059/1438/717
f 1051/1430/718 1050/1429/718 1057/1436/718 1058/1437/718
f 1050/1429/719 1049/1428/719 1056/1435/719 1057/1436/719
f 1049/1428/720 1048/1427/720 1055/1434/720 1056/1435/720
f 1048/1427/721 1047/1426/721 1054/1433/721 1055/1434/721
f 1047/1426/722 1046/1425/722 1053/1432/722 1054/1433/722
f 947/1319/723 1045/1424/723 1052/1431/723 948/1320/723
f 1045/1424/724 1044/1423/724 1051/1430/724 1052/1431/724
f 1044/1423/725 1043/1422/725 1050/1429/725 1051/1430/725
f 1043/1422/726 1042/1421/726 1049/1428/726 1050/1429/726
f 1042/1421/727 1041/1420/727 1048/1427/727 1049/1428/727
f 1041/1420/728 1040/1419/728 1047/1426/728 1048/1427/728
f 1040/1419/729 1039/1418/729 1046/1425/729 1047/1426/729
f 946/1318/730 1038/1417/730 1045/1424/730 947/1319/730
f 1038/1417/731 1037/1416/731 1044/1423/731 1045/1424/731
f 1037/1416/732 1036/1415/732 1043/1422/732 1044/1423/732
f 1036/1415/733 1035/1414/733 1042/1421/733 1043/1422/733
f 1035/1414/734 1034/1413/734 1041/1420/734 1042/1421/734
f 1034/1413/735 1033/1412/735 1040/1419/735 1041/1420/735
f 1033/1412/736 1032/1411/736 1039/1418/736 1040/1419/736
f 945/1317/737 1031/1410/737 1038/1417/737 946/1318/737
f 1031/1410/738 1030/1409/738 1037/1416/738 1038/1417/738
f 1030/1409/739 1029/1408/739 1036/1415/739 1037/1416/739
f 1029/1408/740 1028/1407/740 1035/1414/740 1036/1415/740
f 1028/1407/741 1027/1406/741 1034/1413/741 1035/1414/741
f 1027/1406/742 1026/1405/742 1033/1412/742 1034/1413/742
f 1026/1405/743 1025/1404/743 1032/1411/743 1033/1412/743
f 944/1316/744 1024/1403/744 1031/1410/744 945/1317/744
f 1024/1403/745 1023/1402/745 1030/1409/745 1031/1410/745
f 1023/1402/746 1022/1401/746 1029/1408/746 1030/1409/746
f 1022/1401/747 1021/1400/747 1028/1407/747 1029/1408/747
f 1021/1400/748 1020/1399/748 1027/1406/748 1028/1407/748
f 1020/1399/749 1019/1398/749 1026/1405/749 1027/1406/749
f 1019/1398/750 1018/1397/750 1025/1404/750 1026/1405/750
f 943/1315/751 1017/1396/751 1024/1403/751 944/1316/751
f 1017/1396/752 1016/1395/752 1023/1402/752 1024/1403/752
f 1016/1395/753 1015/1394/753 1022/1401/753 1023/1402/753
f 1015/1394/754 1014/1393/754 1021/1400/754 1022/1401/754
f 1014/1393/755 1013/1392/755 1020/1399/755 1021/1400/755
f 1013/1392/756 1012/1391/756 1019/1398/756 1020/1399/756
f 1012/1391/757 1011/1390/757 1018/1397/757 1019/1398/757
f 942/1314/758 1010/1389/758 1017/1396/758 943/1315/758
f 1010/1389/759 1009/1388/759 1016/1395/759 1017/1396/759
f 1009/1388/760 1008/1387/760 1015/1394/760 1016/1395/760
f 1008/1387/761 1007/1386/761 1014/1393/761 1015/1394/761
f 1007/1386/762 1006/1385/762 1013/1392/762 1014/1393/762
f 1006/1385/763 1005/1384/763 1012/1391/763 1013/1392/763
f 1005/1384/764 1004/1383/764 1011/1390/764 1012/1391/764
f 941/1313/765 1003/1382/765 1010/1389/765 942/1314/765
f 1003/1382/766 1002/1381/766 1009/1388/766 1010/1389/766
f 1002/1381/767 1001/1380/767 1008/1387/767 1009/1388/767
f 1001/1380/768 1000/1379/768 1007/1386/768 1008/1387/768
f 1000/1379/769 999/1378/769 1006/1385/769 1007/1386/769
f 999/1378/770 998/1377/770 1005/1384/770 1006/1385/770
f 998/1377/771 997/1376/771 1004/1383/771 1005/1384/771
f 940/1312/772 996/1375/772 1003/1382/772 941/1313/772
f 996/1375/773 995/1374/773 1002/1381/773 1003/1382/773
f 995/1374/774 994/1373/774 1001/1380/774 1002/1381/774
f 994/1373/775 993/1372/775 1000/1379/775 1001/1380/775
f 993/1372/776 992/1371/776 999/1378/776 1000/1379/776
f 992/1371/777 991/1370/777 998/1377/777 999/1378/777
f 991/1370/778 990/1369/778 997/1376/778 998/1377/778
f 939/1311/779 989/1368/779 996/1375/779 940/1312/779
f 989/1368/780 988/1367/780 995/1374/780 996/1375/780
f 988/1367/781 987/1366/781 994/1373/781 995/1374/781
f 987/1366/782 986/1365/782 993/1372/782 994/1373/782
f 986/1365/783 985/1364/783 992/1371/783 993/1372/783
f 985/1364/784 984/1363/784 991/1370/784 992/1371/784
f 984/1363/785 983/1362/785 990/1369/785 991/1370/785
f 938/1310/786 982/1361/786 989/1368/786 939/1311/786
f 982/1361/787 981/1360/787 988/1367/787 989/1368/787
f 981/1360/788 980/1359/788 987/1366/788 988/1367/788
f 980/1359/789 979/1358/789 986/1365/789 987/1366/789
f 979/1358/790 978/1357/790 985/1364/790 986/1365/790
f 978/1357/791 977/1356/791 984/1363/791 985/1364/791
f 977/1356/792 976/1355/792 983/1362/792 984/1363/792
f 937/1309/793 969/1342/793 982/1361/793 938/1310/793
f 969/1342/794 970/1344/794 981/1360/794 982/1361/794
f 970/1344/795 971/1346/795 980/1359/795 981/1360/795
f 971/1346/796 972/1348/796 979/1358/796 980/1359/796
f 972/1348/797 973/1350/797 978/1357/797 979/1358/797
f 973/1350/798 974/1352/798 977/1356/798 978/1357/798
f 974/1352/799 975/1354/799 976/1355/799 977/1356/799
